,name,frequency,modeling_realm,standard_name,units,cell_methods,cell_measures,long_name,comment,processing_note,dimensions,out_name,type,positive,spatial_shape,temporal_shape,cmip6_table,physical_parameter_name,variableRootDD,branding_label,branded_variable_name,region,cmip6_compound_name,cmip7_compound_name,uid,priority,flag_values,flag_meanings
35,atmos.albisccp.tavg-u-hxy-cl.day.glb,day,atmos,cloud_albedo,1,area: time: mean where cloud (weighted by ISCCP total cloud area),area: areacella,ISCCP Mean Cloud Albedo,Time-means are weighted by the ISCCP Total Cloud Fraction - see  <https://www.cfmip.org/tools-and-data/cosp>. Values will be missing where there are no clouds or no sunlight.,"CHANGE SINCE CMIP6 in Cell Methods - CMIP6:area: time: mean where cloud CMIP7:area: time: mean where cloud (weighted by ISCCP total cloud area),",longitude latitude time,albisccp,real,,XY-na,time-intv,CFday,albisccp,albisccp,tavg-u-hxy-cl,albisccp_tavg-u-hxy-cl,glb,CFday.albisccp,atmos.albisccp.tavg-u-hxy-cl.day.glb,baa8144c-e5dd-11e5-8482-ac72891c3257,high,,
36,atmos.albisccp.tavg-u-hxy-cl.mon.glb,mon,atmos,cloud_albedo,1,area: time: mean where cloud (weighted by ISCCP total cloud area),area: areacella,ISCCP Mean Cloud Albedo,Time-means are weighted by the ISCCP Total Cloud Fraction - see  <https://www.cfmip.org/tools-and-data/cosp>. Values will be missing where there are no clouds or no sunlight.,"CHANGE SINCE CMIP6 in Cell Methods - CMIP6:area: time: mean where cloud CMIP7:area: time: mean where cloud (weighted by ISCCP total cloud area),",longitude latitude time,albisccp,real,,XY-na,time-intv,CFmon,albisccp,albisccp,tavg-u-hxy-cl,albisccp_tavg-u-hxy-cl,glb,CFmon.albisccp,atmos.albisccp.tavg-u-hxy-cl.mon.glb,baa817c6-e5dd-11e5-8482-ac72891c3257,high,,
38,atmos.ccb.tavg-u-hxy-ccl.day.glb,day,atmos,air_pressure_at_convective_cloud_base,Pa,area: time: mean where convective_cloud (weighted by total convective cloud area),area: areacella,Air Pressure at Convective Cloud Base,"Where convective cloud is present in the grid cell, the instantaneous cloud base altitude should be that of the bottom of the lowest level containing convective cloud. Missing data should be reported in the absence of convective cloud. The time mean should be calculated from these quantities averaging over occasions when convective cloud is present only, and should contain missing data for occasions when no convective cloud is present during the meaning period.","CHANGE SINCE CMIP6 in Cell Methods - CMIP6:area: time: mean CMIP7:area: time: mean where convective_cloud (weighted by total convective cloud area),",longitude latitude time,ccb,real,,XY-na,time-intv,CFday,ccb,ccb,tavg-u-hxy-ccl,ccb_tavg-u-hxy-ccl,glb,CFday.ccb,atmos.ccb.tavg-u-hxy-ccl.day.glb,baa929ea-e5dd-11e5-8482-ac72891c3257,high,,
39,atmos.ccb.tavg-u-hxy-ccl.mon.glb,mon,atmos,air_pressure_at_convective_cloud_base,Pa,area: time: mean where convective_cloud (weighted by total convective cloud area),area: areacella,Air Pressure at Convective Cloud Base,"Where convective cloud is present in the grid cell, the instantaneous cloud base altitude should be that of the bottom of the lowest level containing convective cloud. Missing data should be reported in the absence of convective cloud. The time mean should be calculated from these quantities averaging over occasions when convective cloud is present only, and should contain missing data for occasions when no convective cloud is present during the meaning period.","CHANGE SINCE CMIP6 in Cell Methods - CMIP6:area: time: mean CMIP7:area: time: mean where convective_cloud (weighted by total convective cloud area),",longitude latitude time,ccb,real,,XY-na,time-intv,Amon,ccb,ccb,tavg-u-hxy-ccl,ccb_tavg-u-hxy-ccl,glb,Amon.ccb,atmos.ccb.tavg-u-hxy-ccl.mon.glb,baa92652-e5dd-11e5-8482-ac72891c3257,high,,
40,atmos.cct.tavg-u-hxy-ccl.day.glb,day,atmos,air_pressure_at_convective_cloud_top,Pa,area: time: mean where convective_cloud (weighted by total convective cloud area),area: areacella,Air Pressure at Convective Cloud Top,"Where convective cloud is present in the grid cell, the instantaneous cloud top altitude should be that of the top of the highest level containing convective cloud. Missing data should be reported in the absence of convective cloud. The time mean should be calculated from these quantities averaging over occasions when convective cloud is present only, and should contain missing data for occasions when no convective cloud is present during the meaning period.","CHANGE SINCE CMIP6 in Cell Methods - CMIP6:area: time: mean CMIP7:area: time: mean where convective_cloud (weighted by total convective cloud area),",longitude latitude time,cct,real,,XY-na,time-intv,CFday,cct,cct,tavg-u-hxy-ccl,cct_tavg-u-hxy-ccl,glb,CFday.cct,atmos.cct.tavg-u-hxy-ccl.day.glb,baa96d92-e5dd-11e5-8482-ac72891c3257,high,,
41,atmos.cct.tavg-u-hxy-ccl.mon.glb,mon,atmos,air_pressure_at_convective_cloud_top,Pa,area: time: mean where convective_cloud (weighted by total convective cloud area),area: areacella,Air Pressure at Convective Cloud Top,"Where convective cloud is present in the grid cell, the instantaneous cloud top altitude should be that of the top of the highest level containing convective cloud. Missing data should be reported in the absence of convective cloud. The time mean should be calculated from these quantities averaging over occasions when convective cloud is present only, and should contain missing data for occasions when no convective cloud is present during the meaning period.","CHANGE SINCE CMIP6 in Cell Methods - CMIP6:area: time: mean CMIP7:area: time: mean where convective_cloud (weighted by total convective cloud area),",longitude latitude time,cct,real,,XY-na,time-intv,Amon,cct,cct,tavg-u-hxy-ccl,cct_tavg-u-hxy-ccl,glb,Amon.cct,atmos.cct.tavg-u-hxy-ccl.mon.glb,baa96a0e-e5dd-11e5-8482-ac72891c3257,high,,
42,atmos.ci.tavg-u-hxy-u.mon.glb,mon,atmos,convection_time_fraction,1,area: time: mean,area: areacella,Fraction of Time Convection Occurs in Cell,"Fraction of time that convection occurs in the grid cell. If native cell data is regridded, the area-weighted mean of the contributing cells should be reported.",,longitude latitude time,ci,real,,XY-na,time-intv,Amon,ci,ci,tavg-u-hxy-u,ci_tavg-u-hxy-u,glb,Amon.ci,atmos.ci.tavg-u-hxy-u.mon.glb,baaa3984-e5dd-11e5-8482-ac72891c3257,high,,
43,atmos.cl.tavg-al-hxy-u.mon.glb,mon,atmos,cloud_area_fraction_in_atmosphere_layer,%,area: time: mean,area: areacella,Percentage Cloud Cover,Includes both large-scale and convective cloud.,Report on model layers (not standard pressures).,longitude latitude alevel time,cl,real,,XY-A,time-intv,Amon,cl,cl,tavg-al-hxy-u,cl_tavg-al-hxy-u,glb,Amon.cl,atmos.cl.tavg-al-hxy-u.mon.glb,baaa4302-e5dd-11e5-8482-ac72891c3257,core,,
44,atmos.clc.tavg-al-hxy-u.mon.glb,mon,atmos,convective_cloud_area_fraction_in_atmosphere_layer,%,area: time: mean,area: areacella,Convective Cloud Area Percentage,Include only convective cloud.,,longitude latitude alevel time,clc,real,,XY-A,time-intv,CFmon,clc,clc,tavg-al-hxy-u,clc_tavg-al-hxy-u,glb,CFmon.clc,atmos.clc.tavg-al-hxy-u.mon.glb,baaa557c-e5dd-11e5-8482-ac72891c3257,high,,
45,atmos.clcalipso.tavg-220hPa-hxy-air.day.glb,day,atmos,cloud_area_fraction_in_atmosphere_layer,%,area: time: mean where air,area: areacella,CALIPSO High Level Cloud Area Percentage,Percentage cloud cover in layer centred on 220hPa,"CHANGE SINCE CMIP6 in Cell Methods - CMIP6:area: time: mean CMIP7:area: time: mean where air,",longitude latitude time p220,clcalipso,real,,XY-na,time-intv,CFday,clhcalipso,clcalipso,tavg-220hPa-hxy-air,clcalipso_tavg-220hPa-hxy-air,glb,CFday.clhcalipso,atmos.clcalipso.tavg-220hPa-hxy-air.day.glb,baaa766a-e5dd-11e5-8482-ac72891c3257,high,,
46,atmos.clcalipso.tavg-220hPa-hxy-air.mon.glb,mon,atmos,cloud_area_fraction_in_atmosphere_layer,%,area: time: mean where air,area: areacella,CALIPSO High Level Cloud Area Percentage,Percentage cloud cover in layer centred on 220hPa,"CHANGE SINCE CMIP6 in Cell Methods - CMIP6:area: time: mean CMIP7:area: time: mean where air,",longitude latitude time p220,clcalipso,real,,XY-na,time-intv,CFmon,clhcalipso,clcalipso,tavg-220hPa-hxy-air,clcalipso_tavg-220hPa-hxy-air,glb,CFmon.clhcalipso,atmos.clcalipso.tavg-220hPa-hxy-air.mon.glb,baaa7818-e5dd-11e5-8482-ac72891c3257,high,,
47,atmos.clcalipso.tavg-560hPa-hxy-air.day.glb,day,atmos,cloud_area_fraction_in_atmosphere_layer,%,area: time: mean where air,area: areacella,CALIPSO Mid Level Cloud Cover Percentage,Percentage cloud cover in layer centred on 560hPa,"CHANGE SINCE CMIP6 in Cell Methods - CMIP6:area: time: mean CMIP7:area: time: mean where air,",longitude latitude time p560,clcalipso,real,,XY-na,time-intv,CFday,clmcalipso,clcalipso,tavg-560hPa-hxy-air,clcalipso_tavg-560hPa-hxy-air,glb,CFday.clmcalipso,atmos.clcalipso.tavg-560hPa-hxy-air.day.glb,baaabf08-e5dd-11e5-8482-ac72891c3257,high,,
48,atmos.clcalipso.tavg-560hPa-hxy-air.mon.glb,mon,atmos,cloud_area_fraction_in_atmosphere_layer,%,area: time: mean where air,area: areacella,CALIPSO Mid Level Cloud Cover Percentage,Percentage cloud cover in layer centred on 560hPa,"CHANGE SINCE CMIP6 in Cell Methods - CMIP6:area: time: mean CMIP7:area: time: mean where air,",longitude latitude time p560,clcalipso,real,,XY-na,time-intv,CFmon,clmcalipso,clcalipso,tavg-560hPa-hxy-air,clcalipso_tavg-560hPa-hxy-air,glb,CFmon.clmcalipso,atmos.clcalipso.tavg-560hPa-hxy-air.mon.glb,baaac0de-e5dd-11e5-8482-ac72891c3257,high,,
49,atmos.clcalipso.tavg-840hPa-hxy-air.day.glb,day,atmos,cloud_area_fraction_in_atmosphere_layer,%,area: time: mean where air,area: areacella,CALIPSO Low Level Cloud Cover Percentage,Percentage cloud cover in layer centred on 840hPa,"CHANGE SINCE CMIP6 in Cell Methods - CMIP6:area: time: mean CMIP7:area: time: mean where air,",longitude latitude time p840,clcalipso,real,,XY-na,time-intv,CFday,cllcalipso,clcalipso,tavg-840hPa-hxy-air,clcalipso_tavg-840hPa-hxy-air,glb,CFday.cllcalipso,atmos.clcalipso.tavg-840hPa-hxy-air.day.glb,baaab2e2-e5dd-11e5-8482-ac72891c3257,high,,
50,atmos.clcalipso.tavg-840hPa-hxy-air.mon.glb,mon,atmos,cloud_area_fraction_in_atmosphere_layer,%,area: time: mean where air,area: areacella,CALIPSO Low Level Cloud Cover Percentage,Percentage cloud cover in layer centred on 840hPa,"CHANGE SINCE CMIP6 in Cell Methods - CMIP6:area: time: mean CMIP7:area: time: mean where air,",longitude latitude time p840,clcalipso,real,,XY-na,time-intv,CFmon,cllcalipso,clcalipso,tavg-840hPa-hxy-air,clcalipso_tavg-840hPa-hxy-air,glb,CFmon.cllcalipso,atmos.clcalipso.tavg-840hPa-hxy-air.mon.glb,baaab4b8-e5dd-11e5-8482-ac72891c3257,high,,
51,atmos.clcalipso.tavg-h40-hxy-air.mon.glb,mon,atmos,cloud_area_fraction_in_atmosphere_layer,%,area: time: mean where air,area: areacella,CALIPSO Percentage Cloud Cover,Percentage cloud cover in CALIPSO standard atmospheric layers.,"40 height levels. CHANGE SINCE CMIP6 in Cell Methods - CMIP6:time: mean CMIP7:area: time: mean where air,",longitude latitude alt40 time,clcalipso,real,,XY-H40,time-intv,CFmon,clcalipso,clcalipso,tavg-h40-hxy-air,clcalipso_tavg-h40-hxy-air,glb,CFmon.clcalipso,atmos.clcalipso.tavg-h40-hxy-air.mon.glb,baaa5db0-e5dd-11e5-8482-ac72891c3257,high,,
52,atmos.cldnci.tavg-u-hxy-cl.day.glb,day,atmos,number_concentration_of_ice_crystals_in_air_at_ice_cloud_top,m-3,"area: time: mean where cloud (mean over the portion of the cell containing ice topped cloud, as seen from top of atmosphere)",area: areacella,Ice Crystal Number Concentration of Cloud Tops,"Concentration 'as seen from space' over ice-cloud portion of grid cell.  This is the value from uppermost model layer with ice cloud or, if available, it is the sum over all ice cloud tops, no matter where they occur, as long as they are seen from the top of the atmosphere. Weight by total ice cloud top fraction (as seen from TOA) of each time sample when computing monthly mean.","CHANGE SINCE CMIP6 in Cell Methods - CMIP6:area: time: mean CMIP7:area: time: mean where cloud (mean over the portion of the cell containing ice topped cloud, as seen from top of atmosphere),",longitude latitude time,cldnci,real,,XY-na,time-intv,Eday,cldnci,cldnci,tavg-u-hxy-cl,cldnci_tavg-u-hxy-cl,glb,Eday.cldnci,atmos.cldnci.tavg-u-hxy-cl.day.glb,7d8c38bc-1ab7-11e7-8dfc-5404a60d96b5,low,,
53,atmos.cldnvi.tavg-u-hxy-u.day.glb,day,atmos,atmosphere_number_content_of_cloud_droplets,m-2,area: time: mean,area: areacella,Column Integrated Cloud Droplet Number,"Droplets are liquid only.  Values are weighted by liquid cloud fraction in each layer when vertically integrating, and for monthly means the samples are weighted by total liquid cloud fraction (as seen from TOA).",,longitude latitude time,cldnvi,real,,XY-na,time-intv,Eday,cldnvi,cldnvi,tavg-u-hxy-u,cldnvi_tavg-u-hxy-u,glb,Eday.cldnvi,atmos.cldnvi.tavg-u-hxy-u.day.glb,7d8c7188-1ab7-11e7-8dfc-5404a60d96b5,high,,
54,atmos.cli.tavg-al-hxy-u.mon.glb,mon,atmos,mass_fraction_of_cloud_ice_in_air,kg kg-1,area: time: mean,area: areacella,Mass Fraction of Cloud Ice,Includes both large-scale and convective cloud.  This is calculated as the mass of cloud ice in the grid cell divided by the mass of air (including the water in all phases) in the grid cell. It includes precipitating hydrometeors ONLY if the precipitating hydrometeors affect the calculation of radiative transfer in model.,Report on model layers (not standard pressures).,longitude latitude alevel time,cli,real,,XY-A,time-intv,Amon,cli,cli,tavg-al-hxy-u,cli_tavg-al-hxy-u,glb,Amon.cli,atmos.cli.tavg-al-hxy-u.mon.glb,baaa8326-e5dd-11e5-8482-ac72891c3257,core,,
55,atmos.clic.tavg-al-hxy-u.mon.glb,mon,atmos,mass_fraction_of_convective_cloud_ice_in_air,1,area: time: mean,area: areacella,Mass Fraction of Convective Cloud Ice,Calculated as the mass of convective cloud ice  in the grid cell divided by the mass of air (including the water in all phases) in the grid cell.  This includes precipitating hydrometeors ONLY if the precipitating hydrometeors affect the calculation of radiative transfer in model.,,longitude latitude alevel time,clic,real,,XY-A,time-intv,CFmon,clic,clic,tavg-al-hxy-u,clic_tavg-al-hxy-u,glb,CFmon.clic,atmos.clic.tavg-al-hxy-u.mon.glb,baaa8aa6-e5dd-11e5-8482-ac72891c3257,high,,
56,atmos.clis.tavg-al-hxy-u.mon.glb,mon,atmos,mass_fraction_of_stratiform_cloud_ice_in_air,1,area: time: mean,area: areacella,Mass Fraction of Stratiform Cloud Ice,Calculated as the mass of stratiform cloud ice  in the grid cell divided by the mass of air (including the water in all phases) in the grid cell.  This includes precipitating hydrometeors ONLY if the precipitating hydrometeors affect the calculation of radiative transfer in model.,,longitude latitude alevel time,clis,real,,XY-A,time-intv,CFmon,clis,clis,tavg-al-hxy-u,clis_tavg-al-hxy-u,glb,CFmon.clis,atmos.clis.tavg-al-hxy-u.mon.glb,baaa8cd6-e5dd-11e5-8482-ac72891c3257,high,,
57,atmos.clisccp.tavg-p7c-hxy-air.mon.glb,mon,atmos,isccp_cloud_area_fraction,%,area: time: mean where air,area: areacella,ISCCP Cloud Area Percentage,Percentage cloud cover in optical depth categories.,"7 levels x 7 tau. CHANGE SINCE CMIP6 in Cell Methods - CMIP6:area: time: mean CMIP7:area: time: mean where air,",longitude latitude plev7c tau time,clisccp,real,,XY-P7,time-intv,CFmon,clisccp,clisccp,tavg-p7c-hxy-air,clisccp_tavg-p7c-hxy-air,glb,CFmon.clisccp,atmos.clisccp.tavg-p7c-hxy-air.mon.glb,2ab325ee-c07e-11e6-8775-5404a60d96b5,high,,
58,atmos.clivi.tavg-u-hxy-u.day.glb,day,atmos,atmosphere_mass_content_of_cloud_ice,kg m-2,area: time: mean,area: areacella,Ice Water Path,calculate mass of ice water in the column divided by the area of the column (not just the area of the cloudy portion of the column). This includes precipitating frozen hydrometeors ONLY if the precipitating hydrometeors affect the calculation of radiative transfer in model.,,longitude latitude time,clivi,real,,XY-na,time-intv,CFday,clivi,clivi,tavg-u-hxy-u,clivi_tavg-u-hxy-u,glb,CFday.clivi,atmos.clivi.tavg-u-hxy-u.day.glb,baaa9cc6-e5dd-11e5-8482-ac72891c3257,high,,
59,atmos.clivi.tavg-u-hxy-u.mon.glb,mon,atmos,atmosphere_mass_content_of_cloud_ice,kg m-2,area: time: mean,area: areacella,Ice Water Path,mass of ice water in the column divided by the area of the column (not just the area of the cloudy portion of the column). Includes precipitating frozen hydrometeors ONLY if the precipitating hydrometeor affects the calculation of radiative transfer in model.,,longitude latitude time,clivi,real,,XY-na,time-intv,Amon,clivi,clivi,tavg-u-hxy-u,clivi_tavg-u-hxy-u,glb,Amon.clivi,atmos.clivi.tavg-u-hxy-u.mon.glb,baaa9852-e5dd-11e5-8482-ac72891c3257,core,,
60,atmos.clivic.tavg-u-hxy-u.day.glb,day,atmos,atmosphere_mass_content_of_convective_cloud_ice,kg m-2,area: time: mean,area: areacella,Convective Ice Water Path,calculate mass of convective ice water in the column divided by the area of the column (not just the area of the cloudy portion of the column). This includes precipitating frozen hydrometeors ONLY if the precipitating hydrometeors affect the calculation of radiative transfer in model.,,longitude latitude time,clivic,real,,XY-na,time-intv,Eday,clivic,clivic,tavg-u-hxy-u,clivic_tavg-u-hxy-u,glb,Eday.clivic,atmos.clivic.tavg-u-hxy-u.day.glb,8b8a3932-4a5b-11e6-9cd2-ac72891c3257,high,,
61,atmos.clmisr.tavg-h16-hxy-air.mon.glb,mon,atmos,cloud_area_fraction_in_atmosphere_layer,%,area: time: mean where air,area: areacella,Percentage Cloud Cover as Calculated by the MISR Simulator (Including Error Flag),MISR cloud area fraction,"CHANGE SINCE CMIP6 in Cell Methods - CMIP6:area: time: mean CMIP7:area: time: mean where air,",longitude latitude alt16 tau time,clmisr,real,,XY-H16,time-intv,Emon,clmisr,clmisr,tavg-h16-hxy-air,clmisr_tavg-h16-hxy-air,glb,Emon.clmisr,atmos.clmisr.tavg-h16-hxy-air.mon.glb,8b8a51ce-4a5b-11e6-9cd2-ac72891c3257,high,,
62,atmos.cls.tavg-al-hxy-u.mon.glb,mon,atmos,stratiform_cloud_area_fraction_in_atmosphere_layer,%,area: time: mean,area: areacella,Percentage Cover of Stratiform Cloud,"Cloud area fraction (reported as a percentage) for the whole atmospheric column due to stratiform clouds, as seen from the surface or the top of the atmosphere. Includes both large-scale and convective cloud.",,longitude latitude alevel time,cls,real,,XY-A,time-intv,CFmon,cls,cls,tavg-al-hxy-u,cls_tavg-al-hxy-u,glb,CFmon.cls,atmos.cls.tavg-al-hxy-u.mon.glb,baaac764-e5dd-11e5-8482-ac72891c3257,high,,
63,atmos.clt.tavg-u-hxy-u.day.glb,day,atmos,cloud_area_fraction,%,area: time: mean,area: areacella,Total Cloud Cover Percentage,"for the whole atmospheric column, as seen from the surface or the top of the atmosphere. Includes both large-scale and convective cloud.",,longitude latitude time,clt,real,,XY-na,time-intv,day,clt,clt,tavg-u-hxy-u,clt_tavg-u-hxy-u,glb,day.clt,atmos.clt.tavg-u-hxy-u.day.glb,baaace4e-e5dd-11e5-8482-ac72891c3257,core,,
64,atmos.clt.tavg-u-hxy-u.mon.glb,mon,atmos,cloud_area_fraction,%,area: time: mean,area: areacella,Total Cloud Cover Percentage,"for the whole atmospheric column, as seen from the surface or the top of the atmosphere. Include both large-scale and convective cloud.",,longitude latitude time,clt,real,,XY-na,time-intv,Amon,clt,clt,tavg-u-hxy-u,clt_tavg-u-hxy-u,glb,Amon.clt,atmos.clt.tavg-u-hxy-u.mon.glb,baaad7e0-e5dd-11e5-8482-ac72891c3257,core,,
65,atmos.cltcalipso.tavg-u-hxy-u.day.glb,day,atmos,cloud_area_fraction,%,area: time: mean,area: areacella,CALIPSO Total Cloud Cover Percentage,"Total cloud area fraction (reported as a percentage) for the whole atmospheric column, as seen by the  Cloud-Aerosol Lidar and Infrared Pathfinder Satellite Observation (CALIPSO) instrument. Includes both large-scale and convective cloud.",,longitude latitude time,cltcalipso,real,,XY-na,time-intv,CFday,cltcalipso,cltcalipso,tavg-u-hxy-u,cltcalipso_tavg-u-hxy-u,glb,CFday.cltcalipso,atmos.cltcalipso.tavg-u-hxy-u.day.glb,baaaf2e8-e5dd-11e5-8482-ac72891c3257,high,,
66,atmos.cltcalipso.tavg-u-hxy-u.mon.glb,mon,atmos,cloud_area_fraction,%,area: time: mean,area: areacella,CALIPSO Total Cloud Cover Percentage,"Total cloud area fraction (reported as a percentage) for the whole atmospheric column, as seen by the  Cloud-Aerosol Lidar and Infrared Pathfinder Satellite Observation (CALIPSO) instrument. Includes both large-scale and convective cloud.",,longitude latitude time,cltcalipso,real,,XY-na,time-intv,CFmon,cltcalipso,cltcalipso,tavg-u-hxy-u,cltcalipso_tavg-u-hxy-u,glb,CFmon.cltcalipso,atmos.cltcalipso.tavg-u-hxy-u.mon.glb,baaaf4a0-e5dd-11e5-8482-ac72891c3257,high,,
67,atmos.cltisccp.tavg-u-hxy-u.day.glb,day,atmos,cloud_area_fraction,%,area: time: mean,area: areacella,ISCCP Total Cloud Cover Percentage,"Total cloud area fraction (reported as a percentage) for the whole atmospheric column, as seen by the International Satellite Cloud Climatology Project (ISCCP) analysis. Includes both large-scale and convective cloud.  (MODIS). Includes both large-scale and convective cloud.",,longitude latitude time,cltisccp,real,,XY-na,time-intv,CFday,cltisccp,cltisccp,tavg-u-hxy-u,cltisccp_tavg-u-hxy-u,glb,CFday.cltisccp,atmos.cltisccp.tavg-u-hxy-u.day.glb,baaaf8a6-e5dd-11e5-8482-ac72891c3257,high,,
68,atmos.cltisccp.tavg-u-hxy-u.mon.glb,mon,atmos,cloud_area_fraction,%,area: time: mean,area: areacella,ISCCP Total Cloud Cover Percentage,"Total cloud area fraction (reported as a percentage) for the whole atmospheric column, as seen by the International Satellite Cloud Climatology Project (ISCCP) analysis. Includes both large-scale and convective cloud.  (MODIS). Includes both large-scale and convective cloud.",,longitude latitude time,cltisccp,real,,XY-na,time-intv,CFmon,cltisccp,cltisccp,tavg-u-hxy-u,cltisccp_tavg-u-hxy-u,glb,CFmon.cltisccp,atmos.cltisccp.tavg-u-hxy-u.mon.glb,baaafa68-e5dd-11e5-8482-ac72891c3257,high,,
69,atmos.clw.tavg-al-hxy-u.mon.glb,mon,atmos,mass_fraction_of_cloud_liquid_water_in_air,kg kg-1,area: time: mean,area: areacella,Mass Fraction of Cloud Liquid Water,Includes both large-scale and convective cloud.  Calculate as the mass of cloud liquid water in the grid cell divided by the mass of air (including the water in all phases) in the grid cells. Precipitating hydrometeors are included ONLY if the precipitating hydrometeors affect the calculation of radiative transfer in model.,Report on model layers (not standard pressures).,longitude latitude alevel time,clw,real,,XY-A,time-intv,Amon,clw,clw,tavg-al-hxy-u,clw_tavg-al-hxy-u,glb,Amon.clw,atmos.clw.tavg-al-hxy-u.mon.glb,baab0382-e5dd-11e5-8482-ac72891c3257,core,,
70,atmos.clwc.tavg-al-hxy-u.mon.glb,mon,atmos,mass_fraction_of_convective_cloud_liquid_water_in_air,1,area: time: mean,area: areacella,Mass Fraction of Convective Cloud Liquid Water,Calculated as the mass of convective cloud liquid water in the grid cell divided by the mass of air (including the water in all phases) in the grid cell.  This includes precipitating hydrometeors ONLY if the precipitating hydrometeors affect the calculation of radiative transfer in model.,,longitude latitude alevel time,clwc,real,,XY-A,time-intv,CFmon,clwc,clwc,tavg-al-hxy-u,clwc_tavg-al-hxy-u,glb,CFmon.clwc,atmos.clwc.tavg-al-hxy-u.mon.glb,baab0b2a-e5dd-11e5-8482-ac72891c3257,high,,
71,atmos.clws.tavg-al-hxy-u.mon.glb,mon,atmos,mass_fraction_of_stratiform_cloud_liquid_water_in_air,1,area: time: mean,area: areacella,Mass Fraction of Stratiform Cloud Liquid Water,Calculated as the mass of stratiform cloud liquid water in the grid cell divided by the mass of air (including the water in all phases) in the grid cell.  This includes precipitating hydrometeors ONLY if the precipitating hydrometeors affect the calculation of radiative transfer in model.,,longitude latitude alevel time,clws,real,,XY-A,time-intv,CFmon,clws,clws,tavg-al-hxy-u,clws_tavg-al-hxy-u,glb,CFmon.clws,atmos.clws.tavg-al-hxy-u.mon.glb,baab0f3a-e5dd-11e5-8482-ac72891c3257,high,,
72,atmos.clwvi.tavg-u-hxy-u.day.glb,day,atmos,atmosphere_mass_content_of_cloud_condensed_water,kg m-2,area: time: mean,area: areacella,Condensed Water Path,calculate mass of condensed (liquid + ice) water in the column divided by the area of the column (not just the area of the cloudy portion of the column). This includes precipitating hydrometeors ONLY if the precipitating hydrometeors affect the calculation of radiative transfer in model.,,longitude latitude time,clwvi,real,,XY-na,time-intv,CFday,clwvi,clwvi,tavg-u-hxy-u,clwvi_tavg-u-hxy-u,glb,CFday.clwvi,atmos.clwvi.tavg-u-hxy-u.day.glb,baab15a2-e5dd-11e5-8482-ac72891c3257,high,,
73,atmos.clwvi.tavg-u-hxy-u.mon.glb,mon,atmos,atmosphere_mass_content_of_cloud_condensed_water,kg m-2,area: time: mean,area: areacella,Condensed Water Path,mass of condensed (liquid + ice) water in the column divided by the area of the column (not just the area of the cloudy portion of the column). Includes precipitating hydrometeors ONLY if the precipitating hydrometeor affects the calculation of radiative transfer in model.,,longitude latitude time,clwvi,real,,XY-na,time-intv,Amon,clwvi,clwvi,tavg-u-hxy-u,clwvi_tavg-u-hxy-u,glb,Amon.clwvi,atmos.clwvi.tavg-u-hxy-u.mon.glb,baab1818-e5dd-11e5-8482-ac72891c3257,core,,
74,atmos.clwvic.tavg-u-hxy-u.day.glb,day,atmos,atmosphere_mass_content_of_convective_cloud_condensed_water,kg m-2,area: time: mean,area: areacella,Convective Condensed Water Path,calculate mass of convective condensed (liquid + ice) water in the column divided by the area of the column (not just the area of the cloudy portion of the column). This includes precipitating hydrometeors ONLY if the precipitating hydrometeors affect the calculation of radiative transfer in model.,,longitude latitude time,clwvic,real,,XY-na,time-intv,Eday,clwvic,clwvic,tavg-u-hxy-u,clwvic_tavg-u-hxy-u,glb,Eday.clwvic,atmos.clwvic.tavg-u-hxy-u.day.glb,8b8a33ce-4a5b-11e6-9cd2-ac72891c3257,high,,
79,atmos.co23D.tavg-al-hxy-u.mon.glb,mon,atmos,mass_fraction_of_carbon_dioxide_tracer_in_air,kg kg-1,area: time: mean,area: areacella,3D-Field of Transported CO2,requested for all Emissions-driven runs,,longitude latitude alevel time,co23D,real,,XY-A,time-intv,Emon,co23D,co23D,tavg-al-hxy-u,co23D_tavg-al-hxy-u,glb,Emon.co23D,atmos.co23D.tavg-al-hxy-u.mon.glb,e705484a-aa7f-11e6-9a4a-5404a60d96b5,high,,
80,atmos.co2mass.tavg-u-hm-u.mon.glb,mon,atmos,atmosphere_mass_of_carbon_dioxide,kg,height: sum (through atmospheric column) area: sum time: mean,,Total Atmospheric Mass of CO2,Total atmospheric mass of Carbon Dioxide,"For some simulations (e.g., prescribed concentration pi-control run), this will not vary from one year to the next, and so report instead the variable described in the next table entry.  If CO2 is spatially nonuniform, omit this field, but report Mole Fraction of CO2 (see the table entry before the previous one). CHANGE SINCE CMIP6 in Cell Methods - CMIP6:area: time: mean CMIP7:height: sum (through atmospheric column) area: sum time: mean,",time,co2mass,real,,na-na,time-intv,Amon,co2mass,co2mass,tavg-u-hm-u,co2mass_tavg-u-hm-u,glb,Amon.co2mass,atmos.co2mass.tavg-u-hm-u.mon.glb,baab2d9e-e5dd-11e5-8482-ac72891c3257,high,,
81,atmos.dmc.tavg-alh-hxy-u.mon.glb,mon,atmos,atmosphere_net_upward_deep_convective_mass_flux,kg m-2 s-1,area: time: mean,area: areacella,Deep Convective Mass Flux,The net mass flux  represents the difference between the updraft and downdraft components.   This is calculated as the convective mass flux divided by the area of the whole grid cell (not just the area of the cloud).,"Report on model half-levels (i.e., model layer bounds and not standard pressures).",longitude latitude alevhalf time,dmc,real,up,XY-AH,time-intv,CFmon,dmc,dmc,tavg-alh-hxy-u,dmc_tavg-alh-hxy-u,glb,CFmon.dmc,atmos.dmc.tavg-alh-hxy-u.mon.glb,baac1790-e5dd-11e5-8482-ac72891c3257,high,,
82,atmos.edt.tavg-al-hxy-u.mon.glb,mon,atmos,atmosphere_heat_diffusivity,m2 s-1,area: time: mean,area: areacella,Eddy Diffusivity Coefficient for Temperature,Vertical diffusion coefficient for temperature due to parametrised eddies,,longitude latitude alevel time,edt,real,,XY-A,time-intv,CFmon,edt,edt,tavg-al-hxy-u,edt_tavg-al-hxy-u,glb,CFmon.edt,atmos.edt.tavg-al-hxy-u.mon.glb,a94cab8c-817c-11e6-a4e2-5404a60d96b5,high,,
84,atmos.evu.tavg-al-hxy-u.mon.glb,mon,atmos,atmosphere_momentum_diffusivity,m2 s-1,area: time: mean,area: areacella,Eddy Viscosity Coefficient for Momentum,Vertical diffusion coefficient for momentum due to parametrised eddies,,longitude latitude alevel time,evu,real,,XY-A,time-intv,CFmon,evu,evu,tavg-al-hxy-u,evu_tavg-al-hxy-u,glb,CFmon.evu,atmos.evu.tavg-al-hxy-u.mon.glb,a94c9fc0-817c-11e6-a4e2-5404a60d96b5,high,,
85,atmos.fco2antt.tavg-u-hxy-u.mon.glb,mon,atmos,tendency_of_atmosphere_mass_content_of_carbon_dioxide_expressed_as_carbon_due_to_anthropogenic_emission,kg m-2 s-1,area: time: mean,area: areacella,Carbon Mass Flux into Atmosphere Due to All Anthropogenic Emissions of CO2 [kgC m-2 s-1],"This is requested only for the emission-driven coupled carbon climate model runs.  Does not include natural fire sources but, includes all anthropogenic sources, including fossil fuel use, cement production, agricultural burning, and sources associated with anthropogenic land use change excluding forest regrowth.",,longitude latitude time,fco2antt,real,,XY-na,time-intv,Amon,fco2antt,fco2antt,tavg-u-hxy-u,fco2antt_tavg-u-hxy-u,glb,Amon.fco2antt,atmos.fco2antt.tavg-u-hxy-u.mon.glb,baaddada-e5dd-11e5-8482-ac72891c3257,high,,
86,atmos.fco2fos.tavg-u-hxy-u.mon.glb,mon,atmos,tendency_of_atmosphere_mass_content_of_carbon_dioxide_expressed_as_carbon_due_to_emission_from_fossil_fuel_combustion,kg m-2 s-1,area: time: mean,area: areacella,Carbon Mass Flux into Atmosphere Due to Fossil Fuel Emissions of CO2 [kgC m-2 s-1],"This is the prescribed anthropogenic CO2 flux from fossil fuel use, including cement production, and flaring (but not from land-use changes, agricultural burning, forest regrowth, etc.)",This is requested only for the emission-driven coupled carbon climate model runs.,longitude latitude time,fco2fos,real,,XY-na,time-intv,Amon,fco2fos,fco2fos,tavg-u-hxy-u,fco2fos_tavg-u-hxy-u,glb,Amon.fco2fos,atmos.fco2fos.tavg-u-hxy-u.mon.glb,baade44e-e5dd-11e5-8482-ac72891c3257,high,,
87,atmos.fco2nat.tavg-u-hxy-u.mon.glb,mon,atmos,surface_upward_mass_flux_of_carbon_dioxide_expressed_as_carbon_due_to_emission_from_natural_sources,kg m-2 s-1,area: time: mean,area: areacella,Surface Carbon Mass Flux into the Atmosphere Due to Natural Sources [kgC m-2 s-1],"This is what the atmosphere sees (on its own grid).  This field should be equivalent to the combined natural fluxes of carbon (requested in the L_mon and O_mon tables) that account for natural exchanges between the atmosphere and land or ocean reservoirs (i.e., ""net ecosystem biospheric productivity"", for land, and ""air to sea CO2 flux"", for ocean.)",Report from all simulations (both emission-driven and concentration-driven) performed by models with fully interactive and responsive carbon cycles.,longitude latitude time,fco2nat,real,,XY-na,time-intv,Amon,fco2nat,fco2nat,tavg-u-hxy-u,fco2nat_tavg-u-hxy-u,glb,Amon.fco2nat,atmos.fco2nat.tavg-u-hxy-u.mon.glb,baaded68-e5dd-11e5-8482-ac72891c3257,high,,
88,atmos.hfls.tavg-u-hxy-u.day.glb,day,atmos,surface_upward_latent_heat_flux,W m-2,area: time: mean,area: areacella,Surface Upward Latent Heat Flux,"The surface called ""surface"" means the lower boundary of the atmosphere. ""Upward"" indicates a vector component which is positive when directed upward (negative downward). The surface latent heat flux is the exchange of heat between the surface and the air on account of evaporation (including sublimation). In accordance with common usage in geophysical disciplines, ""flux"" implies per unit area, called ""flux density"" in physics.",,longitude latitude time,hfls,real,up,XY-na,time-intv,day,hfls,hfls,tavg-u-hxy-u,hfls_tavg-u-hxy-u,glb,day.hfls,atmos.hfls.tavg-u-hxy-u.day.glb,baaf0a9a-e5dd-11e5-8482-ac72891c3257,high,,
89,atmos.hfls.tavg-u-hxy-u.mon.glb,mon,atmos,surface_upward_latent_heat_flux,W m-2,area: time: mean,area: areacella,Surface Upward Latent Heat Flux,includes both evaporation and sublimation,,longitude latitude time,hfls,real,up,XY-na,time-intv,Amon,hfls,hfls,tavg-u-hxy-u,hfls_tavg-u-hxy-u,glb,Amon.hfls,atmos.hfls.tavg-u-hxy-u.mon.glb,baaefe2e-e5dd-11e5-8482-ac72891c3257,core,,
90,atmos.hfss.tavg-u-hxy-u.day.glb,day,atmos,surface_upward_sensible_heat_flux,W m-2,area: time: mean,area: areacella,Surface Upward Sensible Heat Flux,"The surface sensible heat flux, also called turbulent heat flux, is the exchange of heat between the surface and the air by motion of air.",,longitude latitude time,hfss,real,up,XY-na,time-intv,day,hfss,hfss,tavg-u-hxy-u,hfss_tavg-u-hxy-u,glb,day.hfss,atmos.hfss.tavg-u-hxy-u.day.glb,baaf91cc-e5dd-11e5-8482-ac72891c3257,high,,
91,atmos.hfss.tavg-u-hxy-u.mon.glb,mon,atmos,surface_upward_sensible_heat_flux,W m-2,area: time: mean,area: areacella,Surface Upward Sensible Heat Flux,"The surface sensible heat flux, also called turbulent heat flux, is the exchange of heat between the surface and the air by motion of air.",,longitude latitude time,hfss,real,up,XY-na,time-intv,Amon,hfss,hfss,tavg-u-hxy-u,hfss_tavg-u-hxy-u,glb,Amon.hfss,atmos.hfss.tavg-u-hxy-u.mon.glb,baaf86a0-e5dd-11e5-8482-ac72891c3257,core,,
92,atmos.hur.tavg-al-hxy-u.mon.glb,mon,atmos,relative_humidity,%,area: time: mean,area: areacella,Relative Humidity,"The relative humidity with respect to liquid water for T> 0 C, and with respect to ice for T<0 C.",,longitude latitude alevel time,hur,real,,XY-A,time-intv,CFmon,hur,hur,tavg-al-hxy-u,hur_tavg-al-hxy-u,glb,CFmon.hur,atmos.hur.tavg-al-hxy-u.mon.glb,baafe8fc-e5dd-11e5-8482-ac72891c3257,high,,
93,atmos.hur.tavg-p19-hxy-air.mon.glb,mon,atmos,relative_humidity,%,area: time: mean where air,area: areacella,Relative Humidity,"This is the relative humidity with respect to liquid water for T> 0 C, and with respect to ice for T<0 C.","CHANGE SINCE CMIP6 in Cell Methods - CMIP6:time: mean CMIP7:area: time: mean where air,",longitude latitude plev19 time,hur,real,,XY-P19,time-intv,Amon,hur,hur,tavg-p19-hxy-air,hur_tavg-p19-hxy-air,glb,Amon.hur,atmos.hur.tavg-p19-hxy-air.mon.glb,baafe578-e5dd-11e5-8482-ac72891c3257,core,,
94,atmos.hur.tavg-p19-hxy-u.day.glb,day,atmos,relative_humidity,%,time: mean,area: areacella,Relative Humidity,"This is the relative humidity with respect to liquid water for T> 0 C, and with respect to ice for T<0 C.","CHANGE SINCE CMIP6 in Dimensions - CMIP6:longitude latitude plev8 time CMIP7:longitude latitude plev19 time,",longitude latitude plev19 time,hur,real,,XY-P19,time-intv,day,hur,hur,tavg-p19-hxy-u,hur_tavg-p19-hxy-u,glb,day.hur,atmos.hur.tavg-p19-hxy-u.day.glb,baafec80-e5dd-11e5-8482-ac72891c3257,core,,
95,atmos.hurs.tavg-h2m-hxy-u.6hr.glb,6hr,atmos,relative_humidity,%,area: time: mean,area: areacella,Near-Surface Relative Humidity,"The relative humidity with respect to liquid water for T> 0 C, and with respect to ice for T<0 C.",,longitude latitude time height2m,hurs,real,,XY-na,time-intv,6hrPlev,hurs,hurs,tavg-h2m-hxy-u,hurs_tavg-h2m-hxy-u,glb,6hrPlev.hurs,atmos.hurs.tavg-h2m-hxy-u.6hr.glb,917b8532-267c-11e7-8933-ac72891c3257,core,,
96,atmos.hurs.tavg-h2m-hxy-u.day.glb,day,atmos,relative_humidity,%,area: time: mean,area: areacella,Near-Surface Relative Humidity,"This is the relative humidity with respect to liquid water for T> 0 C, and with respect to ice for T<0 C.",normally report this at 2 meters above the surface,longitude latitude time height2m,hurs,real,,XY-na,time-intv,day,hurs,hurs,tavg-h2m-hxy-u,hurs_tavg-h2m-hxy-u,glb,day.hurs,atmos.hurs.tavg-h2m-hxy-u.day.glb,5a070350-c77d-11e6-8a33-5404a60d96b5,core,,
97,atmos.hurs.tavg-h2m-hxy-u.mon.glb,mon,atmos,relative_humidity,%,area: time: mean,area: areacella,Near-Surface Relative Humidity,"This is the relative humidity with respect to liquid water for T> 0 C, and with respect to ice for T<0 C.","express as a percentage.  Normally, the relative humidity  should be reported at the 2 meter height",longitude latitude time height2m,hurs,real,,XY-na,time-intv,Amon,hurs,hurs,tavg-h2m-hxy-u,hurs_tavg-h2m-hxy-u,glb,Amon.hurs,atmos.hurs.tavg-h2m-hxy-u.mon.glb,baaff41e-e5dd-11e5-8482-ac72891c3257,core,,
98,atmos.hurs.tmax-h2m-hxy-u.day.glb,day,atmos,relative_humidity,%,area: mean time: maximum,area: areacella,Daily Maximum Near-Surface Relative Humidity,"This is the relative humidity with respect to liquid water for T> 0 C, and with respect to ice for T<0 C.",normally report this at 2 meters above the surface,longitude latitude time height2m,hurs,real,,XY-na,time-intv,day,hursmax,hurs,tmax-h2m-hxy-u,hurs_tmax-h2m-hxy-u,glb,day.hursmax,atmos.hurs.tmax-h2m-hxy-u.day.glb,5a071ff2-c77d-11e6-8a33-5404a60d96b5,high,,
99,atmos.hurs.tmin-h2m-hxy-u.day.glb,day,atmos,relative_humidity,%,area: mean time: minimum,area: areacella,Daily Minimum Near-Surface Relative Humidity,"This is the relative humidity with respect to liquid water for T> 0 C, and with respect to ice for T<0 C.",normally report this at 2 meters above the surface,longitude latitude time height2m,hurs,real,,XY-na,time-intv,day,hursmin,hurs,tmin-h2m-hxy-u,hurs_tmin-h2m-hxy-u,glb,day.hursmin,atmos.hurs.tmin-h2m-hxy-u.day.glb,5a0711f6-c77d-11e6-8a33-5404a60d96b5,high,,
100,atmos.hus.tavg-al-hxy-u.mon.glb,mon,atmos,specific_humidity,1,area: time: mean,area: areacella,Specific Humidity,Specific humidity is the mass fraction of water vapor in (moist) air.,,longitude latitude alevel time,hus,real,,XY-A,time-intv,CFmon,hus,hus,tavg-al-hxy-u,hus_tavg-al-hxy-u,glb,CFmon.hus,atmos.hus.tavg-al-hxy-u.mon.glb,bab00f1c-e5dd-11e5-8482-ac72891c3257,high,,
101,atmos.hus.tavg-p19-hxy-u.day.glb,day,atmos,specific_humidity,1,time: mean,area: areacella,Specific Humidity,Specific humidity is the mass fraction of water vapor in (moist) air.,"CHANGE SINCE CMIP6 in Dimensions - CMIP6:longitude latitude plev8 time CMIP7:longitude latitude plev19 time,",longitude latitude plev19 time,hus,real,,XY-P19,time-intv,day,hus,hus,tavg-p19-hxy-u,hus_tavg-p19-hxy-u,glb,day.hus,atmos.hus.tavg-p19-hxy-u.day.glb,bab0135e-e5dd-11e5-8482-ac72891c3257,core,,
102,atmos.hus.tavg-p19-hxy-u.mon.glb,mon,atmos,specific_humidity,1,time: mean,area: areacella,Specific Humidity,Specific humidity is the mass fraction of water vapor in (moist) air.,,longitude latitude plev19 time,hus,real,,XY-P19,time-intv,Amon,hus,hus,tavg-p19-hxy-u,hus_tavg-p19-hxy-u,glb,Amon.hus,atmos.hus.tavg-p19-hxy-u.mon.glb,bab00b98-e5dd-11e5-8482-ac72891c3257,core,,
103,atmos.hus.tpt-al-hxy-u.6hr.glb,6hr,atmos,specific_humidity,1,area: mean time: point,area: areacella,Specific Humidity,Specific humidity is the mass fraction of water vapor in (moist) air.,on all model levels,longitude latitude alevel time1,hus,real,,XY-A,time-point,6hrLev,hus,hus,tpt-al-hxy-u,hus_tpt-al-hxy-u,glb,6hrLev.hus,atmos.hus.tpt-al-hxy-u.6hr.glb,bab009cc-e5dd-11e5-8482-ac72891c3257,high,,
104,atmos.hus.tpt-p7h-hxy-air.6hr.glb,6hr,atmos,specific_humidity,1,area: mean where air time: point,area: areacella,Specific Humidity,"Extra levels - 925, 700, 600, 300, 50","CHANGE SINCE CMIP6 in Cell Methods - CMIP6:area: mean time: point CMIP7:area: mean where air time: point,",longitude latitude plev7h time1,hus,real,,XY-P7T,time-point,6hrPlevPt,hus,hus,tpt-p7h-hxy-air,hus_tpt-p7h-hxy-air,glb,6hrPlevPt.hus7h,atmos.hus.tpt-p7h-hxy-air.6hr.glb,71174f52-faa7-11e6-bfb7-ac72891c3257,high,,
105,atmos.huss.tavg-h2m-hxy-u.day.glb,day,atmos,specific_humidity,1,area: time: mean,area: areacella,Near-Surface Specific Humidity,"Near-surface (usually, 2 meter) specific humidity.",normally report this at 2 meters above the surface,longitude latitude time height2m,huss,real,,XY-na,time-intv,day,huss,huss,tavg-h2m-hxy-u,huss_tavg-h2m-hxy-u,glb,day.huss,atmos.huss.tavg-h2m-hxy-u.day.glb,bab0238a-e5dd-11e5-8482-ac72891c3257,core,,
106,atmos.huss.tavg-h2m-hxy-u.mon.glb,mon,atmos,specific_humidity,1,area: time: mean,area: areacella,Near-Surface Specific Humidity,"Near-surface (usually, 2 meter) specific humidity.",normally report this at 2 meters above the surface,longitude latitude time height2m,huss,real,,XY-na,time-intv,Amon,huss,huss,tavg-h2m-hxy-u,huss_tavg-h2m-hxy-u,glb,Amon.huss,atmos.huss.tavg-h2m-hxy-u.mon.glb,bab01dfe-e5dd-11e5-8482-ac72891c3257,core,,
107,atmos.huss.tpt-h2m-hxy-u.1hr.glb,1hr,atmos,specific_humidity,1,area: mean time: point,area: areacella,Near-Surface Specific Humidity,Specific humidity at 2m.,This is sampled synoptically (instantaneous),longitude latitude time1 height2m,huss,real,,XY-na,time-point,E1hr,huss,huss,tpt-h2m-hxy-u,huss_tpt-h2m-hxy-u,glb,E1hr.huss,atmos.huss.tpt-h2m-hxy-u.1hr.glb,83bbfc78-7f07-11ef-9308-b1dd71e64bec,high,,
108,atmos.huss.tpt-h2m-hxy-u.3hr.glb,3hr,atmos,specific_humidity,1,area: mean time: point,area: areacella,Near-Surface Specific Humidity,This is sampled synoptically.,normally report this at 2 meters above the surface,longitude latitude time1 height2m,huss,real,,XY-na,time-point,3hr,huss,huss,tpt-h2m-hxy-u,huss_tpt-h2m-hxy-u,glb,3hr.huss,atmos.huss.tpt-h2m-hxy-u.3hr.glb,bab034a6-e5dd-11e5-8482-ac72891c3257,core,,
109,atmos.loadbc.tavg-u-hxy-u.day.glb,day,atmos,atmosphere_mass_content_of_elemental_carbon_dry_aerosol_particles,kg m-2,area: time: mean,area: areacella,Load of Black Carbon Aerosol,The total dry mass of black carbon aerosol particles per unit area.,,longitude latitude time,loadbc,real,,XY-na,time-intv,Eday,loadbc,loadbc,tavg-u-hxy-u,loadbc_tavg-u-hxy-u,glb,Eday.loadbc,atmos.loadbc.tavg-u-hxy-u.day.glb,8b8b08ee-4a5b-11e6-9cd2-ac72891c3257,high,,
110,atmos.loaddust.tavg-u-hxy-u.day.glb,day,atmos,atmosphere_mass_content_of_dust_dry_aerosol_particles,kg m-2,area: time: mean,area: areacella,Load of Dust,The total dry mass of dust aerosol particles per unit area.,,longitude latitude time,loaddust,real,,XY-na,time-intv,Eday,loaddust,loaddust,tavg-u-hxy-u,loaddust_tavg-u-hxy-u,glb,Eday.loaddust,atmos.loaddust.tavg-u-hxy-u.day.glb,8b8b13de-4a5b-11e6-9cd2-ac72891c3257,low,,
111,atmos.loadnh4.tavg-u-hxy-u.day.glb,day,atmos,atmosphere_mass_content_of_ammonium_dry_aerosol_particles,kg m-2,area: time: mean,area: areacella,Load of NH4,The total dry mass of ammonium aerosol particles per unit area.,,longitude latitude time,loadnh4,real,,XY-na,time-intv,Eday,loadnh4,loadnh4,tavg-u-hxy-u,loadnh4_tavg-u-hxy-u,glb,Eday.loadnh4,atmos.loadnh4.tavg-u-hxy-u.day.glb,8b8b23ba-4a5b-11e6-9cd2-ac72891c3257,low,,
112,atmos.loadno3.tavg-u-hxy-u.day.glb,day,atmos,atmosphere_mass_content_of_nitrate_dry_aerosol_particles,kg m-2,area: time: mean,area: areacella,Load of NO3,The total dry mass of nitrate aerosol particles per unit area.,,longitude latitude time,loadno3,real,,XY-na,time-intv,Eday,loadno3,loadno3,tavg-u-hxy-u,loadno3_tavg-u-hxy-u,glb,Eday.loadno3,atmos.loadno3.tavg-u-hxy-u.day.glb,8b8b1e6a-4a5b-11e6-9cd2-ac72891c3257,low,,
113,atmos.loadoa.tavg-u-hxy-u.day.glb,day,atmos,atmosphere_mass_content_of_particulate_organic_matter_dry_aerosol_particles,kg m-2,area: time: mean,area: areacella,Load of Dry Aerosol Organic Matter,atmosphere dry organic content: This is the vertically integrated sum of atmosphere_primary_organic_content and atmosphere_secondary_organic_content (see next two table entries).,,longitude latitude time,loadoa,real,,XY-na,time-intv,Eday,loadoa,loadoa,tavg-u-hxy-u,loadoa_tavg-u-hxy-u,glb,Eday.loadoa,atmos.loadoa.tavg-u-hxy-u.day.glb,8b8af886-4a5b-11e6-9cd2-ac72891c3257,high,,
114,atmos.loadpoa.tavg-u-hxy-u.day.glb,day,atmos,atmosphere_mass_content_of_primary_particulate_organic_matter_dry_aerosol_particles,kg m-2,area: time: mean,area: areacella,Load of Dry Aerosol Primary Organic Matter,The total dry mass of primary particulate organic aerosol particles per unit area.,,longitude latitude time,loadpoa,real,,XY-na,time-intv,Eday,loadpoa,loadpoa,tavg-u-hxy-u,loadpoa_tavg-u-hxy-u,glb,Eday.loadpoa,atmos.loadpoa.tavg-u-hxy-u.day.glb,8b8afe30-4a5b-11e6-9cd2-ac72891c3257,high,,
115,atmos.loadso4.tavg-u-hxy-u.day.glb,day,atmos,atmosphere_mass_content_of_sulfate_dry_aerosol_particles,kg m-2,area: time: mean,area: areacella,Load of SO4,The total dry mass of sulfate aerosol particles per unit area.,,longitude latitude time,loadso4,real,,XY-na,time-intv,Eday,loadso4,loadso4,tavg-u-hxy-u,loadso4_tavg-u-hxy-u,glb,Eday.loadso4,atmos.loadso4.tavg-u-hxy-u.day.glb,8b8b0e66-4a5b-11e6-9cd2-ac72891c3257,low,,
116,atmos.loadsoa.tavg-u-hxy-u.day.glb,day,atmos,atmosphere_mass_content_of_secondary_particulate_organic_matter_dry_aerosol_particles,kg m-2,area: time: mean,area: areacella,Load of Dry Aerosol Secondary Organic Matter,The total dry mass of secondary particulate organic aerosol particles per unit area.,,longitude latitude time,loadsoa,real,,XY-na,time-intv,Eday,loadsoa,loadsoa,tavg-u-hxy-u,loadsoa_tavg-u-hxy-u,glb,Eday.loadsoa,atmos.loadsoa.tavg-u-hxy-u.day.glb,8b8b039e-4a5b-11e6-9cd2-ac72891c3257,low,,
117,atmos.loadss.tavg-u-hxy-u.day.glb,day,atmos,atmosphere_mass_content_of_sea_salt_dry_aerosol_particles,kg m-2,area: time: mean,area: areacella,Load of Sea-Salt Aerosol,The total dry mass of sea salt aerosol particles per unit area.,,longitude latitude time,loadss,real,,XY-na,time-intv,Eday,loadss,loadss,tavg-u-hxy-u,loadss_tavg-u-hxy-u,glb,Eday.loadss,atmos.loadss.tavg-u-hxy-u.day.glb,8b8b192e-4a5b-11e6-9cd2-ac72891c3257,low,,
118,atmos.mc.tavg-alh-hxy-u.mon.glb,mon,atmos,atmosphere_net_upward_convective_mass_flux,kg m-2 s-1,area: time: mean,area: areacella,Convective Mass Flux,The net mass flux should represent the difference between the updraft and downdraft components.  The flux is computed as the mass divided by the area of the grid cell.,"Report on model half-levels (i.e., model layer bounds and not standard pressures).",longitude latitude alevhalf time,mc,real,up,XY-AH,time-intv,Amon,mc,mc,tavg-alh-hxy-u,mc_tavg-alh-hxy-u,glb,Amon.mc,atmos.mc.tavg-alh-hxy-u.mon.glb,bab117b8-e5dd-11e5-8482-ac72891c3257,high,,
119,atmos.mcd.tavg-alh-hxy-u.mon.glb,mon,atmos,atmosphere_downdraft_convective_mass_flux,kg m-2 s-1,area: time: mean,area: areacella,Downdraft Convective Mass Flux,Calculated as the convective mass flux divided by the area of the whole grid cell (not just the area of the cloud).,"Report on model half-levels (i.e., model layer bounds and not standard pressures).",longitude latitude alevhalf time,mcd,real,down,XY-AH,time-intv,CFmon,mcd,mcd,tavg-alh-hxy-u,mcd_tavg-alh-hxy-u,glb,CFmon.mcd,atmos.mcd.tavg-alh-hxy-u.mon.glb,bab12118-e5dd-11e5-8482-ac72891c3257,high,,
120,atmos.mcu.tavg-alh-hxy-u.mon.glb,mon,atmos,atmosphere_updraft_convective_mass_flux,kg m-2 s-1,area: time: mean,area: areacella,Convective Updraft Mass Flux,Calculated as the convective mass flux divided by the area of the whole grid cell (not just the area of the cloud).,"Report on model half-levels (i.e., model layer bounds and not standard pressures).",longitude latitude alevhalf time,mcu,real,up,XY-AH,time-intv,CFmon,mcu,mcu,tavg-alh-hxy-u,mcu_tavg-alh-hxy-u,glb,CFmon.mcu,atmos.mcu.tavg-alh-hxy-u.mon.glb,bab125a0-e5dd-11e5-8482-ac72891c3257,high,,
121,atmos.pctisccp.tavg-u-hxy-cl.day.glb,day,atmos,air_pressure_at_cloud_top,Pa,area: time: mean where cloud (weighted by ISCCP total cloud area),area: areacella,ISCCP Mean Cloud Top Pressure,time-means are weighted by the ISCCP Total Cloud Fraction - see  <https://www.cfmip.org/tools-and-data/cosp>,"CHANGE SINCE CMIP6 in Cell Methods - CMIP6:area: time: mean where cloud CMIP7:area: time: mean where cloud (weighted by ISCCP total cloud area),",longitude latitude time,pctisccp,real,,XY-na,time-intv,CFday,pctisccp,pctisccp,tavg-u-hxy-cl,pctisccp_tavg-u-hxy-cl,glb,CFday.pctisccp,atmos.pctisccp.tavg-u-hxy-cl.day.glb,bab31da6-e5dd-11e5-8482-ac72891c3257,high,,
122,atmos.pctisccp.tavg-u-hxy-cl.mon.glb,mon,atmos,air_pressure_at_cloud_top,Pa,area: time: mean where cloud (weighted by ISCCP total cloud area),area: areacella,ISCCP Mean Cloud Top Pressure,time-means weighted by the ISCCP Total Cloud Fraction - see <https://www.cfmip.org/tools-and-data/cosp>,"CHANGE SINCE CMIP6 in Cell Methods - CMIP6:area: time: mean where cloud CMIP7:area: time: mean where cloud (weighted by ISCCP total cloud area),",longitude latitude time,pctisccp,real,,XY-na,time-intv,CFmon,pctisccp,pctisccp,tavg-u-hxy-cl,pctisccp_tavg-u-hxy-cl,glb,CFmon.pctisccp,atmos.pctisccp.tavg-u-hxy-cl.mon.glb,bab31f68-e5dd-11e5-8482-ac72891c3257,high,,
123,atmos.pfull.tclm-al-hxy-u.mon.glb,mon,atmos,air_pressure,Pa,area: mean time: mean within years time: mean over years,area: areacella,Pressure at Model Full-Levels,Air pressure on model levels,,longitude latitude alevel time2,pfull,real,,XY-A,climatology,Amon,pfull,pfull,tclm-al-hxy-u,pfull_tclm-al-hxy-u,glb,Amon.pfull,atmos.pfull.tclm-al-hxy-u.mon.glb,bab32c1a-e5dd-11e5-8482-ac72891c3257,high,,
124,atmos.phalf.tclm-alh-hxy-u.mon.glb,mon,atmos,air_pressure,Pa,area: mean time: mean within years time: mean over years,area: areacella,Pressure on Model Half-Levels,Air pressure on model half-levels,,longitude latitude alevhalf time2,phalf,real,,XY-AH,climatology,Amon,phalf,phalf,tclm-alh-hxy-u,phalf_tclm-alh-hxy-u,glb,Amon.phalf,atmos.phalf.tclm-alh-hxy-u.mon.glb,bab33d04-e5dd-11e5-8482-ac72891c3257,high,,
125,atmos.pr.tavg-u-hxy-u.1hr.glb,1hr,atmos,precipitation_flux,kg m-2 s-1,area: time: mean,area: areacella,Precipitation,Total precipitation flux,,longitude latitude time,pr,real,,XY-na,time-intv,E1hr,pr,pr,tavg-u-hxy-u,pr_tavg-u-hxy-u,glb,E1hr.pr,atmos.pr.tavg-u-hxy-u.1hr.glb,8baebea6-4a5b-11e6-9cd2-ac72891c3257,core,,
126,atmos.pr.tavg-u-hxy-u.3hr.glb,3hr,atmos,precipitation_flux,kg m-2 s-1,area: time: mean,area: areacella,Precipitation,at surface; includes both liquid and solid phases.  This is the 3-hour mean precipitation flux.,,longitude latitude time,pr,real,,XY-na,time-intv,3hr,pr,pr,tavg-u-hxy-u,pr_tavg-u-hxy-u,glb,3hr.pr,atmos.pr.tavg-u-hxy-u.3hr.glb,bab3c904-e5dd-11e5-8482-ac72891c3257,core,,
127,atmos.pr.tavg-u-hxy-u.day.glb,day,atmos,precipitation_flux,kg m-2 s-1,area: time: mean,area: areacella,Precipitation,at surface; includes both liquid and solid phases from all types of clouds (both large-scale and convective),,longitude latitude time,pr,real,,XY-na,time-intv,day,pr,pr,tavg-u-hxy-u,pr_tavg-u-hxy-u,glb,day.pr,atmos.pr.tavg-u-hxy-u.day.glb,bab3d692-e5dd-11e5-8482-ac72891c3257,core,,
128,atmos.pr.tavg-u-hxy-u.mon.glb,mon,atmos,precipitation_flux,kg m-2 s-1,area: time: mean,area: areacella,Precipitation,at surface; includes both liquid and solid phases from all types of clouds (both large-scale and convective),,longitude latitude time,pr,real,,XY-na,time-intv,Amon,pr,pr,tavg-u-hxy-u,pr_tavg-u-hxy-u,glb,Amon.pr,atmos.pr.tavg-u-hxy-u.mon.glb,bab3cb52-e5dd-11e5-8482-ac72891c3257,core,,
129,atmos.prc.tavg-u-hxy-u.day.glb,day,atmos,convective_precipitation_flux,kg m-2 s-1,area: time: mean,area: areacella,Convective Precipitation,at surface; includes both liquid and solid phases.,,longitude latitude time,prc,real,,XY-na,time-intv,day,prc,prc,tavg-u-hxy-u,prc_tavg-u-hxy-u,glb,day.prc,atmos.prc.tavg-u-hxy-u.day.glb,bab3fde8-e5dd-11e5-8482-ac72891c3257,high,,
130,atmos.prc.tavg-u-hxy-u.mon.glb,mon,atmos,convective_precipitation_flux,kg m-2 s-1,area: time: mean,area: areacella,Convective Precipitation,at surface; includes both liquid and solid phases.,,longitude latitude time,prc,real,,XY-na,time-intv,Amon,prc,prc,tavg-u-hxy-u,prc_tavg-u-hxy-u,glb,Amon.prc,atmos.prc.tavg-u-hxy-u.mon.glb,bab3f8a2-e5dd-11e5-8482-ac72891c3257,core,,
131,atmos.prsn.tavg-u-hxy-u.3hr.glb,3hr,atmos,snowfall_flux,kg m-2 s-1,area: time: mean,area: areacella,Snowfall Flux,at surface.  Includes precipitation of all forms water in the solid phase.  This is the 3-hour mean snowfall flux.,,longitude latitude time,prsn,real,,XY-na,time-intv,3hr,prsn,prsn,tavg-u-hxy-u,prsn_tavg-u-hxy-u,glb,3hr.prsn,atmos.prsn.tavg-u-hxy-u.3hr.glb,bab42912-e5dd-11e5-8482-ac72891c3257,high,,
132,atmos.prsn.tavg-u-hxy-u.day.glb,day,atmos,snowfall_flux,kg m-2 s-1,area: time: mean,area: areacella,Snowfall Flux,at surface; includes precipitation of all forms of water in the solid phase,,longitude latitude time,prsn,real,,XY-na,time-intv,day,prsn,prsn,tavg-u-hxy-u,prsn_tavg-u-hxy-u,glb,day.prsn,atmos.prsn.tavg-u-hxy-u.day.glb,bab43b50-e5dd-11e5-8482-ac72891c3257,high,,
133,atmos.prsn.tavg-u-hxy-u.mon.glb,mon,atmos,snowfall_flux,kg m-2 s-1,area: time: mean,area: areacella,Snowfall Flux,at surface; includes precipitation of all forms of water in the solid phase,,longitude latitude time,prsn,real,,XY-na,time-intv,Amon,prsn,prsn,tavg-u-hxy-u,prsn_tavg-u-hxy-u,glb,Amon.prsn,atmos.prsn.tavg-u-hxy-u.mon.glb,bab42b88-e5dd-11e5-8482-ac72891c3257,core,,
134,atmos.prw.tavg-u-hxy-u.day.glb,day,atmos,atmosphere_mass_content_of_water_vapor,kg m-2,area: time: mean,area: areacella,Water Vapor Path,Vertically integrated mass of water vapour through the atmospheric column,,longitude latitude time,prw,real,,XY-na,time-intv,Eday,prw,prw,tavg-u-hxy-u,prw_tavg-u-hxy-u,glb,Eday.prw,atmos.prw.tavg-u-hxy-u.day.glb,8b8fccc6-4a5b-11e6-9cd2-ac72891c3257,high,,
135,atmos.prw.tavg-u-hxy-u.mon.glb,mon,atmos,atmosphere_mass_content_of_water_vapor,kg m-2,area: time: mean,area: areacella,Water Vapor Path,Vertically integrated mass of water vapour through the atmospheric column,,longitude latitude time,prw,real,,XY-na,time-intv,Amon,prw,prw,tavg-u-hxy-u,prw_tavg-u-hxy-u,glb,Amon.prw,atmos.prw.tavg-u-hxy-u.mon.glb,bab45df6-e5dd-11e5-8482-ac72891c3257,core,,
136,atmos.ps.tavg-u-hxy-u.day.glb,day,atmos,surface_air_pressure,Pa,area: time: mean,area: areacella,Surface Air Pressure,"surface pressure (not mean sea-level pressure), 2-D field to calculate the 3-D pressure field from hybrid coordinates",,longitude latitude time,ps,real,,XY-na,time-intv,CFday,ps,ps,tavg-u-hxy-u,ps_tavg-u-hxy-u,glb,CFday.ps,atmos.ps.tavg-u-hxy-u.day.glb,bab46db4-e5dd-11e5-8482-ac72891c3257,core,,
137,atmos.ps.tavg-u-hxy-u.mon.glb,mon,atmos,surface_air_pressure,Pa,area: time: mean,area: areacella,Surface Air Pressure,"not, in general, the same as mean sea-level pressure",,longitude latitude time,ps,real,,XY-na,time-intv,Amon,ps,ps,tavg-u-hxy-u,ps_tavg-u-hxy-u,glb,Amon.ps,atmos.ps.tavg-u-hxy-u.mon.glb,bab47b56-e5dd-11e5-8482-ac72891c3257,core,,
138,atmos.ps.tpt-u-hxy-u.1hr.glb,1hr,atmos,surface_air_pressure,Pa,area: mean time: point,area: areacella,Surface Air Pressure,Surface pressure.,"Instantaneous value (i.e. synoptic or time-step value), Global field (single level) [XY-na] [amn-tpt]",longitude latitude time1,ps,real,,XY-na,time-point,E1hr,ps,ps,tpt-u-hxy-u,ps_tpt-u-hxy-u,glb,E1hr.ps,atmos.ps.tpt-u-hxy-u.1hr.glb,83bbfbc5-7f07-11ef-9308-b1dd71e64bec,medium,,
139,atmos.ps.tpt-u-hxy-u.6hr.glb,6hr,atmos,surface_air_pressure,Pa,area: mean time: point,area: areacella,Surface Air Pressure,"surface pressure, not mean sea level pressure",,longitude latitude time1,ps,real,,XY-na,time-point,6hrLev,ps,ps,tpt-u-hxy-u,ps_tpt-u-hxy-u,glb,6hrLev.ps,atmos.ps.tpt-u-hxy-u.6hr.glb,bab46b70-e5dd-11e5-8482-ac72891c3257,high,,
140,atmos.psl.tavg-u-hxy-u.day.glb,day,atmos,air_pressure_at_mean_sea_level,Pa,area: time: mean,area: areacella,Sea Level Pressure,Sea Level Pressure,,longitude latitude time,psl,real,,XY-na,time-intv,day,psl,psl,tavg-u-hxy-u,psl_tavg-u-hxy-u,glb,day.psl,atmos.psl.tavg-u-hxy-u.day.glb,bab491f4-e5dd-11e5-8482-ac72891c3257,core,,
141,atmos.psl.tavg-u-hxy-u.mon.glb,mon,atmos,air_pressure_at_mean_sea_level,Pa,area: time: mean,area: areacella,Sea Level Pressure,"not, in general, the same as surface pressure",,longitude latitude time,psl,real,,XY-na,time-intv,Amon,psl,psl,tavg-u-hxy-u,psl_tavg-u-hxy-u,glb,Amon.psl,atmos.psl.tavg-u-hxy-u.mon.glb,bab48ce0-e5dd-11e5-8482-ac72891c3257,core,,
142,atmos.psl.tpt-u-hxy-u.1hr.glb,1hr,atmos,air_pressure_at_mean_sea_level,Pa,area: mean time: point,area: areacella,Sea Level Pressure,Sea level pressure,,longitude latitude time1,psl,real,,XY-na,time-point,E1hr,psl,psl,tpt-u-hxy-u,psl_tpt-u-hxy-u,glb,E1hr.psl,atmos.psl.tpt-u-hxy-u.1hr.glb,8bb11ef8-4a5b-11e6-9cd2-ac72891c3257,high,,
143,atmos.psl.tpt-u-hxy-u.6hr.glb,6hr,atmos,air_pressure_at_mean_sea_level,Pa,area: mean time: point,area: areacella,Sea Level Pressure,Sea Level Pressure,,longitude latitude time1,psl,real,,XY-na,time-point,6hrPlevPt,psl,psl,tpt-u-hxy-u,psl_tpt-u-hxy-u,glb,6hrPlevPt.psl,atmos.psl.tpt-u-hxy-u.6hr.glb,816898e0-f906-11e6-a176-5404a60d96b5,high,,
144,atmos.ptp.tavg-u-hxy-u.mon.glb,mon,atmos,tropopause_air_pressure,Pa,area: time: mean,area: areacella,Tropopause Air Pressure,2D monthly mean thermal tropopause calculated using WMO tropopause definition on 3d temperature,,longitude latitude time,ptp,real,,XY-na,time-intv,AERmon,ptp,ptp,tavg-u-hxy-u,ptp_tavg-u-hxy-u,glb,AERmon.ptp,atmos.ptp.tavg-u-hxy-u.mon.glb,19be3f96-81b1-11e6-92de-ac72891c3257,high,,
146,atmos.reffclic.tavg-al-hxy-ccl.mon.glb,mon,atmos,effective_radius_of_convective_cloud_ice_particles,m,area: time: mean where convective_cloud,area: areacella,Hydrometeor Effective Radius of Convective Cloud Ice,This is defined as the in-cloud ratio of the third moment over the second moment of the particle size distribution (obtained by considering only the cloudy portion of the grid cell).,"CHANGE SINCE CMIP6 in Cell Methods - CMIP6:area: time: mean CMIP7:area: time: mean where convective_cloud,",longitude latitude alevel time,reffclic,real,,XY-A,time-intv,Emon,reffclic,reffclic,tavg-al-hxy-ccl,reffclic_tavg-al-hxy-ccl,glb,Emon.reffclic,atmos.reffclic.tavg-al-hxy-ccl.mon.glb,8b89e87e-4a5b-11e6-9cd2-ac72891c3257,high,,
147,atmos.reffclis.tavg-al-hxy-scl.mon.glb,mon,atmos,effective_radius_of_stratiform_cloud_ice_particles,m,area: time: mean where stratiform_cloud,area: areacella,Hydrometeor Effective Radius of Stratiform Cloud Ice,This is defined as the in-cloud ratio of the third moment over the second moment of the particle size distribution (obtained by considering only the cloudy portion of the grid cell).,"CHANGE SINCE CMIP6 in Cell Methods - CMIP6:area: time: mean CMIP7:area: time: mean where stratiform_cloud,",longitude latitude alevel time,reffclis,real,,XY-A,time-intv,Emon,reffclis,reffclis,tavg-al-hxy-scl,reffclis_tavg-al-hxy-scl,glb,Emon.reffclis,atmos.reffclis.tavg-al-hxy-scl.mon.glb,8b89deba-4a5b-11e6-9cd2-ac72891c3257,high,,
148,atmos.reffclwc.tavg-al-hxy-ccl.mon.glb,mon,atmos,effective_radius_of_convective_cloud_liquid_water_particles,m,area: time: mean where convective_cloud,area: areacella,Convective Cloud Liquid Droplet Effective Radius,"Droplets are liquid.  The effective radius is defined as the ratio of the third moment over the second moment of the particle size distribution and the time-mean should be calculated, weighting the individual samples by the cloudy fraction of the grid cell.","CHANGE SINCE CMIP6 in Cell Methods - CMIP6:area: time: mean CMIP7:area: time: mean where convective_cloud,",longitude latitude alevel time,reffclwc,real,,XY-A,time-intv,Emon,reffclwc,reffclwc,tavg-al-hxy-ccl,reffclwc_tavg-al-hxy-ccl,glb,Emon.reffclwc,atmos.reffclwc.tavg-al-hxy-ccl.mon.glb,8b89e3a6-4a5b-11e6-9cd2-ac72891c3257,high,,
149,atmos.reffclws.tavg-al-hxy-scl.mon.glb,mon,atmos,effective_radius_of_stratiform_cloud_liquid_water_particles,m,area: time: mean where stratiform_cloud,area: areacella,Stratiform Cloud Liquid Droplet Effective Radius,"Droplets are liquid.  The effective radius is defined as the ratio of the third moment over the second moment of the particle size distribution and the time-mean should be calculated, weighting the individual samples by the cloudy fraction of the grid cell.","CHANGE SINCE CMIP6 in Cell Methods - CMIP6:area: time: mean CMIP7:area: time: mean where stratiform_cloud,",longitude latitude alevel time,reffclws,real,,XY-A,time-intv,Emon,reffclws,reffclws,tavg-al-hxy-scl,reffclws_tavg-al-hxy-scl,glb,Emon.reffclws,atmos.reffclws.tavg-al-hxy-scl.mon.glb,8b89d9a6-4a5b-11e6-9cd2-ac72891c3257,high,,
151,atmos.rld.tavg-alh-hxy-u.mon.glb,mon,atmos,downwelling_longwave_flux_in_air,W m-2,area: time: mean,area: areacella,Downwelling Longwave Radiation,Includes also the fluxes at the surface and TOA.,,longitude latitude alevhalf time,rld,real,down,XY-AH,time-intv,CFmon,rld,rld,tavg-alh-hxy-u,rld_tavg-alh-hxy-u,glb,CFmon.rld,atmos.rld.tavg-alh-hxy-u.mon.glb,bab51cf0-e5dd-11e5-8482-ac72891c3257,high,,
152,atmos.rldcs.tavg-alh-hxy-u.mon.glb,mon,atmos,downwelling_longwave_flux_in_air_assuming_clear_sky,W m-2,area: time: mean,area: areacella,Downwelling Clear-Sky Longwave Radiation,Includes also the fluxes at the surface and TOA.,,longitude latitude alevhalf time,rldcs,real,down,XY-AH,time-intv,CFmon,rldcs,rldcs,tavg-alh-hxy-u,rldcs_tavg-alh-hxy-u,glb,CFmon.rldcs,atmos.rldcs.tavg-alh-hxy-u.mon.glb,bab5268c-e5dd-11e5-8482-ac72891c3257,high,,
153,atmos.rlds.tavg-u-hxy-u.1hr.glb,1hr,atmos,surface_downwelling_longwave_flux_in_air,W m-2,area: time: mean,area: areacella,Surface Downwelling Longwave Radiation,Surface Downwelling Longwave Radiation,This is the 3-hour mean flux.,longitude latitude time,rlds,real,down,XY-na,time-intv,E1hr,rlds,rlds,tavg-u-hxy-u,rlds_tavg-u-hxy-u,glb,E1hr.rlds,atmos.rlds.tavg-u-hxy-u.1hr.glb,83bbfbc4-7f07-11ef-9308-b1dd71e64bec,high,,
154,atmos.rlds.tavg-u-hxy-u.day.glb,day,atmos,surface_downwelling_longwave_flux_in_air,W m-2,area: time: mean,area: areacella,Surface Downwelling Longwave Radiation,"The surface called ""surface"" means the lower boundary of the atmosphere. ""longwave"" means longwave radiation. Downwelling radiation is radiation from above. It does not mean ""net downward"". When thought of as being incident on a surface, a radiative flux is sometimes called ""irradiance"". In addition, it is identical with the quantity measured by a cosine-collector light-meter and sometimes called ""vector irradiance"". In accordance with common usage in geophysical disciplines, ""flux"" implies per unit area, called ""flux density"" in physics.",,longitude latitude time,rlds,real,down,XY-na,time-intv,day,rlds,rlds,tavg-u-hxy-u,rlds_tavg-u-hxy-u,glb,day.rlds,atmos.rlds.tavg-u-hxy-u.day.glb,bab538d4-e5dd-11e5-8482-ac72891c3257,high,,
155,atmos.rlds.tavg-u-hxy-u.mon.glb,mon,atmos,surface_downwelling_longwave_flux_in_air,W m-2,area: time: mean,area: areacella,Surface Downwelling Longwave Radiation,"The surface called ""surface"" means the lower boundary of the atmosphere. ""longwave"" means longwave radiation. Downwelling radiation is radiation from above. It does not mean ""net downward"". When thought of as being incident on a surface, a radiative flux is sometimes called ""irradiance"". In addition, it is identical with the quantity measured by a cosine-collector light-meter and sometimes called ""vector irradiance"". In accordance with common usage in geophysical disciplines, ""flux"" implies per unit area, called ""flux density"" in physics.",,longitude latitude time,rlds,real,down,XY-na,time-intv,Amon,rlds,rlds,tavg-u-hxy-u,rlds_tavg-u-hxy-u,glb,Amon.rlds,atmos.rlds.tavg-u-hxy-u.mon.glb,bab52da8-e5dd-11e5-8482-ac72891c3257,core,,
156,atmos.rldscs.tavg-u-hxy-u.day.glb,day,atmos,surface_downwelling_longwave_flux_in_air_assuming_clear_sky,W m-2,area: time: mean,area: areacella,Surface Downwelling Clear-Sky Longwave Radiation,Surface downwelling clear-sky longwave radiation,,longitude latitude time,rldscs,real,down,XY-na,time-intv,CFday,rldscs,rldscs,tavg-u-hxy-u,rldscs_tavg-u-hxy-u,glb,CFday.rldscs,atmos.rldscs.tavg-u-hxy-u.day.glb,bab55792-e5dd-11e5-8482-ac72891c3257,high,,
157,atmos.rldscs.tavg-u-hxy-u.mon.glb,mon,atmos,surface_downwelling_longwave_flux_in_air_assuming_clear_sky,W m-2,area: time: mean,area: areacella,Surface Downwelling Clear-Sky Longwave Radiation,Surface downwelling clear-sky longwave radiation,,longitude latitude time,rldscs,real,down,XY-na,time-intv,Amon,rldscs,rldscs,tavg-u-hxy-u,rldscs_tavg-u-hxy-u,glb,Amon.rldscs,atmos.rldscs.tavg-u-hxy-u.mon.glb,bab5540e-e5dd-11e5-8482-ac72891c3257,core,,
158,atmos.rlu.tavg-alh-hxy-u.mon.glb,mon,atmos,upwelling_longwave_flux_in_air,W m-2,area: time: mean,area: areacella,Upwelling Longwave Radiation,Includes also the fluxes at the surface and TOA.,,longitude latitude alevhalf time,rlu,real,up,XY-AH,time-intv,CFmon,rlu,rlu,tavg-alh-hxy-u,rlu_tavg-alh-hxy-u,glb,CFmon.rlu,atmos.rlu.tavg-alh-hxy-u.mon.glb,bab56d68-e5dd-11e5-8482-ac72891c3257,high,,
159,atmos.rlucs.tavg-alh-hxy-u.mon.glb,mon,atmos,upwelling_longwave_flux_in_air_assuming_clear_sky,W m-2,area: time: mean,area: areacella,Upwelling Clear-Sky Longwave Radiation,Includes also the fluxes at the surface and TOA.,,longitude latitude alevhalf time,rlucs,real,up,XY-AH,time-intv,CFmon,rlucs,rlucs,tavg-alh-hxy-u,rlucs_tavg-alh-hxy-u,glb,CFmon.rlucs,atmos.rlucs.tavg-alh-hxy-u.mon.glb,bab5768c-e5dd-11e5-8482-ac72891c3257,high,,
160,atmos.rlus.tavg-u-hxy-u.day.glb,day,atmos,surface_upwelling_longwave_flux_in_air,W m-2,area: time: mean,area: areacella,Surface Upwelling Longwave Radiation,"The surface called ""surface"" means the lower boundary of the atmosphere. ""longwave"" means longwave radiation. Upwelling radiation is radiation from below. It does not mean ""net upward"". When thought of as being incident on a surface, a radiative flux is sometimes called ""irradiance"". In addition, it is identical with the quantity measured by a cosine-collector light-meter and sometimes called ""vector irradiance"". In accordance with common usage in geophysical disciplines, ""flux"" implies per unit area, called ""flux density"" in physics.",,longitude latitude time,rlus,real,up,XY-na,time-intv,day,rlus,rlus,tavg-u-hxy-u,rlus_tavg-u-hxy-u,glb,day.rlus,atmos.rlus.tavg-u-hxy-u.day.glb,bab57f92-e5dd-11e5-8482-ac72891c3257,high,,
161,atmos.rlus.tavg-u-hxy-u.mon.glb,mon,atmos,surface_upwelling_longwave_flux_in_air,W m-2,area: time: mean,area: areacella,Surface Upwelling Longwave Radiation,"The surface called ""surface"" means the lower boundary of the atmosphere. ""longwave"" means longwave radiation. Upwelling radiation is radiation from below. It does not mean ""net upward"". When thought of as being incident on a surface, a radiative flux is sometimes called ""irradiance"". In addition, it is identical with the quantity measured by a cosine-collector light-meter and sometimes called ""vector irradiance"". In accordance with common usage in geophysical disciplines, ""flux"" implies per unit area, called ""flux density"" in physics.",,longitude latitude time,rlus,real,up,XY-na,time-intv,Amon,rlus,rlus,tavg-u-hxy-u,rlus_tavg-u-hxy-u,glb,Amon.rlus,atmos.rlus.tavg-u-hxy-u.mon.glb,bab578d0-e5dd-11e5-8482-ac72891c3257,core,,
162,atmos.rluscs.tavg-u-hxy-u.day.glb,day,atmos,surface_upwelling_longwave_flux_assuming_clear_sky,W m-2,area: time: mean,area: areacella,Surface Upwelling Clear-Sky Longwave Radiation,Surface Upwelling Clear-sky Longwave Radiation,,longitude latitude time,rluscs,real,up,XY-na,time-intv,day,rluscs,rluscs,tavg-u-hxy-u,rluscs_tavg-u-hxy-u,glb,day.rluscs,atmos.rluscs.tavg-u-hxy-u.day.glb,80ab71f7-a698-11ef-914a-613c0433d878,high,,
163,atmos.rluscs.tavg-u-hxy-u.mon.glb,mon,atmos,surface_upwelling_longwave_flux_assuming_clear_sky,W m-2,area: time: mean,area: areacella,Surface Upwelling Clear-Sky Longwave Radiation,Surface Upwelling Clear-sky Longwave Radiation,,longitude latitude time,rluscs,real,up,XY-na,time-intv,Amon,rluscs,rluscs,tavg-u-hxy-u,rluscs_tavg-u-hxy-u,glb,Amon.rluscs,atmos.rluscs.tavg-u-hxy-u.mon.glb,80ab71f6-a698-11ef-914a-613c0433d878,core,,
164,atmos.rlut.tavg-u-hxy-u.day.glb,day,atmos,toa_outgoing_longwave_flux,W m-2,area: time: mean,area: areacella,TOA Outgoing Longwave Radiation,at the top of the atmosphere.,,longitude latitude time,rlut,real,up,XY-na,time-intv,day,rlut,rlut,tavg-u-hxy-u,rlut_tavg-u-hxy-u,glb,day.rlut,atmos.rlut.tavg-u-hxy-u.day.glb,bab59c66-e5dd-11e5-8482-ac72891c3257,high,,
165,atmos.rlut.tavg-u-hxy-u.mon.glb,mon,atmos,toa_outgoing_longwave_flux,W m-2,area: time: mean,area: areacella,TOA Outgoing Longwave Radiation,at the top of the atmosphere (to be compared with satellite measurements),,longitude latitude time,rlut,real,up,XY-na,time-intv,Amon,rlut,rlut,tavg-u-hxy-u,rlut_tavg-u-hxy-u,glb,Amon.rlut,atmos.rlut.tavg-u-hxy-u.mon.glb,bab5aad0-e5dd-11e5-8482-ac72891c3257,core,,
166,atmos.rlutcs.tavg-u-hxy-u.day.glb,day,atmos,toa_outgoing_longwave_flux_assuming_clear_sky,W m-2,area: time: mean,area: areacella,TOA Outgoing Clear-Sky Longwave Radiation,Upwelling clear-sky longwave radiation at top of atmosphere,,longitude latitude time,rlutcs,real,up,XY-na,time-intv,CFday,rlutcs,rlutcs,tavg-u-hxy-u,rlutcs_tavg-u-hxy-u,glb,CFday.rlutcs,atmos.rlutcs.tavg-u-hxy-u.day.glb,bab5c09c-e5dd-11e5-8482-ac72891c3257,high,,
167,atmos.rlutcs.tavg-u-hxy-u.mon.glb,mon,atmos,toa_outgoing_longwave_flux_assuming_clear_sky,W m-2,area: time: mean,area: areacella,TOA Outgoing Clear-Sky Longwave Radiation,Upwelling clear-sky longwave radiation at top of atmosphere,,longitude latitude time,rlutcs,real,up,XY-na,time-intv,Amon,rlutcs,rlutcs,tavg-u-hxy-u,rlutcs_tavg-u-hxy-u,glb,Amon.rlutcs,atmos.rlutcs.tavg-u-hxy-u.mon.glb,bab5bcdc-e5dd-11e5-8482-ac72891c3257,core,,
168,atmos.rsd.tavg-alh-hxy-u.mon.glb,mon,atmos,downwelling_shortwave_flux_in_air,W m-2,area: time: mean,area: areacella,Downwelling Shortwave Radiation,Includes also the fluxes at the surface and TOA.,,longitude latitude alevhalf time,rsd,real,down,XY-AH,time-intv,CFmon,rsd,rsd,tavg-alh-hxy-u,rsd_tavg-alh-hxy-u,glb,CFmon.rsd,atmos.rsd.tavg-alh-hxy-u.mon.glb,bab5d424-e5dd-11e5-8482-ac72891c3257,high,,
169,atmos.rsdcs.tavg-alh-hxy-u.mon.glb,mon,atmos,downwelling_shortwave_flux_in_air_assuming_clear_sky,W m-2,area: time: mean,area: areacella,Downwelling Clear-Sky Shortwave Radiation,Includes also the fluxes at the surface and TOA.,,longitude latitude alevhalf time,rsdcs,real,down,XY-AH,time-intv,CFmon,rsdcs,rsdcs,tavg-alh-hxy-u,rsdcs_tavg-alh-hxy-u,glb,CFmon.rsdcs,atmos.rsdcs.tavg-alh-hxy-u.mon.glb,bab5d898-e5dd-11e5-8482-ac72891c3257,high,,
170,atmos.rsds.tavg-u-hxy-u.1hr.glb,1hr,atmos,surface_downwelling_shortwave_flux_in_air,W m-2,area: time: mean,area: areacella,Surface Downwelling Shortwave Radiation,Hourly downward solar radiation flux at the surface,,longitude latitude time,rsds,real,down,XY-na,time-intv,E1hr,rsds,rsds,tavg-u-hxy-u,rsds_tavg-u-hxy-u,glb,E1hr.rsds,atmos.rsds.tavg-u-hxy-u.1hr.glb,83bbfbc2-7f07-11ef-9308-b1dd71e64bec,high,,
171,atmos.rsds.tavg-u-hxy-u.day.glb,day,atmos,surface_downwelling_shortwave_flux_in_air,W m-2,area: time: mean,area: areacella,Surface Downwelling Shortwave Radiation,Surface solar irradiance for UV calculations.,,longitude latitude time,rsds,real,down,XY-na,time-intv,day,rsds,rsds,tavg-u-hxy-u,rsds_tavg-u-hxy-u,glb,day.rsds,atmos.rsds.tavg-u-hxy-u.day.glb,bab5ecd4-e5dd-11e5-8482-ac72891c3257,core,,
172,atmos.rsds.tavg-u-hxy-u.mon.glb,mon,atmos,surface_downwelling_shortwave_flux_in_air,W m-2,area: time: mean,area: areacella,Surface Downwelling Shortwave Radiation,Surface solar irradiance for UV calculations.,,longitude latitude time,rsds,real,down,XY-na,time-intv,Amon,rsds,rsds,tavg-u-hxy-u,rsds_tavg-u-hxy-u,glb,Amon.rsds,atmos.rsds.tavg-u-hxy-u.mon.glb,bab5e1b2-e5dd-11e5-8482-ac72891c3257,core,,
173,atmos.rsdscs.tavg-u-hxy-u.day.glb,day,atmos,surface_downwelling_shortwave_flux_in_air_assuming_clear_sky,W m-2,area: time: mean,area: areacella,Surface Downwelling Clear-Sky Shortwave Radiation,Surface solar irradiance clear sky for UV calculations,,longitude latitude time,rsdscs,real,down,XY-na,time-intv,CFday,rsdscs,rsdscs,tavg-u-hxy-u,rsdscs_tavg-u-hxy-u,glb,CFday.rsdscs,atmos.rsdscs.tavg-u-hxy-u.day.glb,bab60b42-e5dd-11e5-8482-ac72891c3257,high,,
174,atmos.rsdscs.tavg-u-hxy-u.mon.glb,mon,atmos,surface_downwelling_shortwave_flux_in_air_assuming_clear_sky,W m-2,area: time: mean,area: areacella,Surface Downwelling Clear-Sky Shortwave Radiation,Surface solar irradiance clear sky for UV calculations,,longitude latitude time,rsdscs,real,down,XY-na,time-intv,Amon,rsdscs,rsdscs,tavg-u-hxy-u,rsdscs_tavg-u-hxy-u,glb,Amon.rsdscs,atmos.rsdscs.tavg-u-hxy-u.mon.glb,bab607c8-e5dd-11e5-8482-ac72891c3257,core,,
175,atmos.rsdscsdiff.tavg-u-hxy-u.day.glb,day,atmos,surface_diffuse_downwelling_shortwave_flux_in_air_assuming_clear_sky,W m-2,area: time: mean,area: areacella,Surface Diffuse Downwelling Clear Sky Shortwave Radiation,Surface downwelling solar irradiance from diffuse radiation for UV calculations in clear sky conditions,,longitude latitude time,rsdscsdiff,real,down,XY-na,time-intv,Eday,rsdscsdiff,rsdscsdiff,tavg-u-hxy-u,rsdscsdiff_tavg-u-hxy-u,glb,Eday.rsdscsdiff,atmos.rsdscsdiff.tavg-u-hxy-u.day.glb,7d8c6a76-1ab7-11e7-8dfc-5404a60d96b5,low,,
176,atmos.rsdsdiff.tavg-u-hxy-u.1hr.glb,1hr,atmos,surface_diffuse_downwelling_shortwave_flux_in_air,W m-2,area: time: mean,area: areacella,Surface Diffuse Downwelling Shortwave Radiation,Surface Diffuse Downwelling Shortwave Radiation,This is a 3-hour mean flux.,longitude latitude time,rsdsdiff,real,down,XY-na,time-intv,E1hr,rsdsdiff,rsdsdiff,tavg-u-hxy-u,rsdsdiff_tavg-u-hxy-u,glb,E1hr.rsdsdiff,atmos.rsdsdiff.tavg-u-hxy-u.1hr.glb,83bbfc77-7f07-11ef-9308-b1dd71e64bec,medium,,
177,atmos.rsdsdiff.tavg-u-hxy-u.day.glb,day,atmos,surface_diffuse_downwelling_shortwave_flux_in_air,W m-2,area: time: mean,area: areacella,Surface Diffuse Downwelling Shortwave Radiation,Surface downwelling solar irradiance from diffuse radiation for UV calculations.,,longitude latitude time,rsdsdiff,real,down,XY-na,time-intv,Eday,rsdsdiff,rsdsdiff,tavg-u-hxy-u,rsdsdiff_tavg-u-hxy-u,glb,Eday.rsdsdiff,atmos.rsdsdiff.tavg-u-hxy-u.day.glb,7d8c633c-1ab7-11e7-8dfc-5404a60d96b5,medium,,
178,atmos.rsdt.tavg-u-hxy-u.day.glb,day,atmos,toa_incoming_shortwave_flux,W m-2,area: time: mean,area: areacella,TOA Incident Shortwave Radiation,Shortwave radiation incident at the top of the atmosphere,,longitude latitude time,rsdt,real,down,XY-na,time-intv,CFday,rsdt,rsdt,tavg-u-hxy-u,rsdt_tavg-u-hxy-u,glb,CFday.rsdt,atmos.rsdt.tavg-u-hxy-u.day.glb,bab625a0-e5dd-11e5-8482-ac72891c3257,high,,
179,atmos.rsdt.tavg-u-hxy-u.mon.glb,mon,atmos,toa_incoming_shortwave_flux,W m-2,area: time: mean,area: areacella,TOA Incident Shortwave Radiation,at the top of the atmosphere,,longitude latitude time,rsdt,real,down,XY-na,time-intv,Amon,rsdt,rsdt,tavg-u-hxy-u,rsdt_tavg-u-hxy-u,glb,Amon.rsdt,atmos.rsdt.tavg-u-hxy-u.mon.glb,bab6219a-e5dd-11e5-8482-ac72891c3257,core,,
180,atmos.rsu.tavg-alh-hxy-u.mon.glb,mon,atmos,upwelling_shortwave_flux_in_air,W m-2,area: time: mean,area: areacella,Upwelling Shortwave Radiation,Includes also the fluxes at the surface and TOA.,,longitude latitude alevhalf time,rsu,real,up,XY-AH,time-intv,CFmon,rsu,rsu,tavg-alh-hxy-u,rsu_tavg-alh-hxy-u,glb,CFmon.rsu,atmos.rsu.tavg-alh-hxy-u.mon.glb,bab64814-e5dd-11e5-8482-ac72891c3257,high,,
181,atmos.rsucs.tavg-alh-hxy-u.mon.glb,mon,atmos,upwelling_shortwave_flux_in_air_assuming_clear_sky,W m-2,area: time: mean,area: areacella,Upwelling Clear-Sky Shortwave Radiation,Includes also the fluxes at the surface and TOA.,,longitude latitude alevhalf time,rsucs,real,up,XY-AH,time-intv,CFmon,rsucs,rsucs,tavg-alh-hxy-u,rsucs_tavg-alh-hxy-u,glb,CFmon.rsucs,atmos.rsucs.tavg-alh-hxy-u.mon.glb,bab64ee0-e5dd-11e5-8482-ac72891c3257,high,,
182,atmos.rsus.tavg-u-hxy-u.day.glb,day,atmos,surface_upwelling_shortwave_flux_in_air,W m-2,area: time: mean,area: areacella,Surface Upwelling Shortwave Radiation,"The surface called ""surface"" means the lower boundary of the atmosphere. ""shortwave"" means shortwave radiation. Upwelling radiation is radiation from below. It does not mean ""net upward"". When thought of as being incident on a surface, a radiative flux is sometimes called ""irradiance"". In addition, it is identical with the quantity measured by a cosine-collector light-meter and sometimes called ""vector irradiance"". In accordance with common usage in geophysical disciplines, ""flux"" implies per unit area, called ""flux density"" in physics.",,longitude latitude time,rsus,real,up,XY-na,time-intv,day,rsus,rsus,tavg-u-hxy-u,rsus_tavg-u-hxy-u,glb,day.rsus,atmos.rsus.tavg-u-hxy-u.day.glb,bab65ad4-e5dd-11e5-8482-ac72891c3257,high,,
183,atmos.rsus.tavg-u-hxy-u.mon.glb,mon,atmos,surface_upwelling_shortwave_flux_in_air,W m-2,area: time: mean,area: areacella,Surface Upwelling Shortwave Radiation,"The surface called ""surface"" means the lower boundary of the atmosphere. ""shortwave"" means shortwave radiation. Upwelling radiation is radiation from below. It does not mean ""net upward"". When thought of as being incident on a surface, a radiative flux is sometimes called ""irradiance"". In addition, it is identical with the quantity measured by a cosine-collector light-meter and sometimes called ""vector irradiance"". In accordance with common usage in geophysical disciplines, ""flux"" implies per unit area, called ""flux density"" in physics.",,longitude latitude time,rsus,real,up,XY-na,time-intv,Amon,rsus,rsus,tavg-u-hxy-u,rsus_tavg-u-hxy-u,glb,Amon.rsus,atmos.rsus.tavg-u-hxy-u.mon.glb,bab6537c-e5dd-11e5-8482-ac72891c3257,core,,
184,atmos.rsuscs.tavg-u-hxy-u.day.glb,day,atmos,surface_upwelling_shortwave_flux_in_air_assuming_clear_sky,W m-2,area: time: mean,area: areacella,Surface Upwelling Clear-Sky Shortwave Radiation,Surface Upwelling Clear-sky Shortwave Radiation,,longitude latitude time,rsuscs,real,up,XY-na,time-intv,CFday,rsuscs,rsuscs,tavg-u-hxy-u,rsuscs_tavg-u-hxy-u,glb,CFday.rsuscs,atmos.rsuscs.tavg-u-hxy-u.day.glb,bab67424-e5dd-11e5-8482-ac72891c3257,high,,
185,atmos.rsuscs.tavg-u-hxy-u.mon.glb,mon,atmos,surface_upwelling_shortwave_flux_in_air_assuming_clear_sky,W m-2,area: time: mean,area: areacella,Surface Upwelling Clear-Sky Shortwave Radiation,Surface Upwelling Clear-sky Shortwave Radiation,,longitude latitude time,rsuscs,real,up,XY-na,time-intv,Amon,rsuscs,rsuscs,tavg-u-hxy-u,rsuscs_tavg-u-hxy-u,glb,Amon.rsuscs,atmos.rsuscs.tavg-u-hxy-u.mon.glb,bab670b4-e5dd-11e5-8482-ac72891c3257,core,,
186,atmos.rsut.tavg-u-hxy-u.day.glb,day,atmos,toa_outgoing_shortwave_flux,W m-2,area: time: mean,area: areacella,TOA Outgoing Shortwave Radiation,at the top of the atmosphere,,longitude latitude time,rsut,real,up,XY-na,time-intv,CFday,rsut,rsut,tavg-u-hxy-u,rsut_tavg-u-hxy-u,glb,CFday.rsut,atmos.rsut.tavg-u-hxy-u.day.glb,bab68392-e5dd-11e5-8482-ac72891c3257,high,,
187,atmos.rsut.tavg-u-hxy-u.mon.glb,mon,atmos,toa_outgoing_shortwave_flux,W m-2,area: time: mean,area: areacella,TOA Outgoing Shortwave Radiation,at the top of the atmosphere,,longitude latitude time,rsut,real,up,XY-na,time-intv,Amon,rsut,rsut,tavg-u-hxy-u,rsut_tavg-u-hxy-u,glb,Amon.rsut,atmos.rsut.tavg-u-hxy-u.mon.glb,bab68ebe-e5dd-11e5-8482-ac72891c3257,core,,
188,atmos.rsutcs.tavg-u-hxy-u.day.glb,day,atmos,toa_outgoing_shortwave_flux_assuming_clear_sky,W m-2,area: time: mean,area: areacella,TOA Outgoing Clear-Sky Shortwave Radiation,Calculated in the absence of clouds.,,longitude latitude time,rsutcs,real,up,XY-na,time-intv,CFday,rsutcs,rsutcs,tavg-u-hxy-u,rsutcs_tavg-u-hxy-u,glb,CFday.rsutcs,atmos.rsutcs.tavg-u-hxy-u.day.glb,bab69f76-e5dd-11e5-8482-ac72891c3257,high,,
189,atmos.rsutcs.tavg-u-hxy-u.mon.glb,mon,atmos,toa_outgoing_shortwave_flux_assuming_clear_sky,W m-2,area: time: mean,area: areacella,TOA Outgoing Clear-Sky Shortwave Radiation,Calculated in the absence of clouds.,,longitude latitude time,rsutcs,real,up,XY-na,time-intv,Amon,rsutcs,rsutcs,tavg-u-hxy-u,rsutcs_tavg-u-hxy-u,glb,Amon.rsutcs,atmos.rsutcs.tavg-u-hxy-u.mon.glb,bab69c06-e5dd-11e5-8482-ac72891c3257,core,,
190,atmos.rtmt.tavg-u-hxy-u.mon.glb,mon,atmos,net_downward_radiative_flux_at_top_of_atmosphere_model,W m-2,area: time: mean,area: areacella,Net Downward Radiative Flux at Top of Model,"i.e., at the top of that portion of the atmosphere where dynamics are explicitly treated by the model. This is reported only if it differs from the net downward radiative flux at the top of the atmosphere.",,longitude latitude time,rtmt,real,down,XY-na,time-intv,Amon,rtmt,rtmt,tavg-u-hxy-u,rtmt_tavg-u-hxy-u,glb,Amon.rtmt,atmos.rtmt.tavg-u-hxy-u.mon.glb,bab6a91c-e5dd-11e5-8482-ac72891c3257,high,,
191,atmos.sci.tavg-u-hxy-u.mon.glb,mon,atmos,shallow_convection_time_fraction,1,area: time: mean,area: areacella,Fraction of Time Shallow Convection Occurs,"Fraction of time that convection occurs in the grid cell. If native cell data is regridded, the area-weighted mean of the contributing cells should be reported.",For models with a distinct shallow convection scheme only.,longitude latitude time,sci,real,,XY-na,time-intv,Amon,sci,sci,tavg-u-hxy-u,sci_tavg-u-hxy-u,glb,Amon.sci,atmos.sci.tavg-u-hxy-u.mon.glb,bab6d180-e5dd-11e5-8482-ac72891c3257,high,,
193,atmos.sfcWind.tavg-h10m-hxy-u.1hr.glb,1hr,atmos,wind_speed,m s-1,area: time: mean,area: areacella,Near-Surface Wind Speed,Hourly near-surface wind speed at 10m above the ground,,longitude latitude time height10m,sfcWind,real,,XY-na,time-intv,E1hr,sfcWind,sfcWind,tavg-h10m-hxy-u,sfcWind_tavg-h10m-hxy-u,glb,E1hr.sfcWind,atmos.sfcWind.tavg-h10m-hxy-u.1hr.glb,83bbfbc0-7f07-11ef-9308-b1dd71e64bec,medium,,
194,atmos.sfcWind.tavg-h10m-hxy-u.day.glb,day,atmos,wind_speed,m s-1,area: time: mean,area: areacella,Near-Surface Wind Speed,"near-surface (usually, 10 meters) wind speed.",normally report this at 10 meters above the surface,longitude latitude time height10m,sfcWind,real,,XY-na,time-intv,day,sfcWind,sfcWind,tavg-h10m-hxy-u,sfcWind_tavg-h10m-hxy-u,glb,day.sfcWind,atmos.sfcWind.tavg-h10m-hxy-u.day.glb,bab6fe58-e5dd-11e5-8482-ac72891c3257,core,,
195,atmos.sfcWind.tavg-h10m-hxy-u.mon.glb,mon,atmos,wind_speed,m s-1,area: time: mean,area: areacella,Near-Surface Wind Speed,"This is the mean of the speed, not the speed computed from the mean u and v components of wind","normally, the the wind component should be reported at the 10 meter height",longitude latitude time height10m,sfcWind,real,,XY-na,time-intv,Amon,sfcWind,sfcWind,tavg-h10m-hxy-u,sfcWind_tavg-h10m-hxy-u,glb,Amon.sfcWind,atmos.sfcWind.tavg-h10m-hxy-u.mon.glb,bab6f494-e5dd-11e5-8482-ac72891c3257,core,,
196,atmos.sfcWind.tmax-h10m-hxy-u.day.glb,day,atmos,wind_speed,m s-1,area: mean time: maximum,area: areacella,Daily Maximum Near-Surface Wind Speed,"Daily maximum near-surface (usually, 10 meters) wind speed.",normally report this at 10 meters above the surface,longitude latitude time height10m,sfcWind,real,,XY-na,time-intv,day,sfcWindmax,sfcWind,tmax-h10m-hxy-u,sfcWind_tmax-h10m-hxy-u,glb,day.sfcWindmax,atmos.sfcWind.tmax-h10m-hxy-u.day.glb,bab709de-e5dd-11e5-8482-ac72891c3257,high,,
197,atmos.sftlf.ti-u-hxy-u.fx.glb,fx,atmos,land_area_fraction,%,area: mean,area: areacella,Percentage of the Grid Cell Occupied by Land (Including Lakes),Percentage of horizontal area occupied by land.,"For atmospheres with more than 1 mesh (e.g., staggered grids), report areas that apply to surface vertical fluxes of energy.",longitude latitude,sftlf,real,,XY-na,None,fx,sftlf,sftlf,ti-u-hxy-u,sftlf_ti-u-hxy-u,glb,fx.sftlf,atmos.sftlf.ti-u-hxy-u.fx.glb,bab742c8-e5dd-11e5-8482-ac72891c3257,core,,
198,atmos.smc.tavg-alh-hxy-u.mon.glb,mon,atmos,atmosphere_net_upward_shallow_convective_mass_flux,kg m-2 s-1,area: time: mean,area: areacella,Shallow Convective Mass Flux,"The net mass flux represents the difference between the updraft and downdraft components.  For models with a distinct shallow convection scheme, this is calculated as convective mass flux divided by the area of the whole grid cell (not just the area of the cloud).","Report on model half-levels (i.e., model layer bounds and not standard pressures).",longitude latitude alevhalf time,smc,real,up,XY-AH,time-intv,CFmon,smc,smc,tavg-alh-hxy-u,smc_tavg-alh-hxy-u,glb,CFmon.smc,atmos.smc.tavg-alh-hxy-u.mon.glb,bab7bdf2-e5dd-11e5-8482-ac72891c3257,high,,
199,atmos.ta.tavg-700hPa-hxy-air.day.glb,day,atmos,air_temperature,K,area: time: mean where air,area: areacella,Air Temperature,Air temperature at 700hPa,"at 700 hPa level. CHANGE SINCE CMIP6 in Cell Methods - CMIP6:area: time: mean CMIP7:area: time: mean where air,",longitude latitude time p700,ta,real,,XY-na,time-intv,CFday,ta700,ta,tavg-700hPa-hxy-air,ta_tavg-700hPa-hxy-air,glb,CFday.ta700,atmos.ta.tavg-700hPa-hxy-air.day.glb,bab8e876-e5dd-11e5-8482-ac72891c3257,high,,
200,atmos.ta.tavg-al-hxy-u.mon.glb,mon,atmos,air_temperature,K,area: time: mean,area: areacella,Air Temperature,Air Temperature,,longitude latitude alevel time,ta,real,,XY-A,time-intv,CFmon,ta,ta,tavg-al-hxy-u,ta_tavg-al-hxy-u,glb,CFmon.ta,atmos.ta.tavg-al-hxy-u.mon.glb,bab8ff64-e5dd-11e5-8482-ac72891c3257,high,,
201,atmos.ta.tavg-p19-hxy-air.day.glb,day,atmos,air_temperature,K,area: time: mean where air,area: areacella,Air Temperature,Air Temperature,"CHANGE SINCE CMIP6 in Dimensions - CMIP6:longitude latitude plev8 time CMIP7:longitude latitude plev19 time, CHANGE SINCE CMIP6 in Cell Methods - CMIP6:time: mean CMIP7:area: time: mean where air,",longitude latitude plev19 time,ta,real,,XY-P19,time-intv,day,ta,ta,tavg-p19-hxy-air,ta_tavg-p19-hxy-air,glb,day.ta,atmos.ta.tavg-p19-hxy-air.day.glb,bab902e8-e5dd-11e5-8482-ac72891c3257,core,,
202,atmos.ta.tavg-p19-hxy-air.mon.glb,mon,atmos,air_temperature,K,area: time: mean where air,area: areacella,Air Temperature,Air Temperature,"CHANGE SINCE CMIP6 in Cell Methods - CMIP6:time: mean CMIP7:area: time: mean where air,",longitude latitude plev19 time,ta,real,,XY-P19,time-intv,Amon,ta,ta,tavg-p19-hxy-air,ta_tavg-p19-hxy-air,glb,Amon.ta,atmos.ta.tavg-p19-hxy-air.mon.glb,bab8fa0a-e5dd-11e5-8482-ac72891c3257,core,,
203,atmos.ta.tpt-al-hxy-u.6hr.glb,6hr,atmos,air_temperature,K,area: mean time: point,area: areacella,Air Temperature,Air Temperature,on all model levels,longitude latitude alevel time1,ta,real,,XY-A,time-point,6hrLev,ta,ta,tpt-al-hxy-u,ta_tpt-al-hxy-u,glb,6hrLev.ta,atmos.ta.tpt-al-hxy-u.6hr.glb,bab8f686-e5dd-11e5-8482-ac72891c3257,high,,
204,atmos.ta.tpt-p3-hxy-air.6hr.glb,6hr,atmos,air_temperature,K,area: mean where air time: point,area: areacella,Air Temperature,Air Temperature,"On the following pressure levels: 850, 500, 250 hPa
CHANGE SINCE CMIP6 in Cell Methods - CMIP6:area: mean time: point CMIP7:area: mean where air time: point,",longitude latitude plev3 time1,ta,real,,XY-P3,time-point,6hrPlevPt,ta,ta,tpt-p3-hxy-air,ta_tpt-p3-hxy-air,glb,6hrPlevPt.ta,atmos.ta.tpt-p3-hxy-air.6hr.glb,6a35d178-aa6a-11e6-9736-5404a60d96b5,core,,
205,atmos.ta.tpt-p7h-hxy-air.6hr.glb,6hr,atmos,air_temperature,K,area: mean where air time: point,area: areacella,Air Temperature,"Extra levels - 925, 700, 600, 300, 50","CHANGE SINCE CMIP6 in Cell Methods - CMIP6:area: mean time: point CMIP7:area: mean where air time: point,",longitude latitude plev7h time1,ta,real,,XY-P7T,time-point,6hrPlevPt,ta,ta,tpt-p7h-hxy-air,ta_tpt-p7h-hxy-air,glb,6hrPlevPt.ta7h,atmos.ta.tpt-p7h-hxy-air.6hr.glb,713943fa-faa7-11e6-bfb7-ac72891c3257,high,,
206,atmos.tas.tavg-h2m-hxy-u.day.glb,day,atmos,air_temperature,K,area: time: mean,area: areacella,Near-Surface Air Temperature,"near-surface (usually, 2 meter) air temperature",normally report this at 2 meters above the surface,longitude latitude time height2m,tas,real,,XY-na,time-intv,day,tas,tas,tavg-h2m-hxy-u,tas_tavg-h2m-hxy-u,glb,day.tas,atmos.tas.tavg-h2m-hxy-u.day.glb,bab928ae-e5dd-11e5-8482-ac72891c3257,core,,
207,atmos.tas.tavg-h2m-hxy-u.mon.glb,mon,atmos,air_temperature,K,area: time: mean,area: areacella,Near-Surface Air Temperature,"near-surface (usually, 2 meter) air temperature",normally report this at 2 meters above the surface,longitude latitude time height2m,tas,real,,XY-na,time-intv,Amon,tas,tas,tavg-h2m-hxy-u,tas_tavg-h2m-hxy-u,glb,Amon.tas,atmos.tas.tavg-h2m-hxy-u.mon.glb,bab9237c-e5dd-11e5-8482-ac72891c3257,core,,
208,atmos.tas.tmax-h2m-hxy-u.day.glb,day,atmos,air_temperature,K,area: mean time: maximum,area: areacella,Daily Maximum Near-Surface Air Temperature,"maximum near-surface (usually, 2 meter) air temperature (add cell_method attribute ""time: max"")",normally report this at 2 meters above the surface,longitude latitude time height2m,tas,real,,XY-na,time-intv,day,tasmax,tas,tmax-h2m-hxy-u,tas_tmax-h2m-hxy-u,glb,day.tasmax,atmos.tas.tmax-h2m-hxy-u.day.glb,bab94a50-e5dd-11e5-8482-ac72891c3257,core,,
209,atmos.tas.tmaxavg-h2m-hxy-u.mon.glb,mon,atmos,air_temperature,K,area: mean time: maximum within days time: mean over days,area: areacella,Daily Maximum Near-Surface Air Temperature,monthly mean of the daily-maximum near-surface air temperature.,"Normally, this should be reported at the 2 meter height. CHANGE SINCE CMIP6 in Dimensions - CMIP6:longitude latitude time height2m CMIP7:longitude latitude time4 height2m,",longitude latitude time4 height2m,tas,real,,XY-na,monthly-mean-daily-stat,Amon,tasmax,tas,tmaxavg-h2m-hxy-u,tas_tmaxavg-h2m-hxy-u,glb,Amon.tasmax,atmos.tas.tmaxavg-h2m-hxy-u.mon.glb,bab942a8-e5dd-11e5-8482-ac72891c3257,core,,
210,atmos.tas.tmin-h2m-hxy-u.day.glb,day,atmos,air_temperature,K,area: mean time: minimum,area: areacella,Daily Minimum Near-Surface Air Temperature,"minimum near-surface (usually, 2 meter) air temperature (add cell_method attribute ""time: min"")",normally report this at 2 meters above the surface,longitude latitude time height2m,tas,real,,XY-na,time-intv,day,tasmin,tas,tmin-h2m-hxy-u,tas_tmin-h2m-hxy-u,glb,day.tasmin,atmos.tas.tmin-h2m-hxy-u.day.glb,bab95fae-e5dd-11e5-8482-ac72891c3257,core,,
211,atmos.tas.tminavg-h2m-hxy-u.mon.glb,mon,atmos,air_temperature,K,area: mean time: minimum within days time: mean over days,area: areacella,Daily Minimum Near-Surface Air Temperature,monthly mean of the daily-minimum near-surface air temperature.,"Normally, this should be reported at the 2 meter height. CHANGE SINCE CMIP6 in Dimensions - CMIP6:longitude latitude time height2m CMIP7:longitude latitude time4 height2m,",longitude latitude time4 height2m,tas,real,,XY-na,monthly-mean-daily-stat,Amon,tasmin,tas,tminavg-h2m-hxy-u,tas_tminavg-h2m-hxy-u,glb,Amon.tasmin,atmos.tas.tminavg-h2m-hxy-u.mon.glb,bab955ea-e5dd-11e5-8482-ac72891c3257,core,,
212,atmos.tas.tpt-h2m-hxy-u.3hr.glb,3hr,atmos,air_temperature,K,area: mean time: point,area: areacella,Near-Surface Air Temperature,This is sampled synoptically.,normally report this at 2 meters above the surface,longitude latitude time1 height2m,tas,real,,XY-na,time-point,3hr,tas,tas,tpt-h2m-hxy-u,tas_tpt-h2m-hxy-u,glb,3hr.tas,atmos.tas.tpt-h2m-hxy-u.3hr.glb,bab91b20-e5dd-11e5-8482-ac72891c3257,core,,
213,atmos.tauu.tavg-u-hxy-u.mon.glb,mon,atmos,surface_downward_eastward_stress,Pa,area: time: mean,area: areacella,Surface Downward Eastward Wind Stress,Downward eastward wind stress at the surface,,longitude latitude time,tauu,real,down,XY-na,time-intv,Amon,tauu,tauu,tavg-u-hxy-u,tauu_tavg-u-hxy-u,glb,Amon.tauu,atmos.tauu.tavg-u-hxy-u.mon.glb,bab96cc4-e5dd-11e5-8482-ac72891c3257,core,,
214,atmos.tauv.tavg-u-hxy-u.mon.glb,mon,atmos,surface_downward_northward_stress,Pa,area: time: mean,area: areacella,Surface Downward Northward Wind Stress,Downward northward wind stress at the surface,,longitude latitude time,tauv,real,down,XY-na,time-intv,Amon,tauv,tauv,tavg-u-hxy-u,tauv_tavg-u-hxy-u,glb,Amon.tauv,atmos.tauv.tavg-u-hxy-u.mon.glb,bab9888a-e5dd-11e5-8482-ac72891c3257,core,,
215,atmos.tnhus.tavg-al-hxy-u.mon.glb,mon,atmos,tendency_of_specific_humidity,s-1,area: time: mean,area: areacella,Tendency of Specific Humidity,Tendency of Specific Humidity,,longitude latitude alevel time,tnhus,real,,XY-A,time-intv,CFmon,tnhus,tnhus,tavg-al-hxy-u,tnhus_tavg-al-hxy-u,glb,CFmon.tnhus,atmos.tnhus.tavg-al-hxy-u.mon.glb,bab9ca3e-e5dd-11e5-8482-ac72891c3257,high,,
216,atmos.tnhusa.tavg-al-hxy-u.mon.glb,mon,atmos,tendency_of_specific_humidity_due_to_advection,s-1,area: time: mean,area: areacella,Tendency of Specific Humidity Due to Advection,Tendency of Specific Humidity due to Advection,,longitude latitude alevel time,tnhusa,real,,XY-A,time-intv,CFmon,tnhusa,tnhusa,tavg-al-hxy-u,tnhusa_tavg-al-hxy-u,glb,CFmon.tnhusa,atmos.tnhusa.tavg-al-hxy-u.mon.glb,bab9ce44-e5dd-11e5-8482-ac72891c3257,high,,
217,atmos.tnhusc.tavg-al-hxy-u.mon.glb,mon,atmos,tendency_of_specific_humidity_due_to_convection,s-1,area: time: mean,area: areacella,Tendency of Specific Humidity Due to Convection,Tendencies from cumulus convection scheme.,,longitude latitude alevel time,tnhusc,real,,XY-A,time-intv,CFmon,tnhusc,tnhusc,tavg-al-hxy-u,tnhusc_tavg-al-hxy-u,glb,CFmon.tnhusc,atmos.tnhusc.tavg-al-hxy-u.mon.glb,bab9d236-e5dd-11e5-8482-ac72891c3257,high,,
218,atmos.tnhusd.tavg-al-hxy-u.mon.glb,mon,atmos,tendency_of_specific_humidity_due_to_diffusion,s-1,area: time: mean,area: areacella,Tendency of Specific Humidity Due to Numerical Diffusion,"This includes any horizontal or vertical numerical moisture diffusion not associated with the parametrized moist physics or the resolved dynamics.  For example, any vertical diffusion which is part of the boundary layer mixing scheme should be excluded, as should any diffusion which is included in the terms from the resolved dynamics.   This term is required to check the closure of the moisture budget.",,longitude latitude alevel time,tnhusd,real,,XY-A,time-intv,CFmon,tnhusd,tnhusd,tavg-al-hxy-u,tnhusd_tavg-al-hxy-u,glb,CFmon.tnhusd,atmos.tnhusd.tavg-al-hxy-u.mon.glb,bab9d6c8-e5dd-11e5-8482-ac72891c3257,high,,
219,atmos.tnhusmp.tavg-al-hxy-u.mon.glb,mon,atmos,tendency_of_specific_humidity_due_to_model_physics,s-1,area: time: mean,area: areacella,Tendency of Specific Humidity Due to Model Physics,"This includes sources and sinks from parametrized moist physics (e.g. convection, boundary layer, stratiform condensation/evaporation, etc.) and excludes sources and sinks from resolved dynamics or from horizontal or vertical numerical diffusion not associated with model physicsl.  For example any diffusive mixing by the boundary layer scheme would be included.",,longitude latitude alevel time,tnhusmp,real,,XY-A,time-intv,CFmon,tnhusmp,tnhusmp,tavg-al-hxy-u,tnhusmp_tavg-al-hxy-u,glb,CFmon.tnhusmp,atmos.tnhusmp.tavg-al-hxy-u.mon.glb,bab9db28-e5dd-11e5-8482-ac72891c3257,high,,
220,atmos.tnhuspbl.tavg-al-hxy-u.mon.glb,mon,atmos,tendency_of_specific_humidity_due_to_boundary_layer_mixing,s-1,area: time: mean,area: areacella,Tendency of Specific Humidity Due to Boundary Layer Mixing,Includes all boundary layer terms including diffusive terms.,,longitude latitude alevel time,tnhuspbl,real,,XY-A,time-intv,Emon,tnhuspbl,tnhuspbl,tavg-al-hxy-u,tnhuspbl_tavg-al-hxy-u,glb,Emon.tnhuspbl,atmos.tnhuspbl.tavg-al-hxy-u.mon.glb,8b89cee8-4a5b-11e6-9cd2-ac72891c3257,high,,
221,atmos.tnhusscp.tavg-al-hxy-u.mon.glb,mon,atmos,tendency_of_specific_humidity_due_to_stratiform_cloud_and_precipitation,s-1,area: time: mean,area: areacella,Tendency of Specific Humidity Due to Stratiform Clouds and Precipitation,"The phrase ""tendency_of_X"" means derivative of X with respect to time. ""Specific"" means per unit mass. Specific humidity is the mass fraction of water vapor in (moist) air. The specification of a physical process by the phrase ""due_to_"" process means that the quantity named is a single term in a sum of terms which together compose the general quantity named by omitting the phrase. A variable with the standard name of tendency_of_specific_humidity_due_to_stratiform_cloud_and_precipitation should contain the effects of all processes which convert stratiform clouds and precipitation to or from water vapor. In an atmosphere model, stratiform cloud is that produced by large-scale convergence (not the convection schemes).",,longitude latitude alevel time,tnhusscp,real,,XY-A,time-intv,Emon,tnhusscp,tnhusscp,tavg-al-hxy-u,tnhusscp_tavg-al-hxy-u,glb,Emon.tnhusscp,atmos.tnhusscp.tavg-al-hxy-u.mon.glb,8b89d456-4a5b-11e6-9cd2-ac72891c3257,high,,
222,atmos.tnhusscpbl.tavg-al-hxy-u.mon.glb,mon,atmos,tendency_of_specific_humidity_due_to_stratiform_cloud_and_precipitation_and_boundary_layer_mixing,s-1,area: time: mean,area: areacella,Tendency of Specific Humidity Due to Stratiform Cloud and Precipitation and Boundary Layer Mixing,"To be specified only in  models which do not separate budget terms for stratiform cloud, precipitation and boundary layer schemes.  Includes all bounday layer terms including and diffusive terms.",,longitude latitude alevel time,tnhusscpbl,real,,XY-A,time-intv,CFmon,tnhusscpbl,tnhusscpbl,tavg-al-hxy-u,tnhusscpbl_tavg-al-hxy-u,glb,CFmon.tnhusscpbl,atmos.tnhusscpbl.tavg-al-hxy-u.mon.glb,bab9dfd8-e5dd-11e5-8482-ac72891c3257,high,,
223,atmos.tnt.tavg-al-hxy-u.mon.glb,mon,atmos,tendency_of_air_temperature,K s-1,area: time: mean,area: areacella,Tendency of Air Temperature,Tendency of Air Temperature,,longitude latitude alevel time,tnt,real,,XY-A,time-intv,CFmon,tnt,tnt,tavg-al-hxy-u,tnt_tavg-al-hxy-u,glb,CFmon.tnt,atmos.tnt.tavg-al-hxy-u.mon.glb,baba4b30-e5dd-11e5-8482-ac72891c3257,high,,
224,atmos.tnta.tavg-al-hxy-u.mon.glb,mon,atmos,tendency_of_air_temperature_due_to_advection,K s-1,area: time: mean,area: areacella,Tendency of Air Temperature Due to Advection,Tendency of Air Temperature due to Advection,,longitude latitude alevel time,tnta,real,,XY-A,time-intv,CFmon,tnta,tnta,tavg-al-hxy-u,tnta_tavg-al-hxy-u,glb,CFmon.tnta,atmos.tnta.tavg-al-hxy-u.mon.glb,baba4f22-e5dd-11e5-8482-ac72891c3257,high,,
225,atmos.tntc.tavg-al-hxy-u.mon.glb,mon,atmos,tendency_of_air_temperature_due_to_convection,K s-1,area: time: mean,area: areacella,Tendency of Air Temperature Due to Convection,Tendencies from cumulus convection scheme.,,longitude latitude alevel time,tntc,real,,XY-A,time-intv,CFmon,tntc,tntc,tavg-al-hxy-u,tntc_tavg-al-hxy-u,glb,CFmon.tntc,atmos.tntc.tavg-al-hxy-u.mon.glb,baba5300-e5dd-11e5-8482-ac72891c3257,high,,
226,atmos.tntd.tavg-al-hxy-u.mon.glb,mon,atmos,tendency_of_air_temperature_due_to_diffusion,K s-1,area: time: mean,area: areacella,Tendency of Air Temperature Due to Numerical Diffusion,"This includes any horizontal or vertical numerical temperature diffusion not associated with the parametrized moist physics or the resolved dynamics.  For example, any vertical diffusion which is part of the boundary layer mixing scheme should be excluded, as should any diffusion which is included in the terms from the resolved dynamics.   This term is required to check the closure of the temperature budget.",,longitude latitude alevel time,tntd,real,,XY-A,time-intv,Emon,tntd,tntd,tavg-al-hxy-u,tntd_tavg-al-hxy-u,glb,Emon.tntd,atmos.tntd.tavg-al-hxy-u.mon.glb,8b89be4e-4a5b-11e6-9cd2-ac72891c3257,high,,
227,atmos.tntmp.tavg-al-hxy-u.mon.glb,mon,atmos,tendency_of_air_temperature_due_to_model_physics,K s-1,area: time: mean,area: areacella,Tendency of Air Temperature Due to Model Physics,"This includes sources and sinks from parametrized physics (e.g. radiation, convection, boundary layer, stratiform condensation/evaporation, etc.). It excludes sources and sinks from resolved dynamics and numerical diffusion not associated with parametrized physics.  For example, any vertical diffusion which is part of the boundary layer mixing scheme should be included, while numerical diffusion applied in addition to physics or resolved dynamics should be excluded.  This term is required to check the closure of the heat budget.",,longitude latitude alevel time,tntmp,real,,XY-A,time-intv,CFmon,tntmp,tntmp,tavg-al-hxy-u,tntmp_tavg-al-hxy-u,glb,CFmon.tntmp,atmos.tntmp.tavg-al-hxy-u.mon.glb,baba5d78-e5dd-11e5-8482-ac72891c3257,high,,
228,atmos.tntpbl.tavg-al-hxy-u.mon.glb,mon,atmos,tendency_of_air_temperature_due_to_boundary_layer_mixing,K s-1,area: time: mean,area: areacella,Tendency of Air Temperature Due to Boundary Layer Mixing,Includes all boundary layer terms including diffusive terms.,,longitude latitude alevel time,tntpbl,real,,XY-A,time-intv,Emon,tntpbl,tntpbl,tavg-al-hxy-u,tntpbl_tavg-al-hxy-u,glb,Emon.tntpbl,atmos.tntpbl.tavg-al-hxy-u.mon.glb,8b89c3ee-4a5b-11e6-9cd2-ac72891c3257,high,,
229,atmos.tntr.tavg-al-hxy-u.mon.glb,mon,atmos,tendency_of_air_temperature_due_to_radiative_heating,K s-1,area: time: mean,area: areacella,Tendency of Air Temperature Due to Radiative Heating,Tendency of Air Temperature due to Radiative Heating,,longitude latitude alevel time,tntr,real,,XY-A,time-intv,CFmon,tntr,tntr,tavg-al-hxy-u,tntr_tavg-al-hxy-u,glb,CFmon.tntr,atmos.tntr.tavg-al-hxy-u.mon.glb,baba617e-e5dd-11e5-8482-ac72891c3257,high,,
230,atmos.tntrl.tavg-al-hxy-u.mon.glb,mon,atmos,tendency_of_air_temperature_due_to_longwave_heating,K s-1,area: time: mean,area: areacella,Tendency of Air Temperature Due to Longwave Radiative Heating,longwave heating rates,,longitude latitude alevel time,tntrl,real,,XY-A,time-intv,AERmon,tntrl,tntrl,tavg-al-hxy-u,tntrl_tavg-al-hxy-u,glb,AERmon.tntrl,atmos.tntrl.tavg-al-hxy-u.mon.glb,01d409fc-c792-11e6-aa58-5404a60d96b5,high,,
231,atmos.tntrlcs.tavg-al-hxy-u.mon.glb,mon,atmos,tendency_of_air_temperature_due_to_longwave_heating_assuming_clear_sky,K s-1,area: time: mean,area: areacella,Tendency of Air Temperature Due to Clear Sky Longwave Radiative Heating,Tendency of Air Temperature due to Clear Sky Longwave Radiative Heating,,longitude latitude alevel time,tntrlcs,real,,XY-A,time-intv,Emon,tntrlcs,tntrlcs,tavg-al-hxy-u,tntrlcs_tavg-al-hxy-u,glb,Emon.tntrlcs,atmos.tntrlcs.tavg-al-hxy-u.mon.glb,8b89b296-4a5b-11e6-9cd2-ac72891c3257,high,,
232,atmos.tntrs.tavg-al-hxy-u.mon.glb,mon,atmos,tendency_of_air_temperature_due_to_shortwave_heating,K s-1,area: time: mean,area: areacella,Tendency of Air Temperature Due to Shortwave Radiative Heating,shortwave heating rates,,longitude latitude alevel time,tntrs,real,,XY-A,time-intv,AERmon,tntrs,tntrs,tavg-al-hxy-u,tntrs_tavg-al-hxy-u,glb,AERmon.tntrs,atmos.tntrs.tavg-al-hxy-u.mon.glb,01d3ff0c-c792-11e6-aa58-5404a60d96b5,high,,
233,atmos.tntrscs.tavg-al-hxy-u.mon.glb,mon,atmos,tendency_of_air_temperature_due_to_shortwave_heating_assuming_clear_sky,K s-1,area: time: mean,area: areacella,Tendency of Air Temperature Due to Clear Sky Shortwave Radiative Heating,Tendency of Air Temperature due to Clear Sky Shortwave Radiative Heating,,longitude latitude alevel time,tntrscs,real,,XY-A,time-intv,Emon,tntrscs,tntrscs,tavg-al-hxy-u,tntrscs_tavg-al-hxy-u,glb,Emon.tntrscs,atmos.tntrscs.tavg-al-hxy-u.mon.glb,8b89b84a-4a5b-11e6-9cd2-ac72891c3257,high,,
234,atmos.tntscp.tavg-al-hxy-u.mon.glb,mon,atmos,tendency_of_air_temperature_due_to_stratiform_cloud_and_precipitation,K s-1,area: time: mean,area: areacella,Tendency of Air Temperature Due to Stratiform Clouds and Precipitation,"The phrase ""tendency_of_X"" means derivative of X with respect to time. Air temperature is the bulk temperature of the air, not the surface (skin) temperature. The specification of a physical process by the phrase ""due_to_"" process means that the quantity named is a single term in a sum of terms which together compose the general quantity named by omitting the phrase. A variable with the standard name tendency_of_air_temperature_due_to_stratiform_cloud_and_precipitation should contain net latent heating effects of all processes which convert stratiform clouds and precipitation between water vapour, liquid or ice phases. In an atmosphere model, stratiform cloud is that produced by large-scale convergence (not the convection schemes).",,longitude latitude alevel time,tntscp,real,,XY-A,time-intv,Emon,tntscp,tntscp,tavg-al-hxy-u,tntscp_tavg-al-hxy-u,glb,Emon.tntscp,atmos.tntscp.tavg-al-hxy-u.mon.glb,8b89c970-4a5b-11e6-9cd2-ac72891c3257,high,,
235,atmos.tntscpbl.tavg-al-hxy-u.mon.glb,mon,atmos,tendency_of_air_temperature_due_to_stratiform_cloud_and_precipitation_and_boundary_layer_mixing,K s-1,area: time: mean,area: areacella,Tendency of Air Temperature Due to Stratiform Cloud and Precipitation and Boundary Layer Mixing,"To be specified only in  models which do not separate cloud, precipitation and boundary layer terms.  Includes all boundary layer terms including diffusive ones.",,longitude latitude alevel time,tntscpbl,real,,XY-A,time-intv,CFmon,tntscpbl,tntscpbl,tavg-al-hxy-u,tntscpbl_tavg-al-hxy-u,glb,CFmon.tntscpbl,atmos.tntscpbl.tavg-al-hxy-u.mon.glb,baba657a-e5dd-11e5-8482-ac72891c3257,high,,
236,atmos.ts.tavg-u-hxy-u.1hr.glb,1hr,atmos,surface_temperature,K,area: time: mean,area: areacella,Surface Temperature,Surface temperature (skin for open ocean),,longitude latitude time,ts,real,,XY-na,time-intv,E1hr,ts,ts,tavg-u-hxy-u,ts_tavg-u-hxy-u,glb,E1hr.ts,atmos.ts.tavg-u-hxy-u.1hr.glb,83bbfbbe-7f07-11ef-9308-b1dd71e64bec,medium,,
237,atmos.ts.tavg-u-hxy-u.mon.glb,mon,atmos,surface_temperature,K,area: time: mean,area: areacella,Surface Temperature,Surface temperature (skin for open ocean),,longitude latitude time,ts,real,,XY-na,time-intv,Amon,ts,ts,tavg-u-hxy-u,ts_tavg-u-hxy-u,glb,Amon.ts,atmos.ts.tavg-u-hxy-u.mon.glb,babaef0e-e5dd-11e5-8482-ac72891c3257,core,,
238,atmos.ts.tpt-u-hxy-u.6hr.glb,6hr,atmos,surface_temperature,K,area: mean time: point,area: areacella,Surface Temperature,Temperature of the lower boundary of the atmosphere,,longitude latitude time1,ts,real,,XY-na,time-point,6hrPlevPt,ts,ts,tpt-u-hxy-u,ts_tpt-u-hxy-u,glb,6hrPlevPt.ts,atmos.ts.tpt-u-hxy-u.6hr.glb,8bb06940-4a5b-11e6-9cd2-ac72891c3257,high,,
239,atmos.ua.tavg-p19-hxy-air.day.glb,day,atmos,eastward_wind,m s-1,area: time: mean where air,area: areacella,Eastward Wind,Zonal wind (positive in a eastward direction).,"CHANGE SINCE CMIP6 in Dimensions - CMIP6:longitude latitude plev8 time CMIP7:longitude latitude plev19 time, CHANGE SINCE CMIP6 in Cell Methods - CMIP6:time: mean CMIP7:area: time: mean where air,",longitude latitude plev19 time,ua,real,,XY-P19,time-intv,day,ua,ua,tavg-p19-hxy-air,ua_tavg-p19-hxy-air,glb,day.ua,atmos.ua.tavg-p19-hxy-air.day.glb,babb5084-e5dd-11e5-8482-ac72891c3257,core,,
240,atmos.ua.tavg-p19-hxy-air.mon.glb,mon,atmos,eastward_wind,m s-1,area: time: mean where air,area: areacella,Eastward Wind,Zonal wind (positive in a eastward direction).,"CHANGE SINCE CMIP6 in Cell Methods - CMIP6:time: mean CMIP7:area: time: mean where air,",longitude latitude plev19 time,ua,real,,XY-P19,time-intv,Amon,ua,ua,tavg-p19-hxy-air,ua_tavg-p19-hxy-air,glb,Amon.ua,atmos.ua.tavg-p19-hxy-air.mon.glb,babb4b34-e5dd-11e5-8482-ac72891c3257,core,,
241,atmos.ua.tpt-al-hxy-u.6hr.glb,6hr,atmos,eastward_wind,m s-1,area: mean time: point,area: areacella,Eastward Wind,Zonal wind (positive in a eastward direction).,"on all model levels. CHANGE SINCE CMIP6 in Cell Methods - CMIP6:time: point CMIP7:area: mean time: point,
CHANGE SINCE CMIP6 in Cell Measures - CMIP6:::OPT CMIP7:area: areacella,",longitude latitude alevel time1,ua,real,,XY-A,time-point,6hrLev,ua,ua,tpt-al-hxy-u,ua_tpt-al-hxy-u,glb,6hrLev.ua,atmos.ua.tpt-al-hxy-u.6hr.glb,babb47a6-e5dd-11e5-8482-ac72891c3257,high,,
242,atmos.ua.tpt-h100m-hxy-u.1hr.glb,1hr,atmos,eastward_wind,m s-1,area: mean time: point,area: areacella,Eastward Wind at 100m,Zonal wind (positive in a eastward direction) at 100m above the surface,Instantaneous values,longitude latitude time1 height100m,ua,real,,XY-na,time-point,E1hr,ua100m,ua,tpt-h100m-hxy-u,ua_tpt-h100m-hxy-u,glb,E1hr.ua100m,atmos.ua.tpt-h100m-hxy-u.1hr.glb,83bbfc7f-7f07-11ef-9308-b1dd71e64bec,high,,
243,atmos.ua.tpt-p3-hxy-air.6hr.glb,6hr,atmos,eastward_wind,m s-1,area: mean where air time: point,area: areacella,Eastward Wind,Zonal wind (positive in a eastward direction).,"On the following pressure levels: 850, 500, 250 hPa. CHANGE SINCE CMIP6 in Cell Methods - CMIP6:area: mean time: point CMIP7:area: mean where air time: point,",longitude latitude plev3 time1,ua,real,,XY-P3,time-point,6hrPlevPt,ua,ua,tpt-p3-hxy-air,ua_tpt-p3-hxy-air,glb,6hrPlevPt.ua,atmos.ua.tpt-p3-hxy-air.6hr.glb,8bae55ba-4a5b-11e6-9cd2-ac72891c3257,core,,
244,atmos.ua.tpt-p7h-hxy-air.6hr.glb,6hr,atmos,eastward_wind,m s-1,area: mean where air time: point,area: areacella,Eastward Wind,Zonal wind (positive in a eastward direction).,"CHANGE SINCE CMIP6 in Cell Methods - CMIP6:area: mean time: point CMIP7:area: mean where air time: point,",longitude latitude plev7h time1,ua,real,,XY-P7T,time-point,6hrPlevPt,ua,ua,tpt-p7h-hxy-air,ua_tpt-p7h-hxy-air,glb,6hrPlevPt.ua7h,atmos.ua.tpt-p7h-hxy-air.6hr.glb,713f2efa-faa7-11e6-bfb7-ac72891c3257,high,,
245,atmos.uas.tavg-h10m-hxy-u.day.glb,day,atmos,eastward_wind,m s-1,area: time: mean,area: areacella,Eastward Near-Surface Wind,"Eastward component of the near-surface (usually, 10 meters)  wind",normally report this at 10 meters above the surface,longitude latitude time height10m,uas,real,,XY-na,time-intv,day,uas,uas,tavg-h10m-hxy-u,uas_tavg-h10m-hxy-u,glb,day.uas,atmos.uas.tavg-h10m-hxy-u.day.glb,babb6cea-e5dd-11e5-8482-ac72891c3257,core,,
246,atmos.uas.tavg-h10m-hxy-u.mon.glb,mon,atmos,eastward_wind,m s-1,area: time: mean,area: areacella,Eastward Near-Surface Wind,"Eastward component of the near-surface (usually, 10 meters)  wind","normally, the the wind component should be reported at the 10 meter height",longitude latitude time height10m,uas,real,,XY-na,time-intv,Amon,uas,uas,tavg-h10m-hxy-u,uas_tavg-h10m-hxy-u,glb,Amon.uas,atmos.uas.tavg-h10m-hxy-u.mon.glb,babb67c2-e5dd-11e5-8482-ac72891c3257,core,,
247,atmos.uas.tpt-h10m-hxy-u.1hr.glb,1hr,atmos,eastward_wind,m s-1,area: mean time: point,area: areacella,Eastward Near-Surface Wind,Zonal wind (positive in a eastward direction) at 10 meters above the surface.,,longitude latitude time1 height10m,uas,real,,XY-na,time-point,E1hr,uas,uas,tpt-h10m-hxy-u,uas_tpt-h10m-hxy-u,glb,E1hr.uas,atmos.uas.tpt-h10m-hxy-u.1hr.glb,83bbfbbd-7f07-11ef-9308-b1dd71e64bec,high,,
248,atmos.uas.tpt-h10m-hxy-u.3hr.glb,3hr,atmos,eastward_wind,m s-1,area: mean time: point,area: areacella,Eastward Near-Surface Wind,This is sampled synoptically.,"CHANGE SINCE CMIP6: compound name,",longitude latitude time1 height10m,uas,real,,XY-na,time-point,3hrPt,uas,uas,tpt-h10m-hxy-u,uas_tpt-h10m-hxy-u,glb,3hrPt.uas,atmos.uas.tpt-h10m-hxy-u.3hr.glb,babb5db8-e5dd-11e5-8482-ac72891c3257,core,,
249,atmos.va.tavg-p19-hxy-air.day.glb,day,atmos,northward_wind,m s-1,area: time: mean where air,area: areacella,Northward Wind,Meridional wind (positive in a northward direction).,"CHANGE SINCE CMIP6 in Dimensions - CMIP6:longitude latitude plev8 time CMIP7:longitude latitude plev19 time, CHANGE SINCE CMIP6 in Cell Methods - CMIP6:time: mean CMIP7:area: time: mean where air,",longitude latitude plev19 time,va,real,,XY-P19,time-intv,day,va,va,tavg-p19-hxy-air,va_tavg-p19-hxy-air,glb,day.va,atmos.va.tavg-p19-hxy-air.day.glb,babbbbe6-e5dd-11e5-8482-ac72891c3257,core,,
250,atmos.va.tavg-p19-hxy-air.mon.glb,mon,atmos,northward_wind,m s-1,area: time: mean where air,area: areacella,Northward Wind,Meridional wind (positive in a northward direction).,,longitude latitude plev19 time,va,real,,XY-P19,time-intv,Amon,va,va,tavg-p19-hxy-air,va_tavg-p19-hxy-air,glb,Amon.va,atmos.va.tavg-p19-hxy-air.mon.glb,babbb25e-e5dd-11e5-8482-ac72891c3257,core,,
251,atmos.va.tpt-al-hxy-u.6hr.glb,6hr,atmos,northward_wind,m s-1,area: mean time: point,area: areacella,Northward Wind,Meridional wind (positive in a northward direction).,"on all model levels
CHANGE SINCE CMIP6 in Cell Methods - CMIP6:time: point CMIP7:area: mean time: point,
CHANGE SINCE CMIP6 in Cell Measures - CMIP6:::OPT CMIP7:area: areacella,",longitude latitude alevel time1,va,real,,XY-A,time-point,6hrLev,va,va,tpt-al-hxy-u,va_tpt-al-hxy-u,glb,6hrLev.va,atmos.va.tpt-al-hxy-u.6hr.glb,babbaebc-e5dd-11e5-8482-ac72891c3257,high,,
252,atmos.va.tpt-h100m-hxy-u.1hr.glb,1hr,atmos,northward_wind,m s-1,area: mean time: point,area: areacella,Northward Wind at 100m,Meridional wind (positive in a northward direction) at 100m above the surface.,Instantaneous values,longitude latitude time1 height100m,va,real,,XY-na,time-point,E1hr,va100m,va,tpt-h100m-hxy-u,va_tpt-h100m-hxy-u,glb,E1hr.va100m,atmos.va.tpt-h100m-hxy-u.1hr.glb,83bbfc7e-7f07-11ef-9308-b1dd71e64bec,high,,
253,atmos.va.tpt-p3-hxy-air.6hr.glb,6hr,atmos,northward_wind,m s-1,area: mean where air time: point,area: areacella,Northward Wind,Meridional wind (positive in a northward direction).,"on the following pressure levels: 850, 500, 250 hPa. CHANGE SINCE CMIP6 in Cell Methods - CMIP6:area: mean time: point CMIP7:area: mean where air time: point,",longitude latitude plev3 time1,va,real,,XY-P3,time-point,6hrPlevPt,va,va,tpt-p3-hxy-air,va_tpt-p3-hxy-air,glb,6hrPlevPt.va,atmos.va.tpt-p3-hxy-air.6hr.glb,8bae5aba-4a5b-11e6-9cd2-ac72891c3257,core,,
254,atmos.va.tpt-p7h-hxy-air.6hr.glb,6hr,atmos,northward_wind,m s-1,area: mean where air time: point,area: areacella,Northward Wind,Meridional wind (positive in a northward direction).,"CHANGE SINCE CMIP6 in Cell Methods - CMIP6:area: mean time: point CMIP7:area: mean where air time: point,",longitude latitude plev7h time1,va,real,,XY-P7T,time-point,6hrPlevPt,va,va,tpt-p7h-hxy-air,va_tpt-p7h-hxy-air,glb,6hrPlevPt.va7h,atmos.va.tpt-p7h-hxy-air.6hr.glb,713fda6c-faa7-11e6-bfb7-ac72891c3257,high,,
255,atmos.vas.tavg-h10m-hxy-u.day.glb,day,atmos,northward_wind,m s-1,area: time: mean,area: areacella,Northward Near-Surface Wind,Northward component of the near surface wind,normally report this at 10 meters above the surface,longitude latitude time height10m,vas,real,,XY-na,time-intv,day,vas,vas,tavg-h10m-hxy-u,vas_tavg-h10m-hxy-u,glb,day.vas,atmos.vas.tavg-h10m-hxy-u.day.glb,babbd25c-e5dd-11e5-8482-ac72891c3257,core,,
256,atmos.vas.tavg-h10m-hxy-u.mon.glb,mon,atmos,northward_wind,m s-1,area: time: mean,area: areacella,Northward Near-Surface Wind,Northward component of the near surface wind,"normally, the the wind component should be reported at the 10 meter height",longitude latitude time height10m,vas,real,,XY-na,time-intv,Amon,vas,vas,tavg-h10m-hxy-u,vas_tavg-h10m-hxy-u,glb,Amon.vas,atmos.vas.tavg-h10m-hxy-u.mon.glb,babbcd34-e5dd-11e5-8482-ac72891c3257,core,,
257,atmos.vas.tpt-h10m-hxy-u.1hr.glb,1hr,atmos,northward_wind,m s-1,area: mean time: point,area: areacella,Northward Near-Surface Wind,Meridional wind (positive in a northward direction) at 10 meters above the surface.,,longitude latitude time1 height10m,vas,real,,XY-na,time-point,E1hr,vas,vas,tpt-h10m-hxy-u,vas_tpt-h10m-hxy-u,glb,E1hr.vas,atmos.vas.tpt-h10m-hxy-u.1hr.glb,83bbfbbc-7f07-11ef-9308-b1dd71e64bec,high,,
258,atmos.vas.tpt-h10m-hxy-u.3hr.glb,3hr,atmos,northward_wind,m s-1,area: mean time: point,area: areacella,Northward Near-Surface Wind,This is sampled synoptically.,"CHANGE SINCE CMIP6: compound name,",longitude latitude time1 height10m,vas,real,,XY-na,time-point,3hrPt,vas,vas,tpt-h10m-hxy-u,vas_tpt-h10m-hxy-u,glb,3hrPt.vas,atmos.vas.tpt-h10m-hxy-u.3hr.glb,babbdec8-e5dd-11e5-8482-ac72891c3257,core,,
259,atmos.wap.tavg-500hPa-hxy-air.day.glb,day,atmos,lagrangian_tendency_of_air_pressure,Pa s-1,area: time: mean where air,area: areacella,Pressure Tendency,"at 500 hPa level; commonly referred to as ""omega"", this represents the vertical component of velocity in pressure coordinates (positive down)","CHANGE SINCE CMIP6 in Cell Methods - CMIP6:area: time: mean CMIP7:area: time: mean where air,",longitude latitude time p500,wap,real,,XY-na,time-intv,CFday,wap500,wap,tavg-500hPa-hxy-air,wap_tavg-500hPa-hxy-air,glb,CFday.wap500,atmos.wap.tavg-500hPa-hxy-air.day.glb,babd06a4-e5dd-11e5-8482-ac72891c3257,high,,
260,atmos.wap.tavg-p19-hxy-air.mon.glb,mon,atmos,lagrangian_tendency_of_air_pressure,Pa s-1,area: time: mean where air,area: areacella,Omega (=dp/dt),"commonly referred to as ""omega"", this represents the vertical component of velocity in pressure coordinates (positive down)","CHANGE SINCE CMIP6 in Cell Methods - CMIP6:time: mean CMIP7:area: time: mean where air,",longitude latitude plev19 time,wap,real,,XY-P19,time-intv,Amon,wap,wap,tavg-p19-hxy-air,wap_tavg-p19-hxy-air,glb,Amon.wap,atmos.wap.tavg-p19-hxy-air.mon.glb,babd0906-e5dd-11e5-8482-ac72891c3257,core,,
261,atmos.wap.tavg-p19-hxy-u.day.glb,day,atmos,lagrangian_tendency_of_air_pressure,Pa s-1,time: mean,area: areacella,Omega (=dp/dt),"commonly referred to as ""omega"", this represents the vertical component of velocity in pressure coordinates (positive down)","CHANGE SINCE CMIP6 in Dimensions - CMIP6:longitude latitude plev8 time CMIP7:longitude latitude plev19 time,",longitude latitude plev19 time,wap,real,,XY-P19,time-intv,day,wap,wap,tavg-p19-hxy-u,wap_tavg-p19-hxy-u,glb,day.wap,atmos.wap.tavg-p19-hxy-u.day.glb,babd0e56-e5dd-11e5-8482-ac72891c3257,core,,
262,atmos.wsg.tmax-h100m-hxy-u.1hr.glb,1hr,atmos,wind_speed_of_gust,m s-1,area: mean time: maximum,area: areacella,Maximum Wind Speed of Gust at 100m,Wind speed gust maximum at 100m above surface,Wind speed gust maximum at 100m above surface - hourly output,longitude latitude time height100m,wsg,real,,XY-na,time-intv,E1hr,wsgmax100m,wsg,tmax-h100m-hxy-u,wsg_tmax-h100m-hxy-u,glb,E1hr.wsgmax100m,atmos.wsg.tmax-h100m-hxy-u.1hr.glb,83bbfc7d-7f07-11ef-9308-b1dd71e64bec,high,,
263,atmos.wsg.tmax-h10m-hxy-u.1hr.glb,1hr,atmos,wind_speed_of_gust,m s-1,area: mean time: maximum,area: areacella,Maximum Wind Speed of Gust at 10m,Wind speed gust maximum at 10m above surface,Time maximum required,longitude latitude time height10m,wsg,real,,XY-na,time-intv,E1hr,wsgmax10m,wsg,tmax-h10m-hxy-u,wsg_tmax-h10m-hxy-u,glb,E1hr.wsgmax10m,atmos.wsg.tmax-h10m-hxy-u.1hr.glb,83bbfc7b-7f07-11ef-9308-b1dd71e64bec,high,,
264,atmos.zfull.ti-al-hxy-u.fx.glb,fx,atmos,height_above_reference_ellipsoid,m,area: mean,area: areacella,Altitude of Model Full-Levels,Provide only if altitude of full model levels is fixed,,longitude latitude alevel,zfull,real,,XY-A,None,fx,zfull,zfull,ti-al-hxy-u,zfull_ti-al-hxy-u,glb,fx.zfull,atmos.zfull.ti-al-hxy-u.fx.glb,0ea7a738776ef049ed7bef9c701a819c8c9ca036,low,,
265,atmos.zg.tavg-p19-hxy-air.day.glb,day,atmos,geopotential_height,m,area: time: mean where air,area: areacella,Geopotential Height,"Geopotential is the sum of the specific gravitational potential energy relative to the geoid and the specific centripetal potential energy. Geopotential height is the geopotential divided by the standard acceleration due to gravity. It is numerically similar to the altitude (or geometric height) and not to the quantity with standard name height, which is relative to the surface.","CHANGE SINCE CMIP6 in Dimensions - CMIP6:longitude latitude plev8 time CMIP7:longitude latitude plev19 time, CHANGE SINCE CMIP6 in Cell Methods - CMIP6:time: mean CMIP7:area: time: mean where air,",longitude latitude plev19 time,zg,real,,XY-P19,time-intv,day,zg,zg,tavg-p19-hxy-air,zg_tavg-p19-hxy-air,glb,day.zg,atmos.zg.tavg-p19-hxy-air.day.glb,babda032-e5dd-11e5-8482-ac72891c3257,core,,
266,atmos.zg.tavg-p19-hxy-air.mon.glb,mon,atmos,geopotential_height,m,area: time: mean where air,area: areacella,Geopotential Height,"Geopotential is the sum of the specific gravitational potential energy relative to the geoid and the specific centripetal potential energy. Geopotential height is the geopotential divided by the standard acceleration due to gravity. It is numerically similar to the altitude (or geometric height) and not to the quantity with standard name height, which is relative to the surface.","CHANGE SINCE CMIP6 in Cell Methods - CMIP6:time: mean CMIP7:area: time: mean where air,",longitude latitude plev19 time,zg,real,,XY-P19,time-intv,Amon,zg,zg,tavg-p19-hxy-air,zg_tavg-p19-hxy-air,glb,Amon.zg,atmos.zg.tavg-p19-hxy-air.mon.glb,babd9ace-e5dd-11e5-8482-ac72891c3257,core,,
267,atmos.zg.tpt-al-hxy-u.6hr.glb,6hr,atmos,geopotential_height,m,area: mean time: point,area: areacella,Geopotential height,Geopotential height,on all model levels,longitude latitude alevel time1,zg,real,,XY-A,time-point,6hrLev,zg,zg,tpt-al-hxy-u,zg_tpt-al-hxy-u,glb,6hrLev.zg,atmos.zg.tpt-al-hxy-u.6hr.glb,80ab720f-a698-11ef-914a-613c0433d878,high,,
268,atmos.zg.tpt-p7h-hxy-air.6hr.glb,6hr,atmos,geopotential_height,m,area: mean where air time: point,area: areacella,Geopotential Height,"Geopotential is the sum of the specific gravitational potential energy relative to the geoid and the specific centripetal potential energy. Geopotential height is the geopotential divided by the standard acceleration due to gravity. It is numerically similar to the altitude (or geometric height) and not to the quantity with standard name height, which is relative to the surface.","CHANGE SINCE CMIP6 in Cell Methods - CMIP6:area: mean time: point CMIP7:area: mean where air time: point,",longitude latitude plev7h time1,zg,real,,XY-P7T,time-point,6hrPlevPt,zg,zg,tpt-p7h-hxy-air,zg_tpt-p7h-hxy-air,glb,6hrPlevPt.zg7h,atmos.zg.tpt-p7h-hxy-air.6hr.glb,7d943832-1ab7-11e7-8dfc-5404a60d96b5,high,,
269,atmos.ztp.tavg-u-hxy-u.mon.glb,mon,atmos,tropopause_altitude,m,area: time: mean,area: areacella,Tropopause Altitude Above Geoid,2D monthly mean thermal tropopause calculated using WMO tropopause definition on 3d temperature,,longitude latitude time,ztp,real,,XY-na,time-intv,AERmon,ztp,ztp,tavg-u-hxy-u,ztp_tavg-u-hxy-u,glb,AERmon.ztp,atmos.ztp.tavg-u-hxy-u.mon.glb,19be55a8-81b1-11e6-92de-ac72891c3257,high,,