04:19:32.747 | WARNING | pint.util - Redefining 'percent' (<class 'pint.delegates.txt_defparser.plain.UnitDefinition'>)
04:19:32.750 | WARNING | pint.util - Redefining '%' (<class 'pint.delegates.txt_defparser.plain.UnitDefinition'>)
04:19:32.751 | WARNING | pint.util - Redefining 'year' (<class 'pint.delegates.txt_defparser.plain.UnitDefinition'>)
04:19:32.751 | WARNING | pint.util - Redefining 'yr' (<class 'pint.delegates.txt_defparser.plain.UnitDefinition'>)
04:19:32.752 | WARNING | pint.util - Redefining 'C' (<class 'pint.delegates.txt_defparser.plain.UnitDefinition'>)
04:19:32.752 | WARNING | pint.util - Redefining 'd' (<class 'pint.delegates.txt_defparser.plain.UnitDefinition'>)
04:19:32.752 | WARNING | pint.util - Redefining 'h' (<class 'pint.delegates.txt_defparser.plain.UnitDefinition'>)
04:19:32.753 | WARNING | pint.util - Redefining 'degrees_north' (<class 'pint.delegates.txt_defparser.plain.UnitDefinition'>)
04:19:32.753 | WARNING | pint.util - Redefining 'degrees_east' (<class 'pint.delegates.txt_defparser.plain.UnitDefinition'>)
04:19:32.754 | WARNING | pint.util - Redefining 'degrees' (<class 'pint.delegates.txt_defparser.plain.UnitDefinition'>)
04:19:32.754 | WARNING | pint.util - Redefining '[speed]' (<class 'pint.delegates.txt_defparser.plain.DerivedDimensionDefinition'>)
[03/13/26 04:19:32] WARNING  Import(s) unavailable to set up matplotlib support...skipping this portion of the setup.                                                                                                                    logging.py:10
Command line: "/work/ab0246/a270092/software/miniforge3/envs/pycmor_env/bin/pycmor --verbose process cmorize_sst.yaml"
pycmor version 1.0.2+22.g6ab5bb8.dirty
Run started at 2026-03-13 04:19:33
Processing cmorize_sst.yaml
################################################################################
---------------------
General Configuration
---------------------
CMIP_Tables_Dir: /work/ab0246/a270092/software/pycmor/src/pycmor/data/cmip7
CV_Dir: /work/ab0246/a270077/SciComp/Projects/pycmor/cmip6-cmor-tables/CMIP6_CVs
cmor_version: CMIP7
description: CMIP7 CMORization of SST for AWI-ESM3-VEG-LR piControl experiment
email: jan.streffing@awi.de
maintainer: Jan Streffing
mip: CMIP
name: AWI-ESM3-VEG-LR PI Control SST

--------------------
PyCMOR Configuration:
--------------------
DASK_CLUSTER: local
DASK_CLUSTER_SCALING_FIXED_JOBS: '5'
DASK_CLUSTER_SCALING_MAXIMUM_JOBS: '10'
DASK_CLUSTER_SCALING_MINIMUM_JOBS: '1'
DASK_CLUSTER_SCALING_MODE: adapt
DIMENSIONLESS_MAPPING_TABLE: /work/ab0246/a270092/software/pycmor/src/pycmor/data/dimensionless_mappings.yaml
ENABLE_DASK: 'False'
ENABLE_FLOX: 'yes'
ENABLE_OUTPUT_SUBDIRS: 'no'
FILE_TIMESPAN: 1YS
PARALLEL: 'False'
PARALLEL_BACKEND: dask
PIPELINE_WORKFLOW_ORCHESTRATOR: native
PREFECT_TASK_RUNNER: thread_pool
QUIET: 'False'
RAISE_ON_NO_RULE: 'no'
WARN_ON_NO_RULE: 'False'
XARRAY_DEFAULT_MISSING_VALUE: 1e+30
XARRAY_OPEN_MFDATASET_ENGINE: netcdf4
XARRAY_OPEN_MFDATASET_PARALLEL: 'False'
XARRAY_SKIP_UNIT_ATTR_FROM_DRV: 'yes'
XARRAY_TIME_DTYPE: float64
XARRAY_TIME_ENABLE_SET_AXIS: 'yes'
XARRAY_TIME_REMOVE_FILL_VALUE_ATTR: 'yes'
XARRAY_TIME_SET_LONG_NAME: 'yes'
XARRAY_TIME_SET_STANDARD_NAME: 'yes'
XARRAY_TIME_TAXIS_STR: T
XARRAY_TIME_UNLIMITED: 'yes'

################################################################################
Setting Dask cluster cluster=None in context!
Removing Dask cluster from context!
...post-init done!
Importing module 'pycmor.core.gather_inputs' to get callable 'load_mfdataset'
Importing module 'pycmor.std_lib' to get callable 'get_variable'
Importing module 'pycmor.std_lib' to get callable 'time_average'
Importing module 'pycmor.std_lib' to get callable 'convert_units'
Importing module 'pycmor.std_lib.setgrid' to get callable 'setgrid'
Importing module 'pycmor.std_lib' to get callable 'set_global_attributes'
Importing module 'pycmor.std_lib' to get callable 'trigger_compute'
Importing module 'pycmor.std_lib.files' to get callable 'save_dataset'
Setting Dask cluster cluster=None in context!
Removing Dask cluster from context!
Object creation done!
04:19:47.225 | WARNING | pint.util - Redefining 'percent' (<class 'pint.delegates.txt_defparser.plain.UnitDefinition'>)
04:19:47.225 | WARNING | pint.util - Redefining 'percent' (<class 'pint.delegates.txt_defparser.plain.UnitDefinition'>)
04:19:47.225 | WARNING | pint.util - Redefining 'percent' (<class 'pint.delegates.txt_defparser.plain.UnitDefinition'>)
04:19:47.225 | WARNING | pint.util - Redefining 'percent' (<class 'pint.delegates.txt_defparser.plain.UnitDefinition'>)
04:19:47.225 | WARNING | pint.util - Redefining 'percent' (<class 'pint.delegates.txt_defparser.plain.UnitDefinition'>)
04:19:47.226 | WARNING | pint.util - Redefining 'percent' (<class 'pint.delegates.txt_defparser.plain.UnitDefinition'>)
04:19:47.226 | WARNING | pint.util - Redefining 'percent' (<class 'pint.delegates.txt_defparser.plain.UnitDefinition'>)
04:19:47.228 | WARNING | pint.util - Redefining '%' (<class 'pint.delegates.txt_defparser.plain.UnitDefinition'>)
04:19:47.228 | WARNING | pint.util - Redefining '%' (<class 'pint.delegates.txt_defparser.plain.UnitDefinition'>)
04:19:47.228 | WARNING | pint.util - Redefining '%' (<class 'pint.delegates.txt_defparser.plain.UnitDefinition'>)
04:19:47.228 | WARNING | pint.util - Redefining '%' (<class 'pint.delegates.txt_defparser.plain.UnitDefinition'>)
04:19:47.228 | WARNING | pint.util - Redefining '%' (<class 'pint.delegates.txt_defparser.plain.UnitDefinition'>)
04:19:47.228 | WARNING | pint.util - Redefining '%' (<class 'pint.delegates.txt_defparser.plain.UnitDefinition'>)
04:19:47.228 | WARNING | pint.util - Redefining '%' (<class 'pint.delegates.txt_defparser.plain.UnitDefinition'>)
04:19:47.229 | WARNING | pint.util - Redefining 'year' (<class 'pint.delegates.txt_defparser.plain.UnitDefinition'>)
04:19:47.229 | WARNING | pint.util - Redefining 'year' (<class 'pint.delegates.txt_defparser.plain.UnitDefinition'>)
04:19:47.229 | WARNING | pint.util - Redefining 'year' (<class 'pint.delegates.txt_defparser.plain.UnitDefinition'>)
04:19:47.229 | WARNING | pint.util - Redefining 'year' (<class 'pint.delegates.txt_defparser.plain.UnitDefinition'>)
04:19:47.229 | WARNING | pint.util - Redefining 'year' (<class 'pint.delegates.txt_defparser.plain.UnitDefinition'>)
04:19:47.229 | WARNING | pint.util - Redefining 'year' (<class 'pint.delegates.txt_defparser.plain.UnitDefinition'>)
04:19:47.229 | WARNING | pint.util - Redefining 'yr' (<class 'pint.delegates.txt_defparser.plain.UnitDefinition'>)
04:19:47.229 | WARNING | pint.util - Redefining 'yr' (<class 'pint.delegates.txt_defparser.plain.UnitDefinition'>)
04:19:47.229 | WARNING | pint.util - Redefining 'yr' (<class 'pint.delegates.txt_defparser.plain.UnitDefinition'>)
04:19:47.229 | WARNING | pint.util - Redefining 'yr' (<class 'pint.delegates.txt_defparser.plain.UnitDefinition'>)
04:19:47.229 | WARNING | pint.util - Redefining 'year' (<class 'pint.delegates.txt_defparser.plain.UnitDefinition'>)
04:19:47.229 | WARNING | pint.util - Redefining 'yr' (<class 'pint.delegates.txt_defparser.plain.UnitDefinition'>)
04:19:47.229 | WARNING | pint.util - Redefining 'yr' (<class 'pint.delegates.txt_defparser.plain.UnitDefinition'>)
04:19:47.229 | WARNING | pint.util - Redefining 'yr' (<class 'pint.delegates.txt_defparser.plain.UnitDefinition'>)
04:19:47.230 | WARNING | pint.util - Redefining 'C' (<class 'pint.delegates.txt_defparser.plain.UnitDefinition'>)
04:19:47.230 | WARNING | pint.util - Redefining 'C' (<class 'pint.delegates.txt_defparser.plain.UnitDefinition'>)
04:19:47.230 | WARNING | pint.util - Redefining 'C' (<class 'pint.delegates.txt_defparser.plain.UnitDefinition'>)
04:19:47.230 | WARNING | pint.util - Redefining 'C' (<class 'pint.delegates.txt_defparser.plain.UnitDefinition'>)
04:19:47.230 | WARNING | pint.util - Redefining 'C' (<class 'pint.delegates.txt_defparser.plain.UnitDefinition'>)
04:19:47.228 | WARNING | pint.util - Redefining 'percent' (<class 'pint.delegates.txt_defparser.plain.UnitDefinition'>)
04:19:47.230 | WARNING | pint.util - Redefining 'C' (<class 'pint.delegates.txt_defparser.plain.UnitDefinition'>)
04:19:47.230 | WARNING | pint.util - Redefining 'C' (<class 'pint.delegates.txt_defparser.plain.UnitDefinition'>)
04:19:47.230 | WARNING | pint.util - Redefining '%' (<class 'pint.delegates.txt_defparser.plain.UnitDefinition'>)
04:19:47.230 | WARNING | pint.util - Redefining 'd' (<class 'pint.delegates.txt_defparser.plain.UnitDefinition'>)
04:19:47.230 | WARNING | pint.util - Redefining 'd' (<class 'pint.delegates.txt_defparser.plain.UnitDefinition'>)
04:19:47.230 | WARNING | pint.util - Redefining 'd' (<class 'pint.delegates.txt_defparser.plain.UnitDefinition'>)
04:19:47.230 | WARNING | pint.util - Redefining 'd' (<class 'pint.delegates.txt_defparser.plain.UnitDefinition'>)
04:19:47.230 | WARNING | pint.util - Redefining 'd' (<class 'pint.delegates.txt_defparser.plain.UnitDefinition'>)
04:19:47.230 | WARNING | pint.util - Redefining 'd' (<class 'pint.delegates.txt_defparser.plain.UnitDefinition'>)
04:19:47.230 | WARNING | pint.util - Redefining 'd' (<class 'pint.delegates.txt_defparser.plain.UnitDefinition'>)
04:19:47.230 | WARNING | pint.util - Redefining 'h' (<class 'pint.delegates.txt_defparser.plain.UnitDefinition'>)
04:19:47.230 | WARNING | pint.util - Redefining 'h' (<class 'pint.delegates.txt_defparser.plain.UnitDefinition'>)
04:19:47.230 | WARNING | pint.util - Redefining 'h' (<class 'pint.delegates.txt_defparser.plain.UnitDefinition'>)
04:19:47.230 | WARNING | pint.util - Redefining 'h' (<class 'pint.delegates.txt_defparser.plain.UnitDefinition'>)
04:19:47.230 | WARNING | pint.util - Redefining 'h' (<class 'pint.delegates.txt_defparser.plain.UnitDefinition'>)
04:19:47.230 | WARNING | pint.util - Redefining 'h' (<class 'pint.delegates.txt_defparser.plain.UnitDefinition'>)
04:19:47.231 | WARNING | pint.util - Redefining 'year' (<class 'pint.delegates.txt_defparser.plain.UnitDefinition'>)
04:19:47.231 | WARNING | pint.util - Redefining 'h' (<class 'pint.delegates.txt_defparser.plain.UnitDefinition'>)
04:19:47.231 | WARNING | pint.util - Redefining 'yr' (<class 'pint.delegates.txt_defparser.plain.UnitDefinition'>)
04:19:47.231 | WARNING | pint.util - Redefining 'degrees_north' (<class 'pint.delegates.txt_defparser.plain.UnitDefinition'>)
04:19:47.231 | WARNING | pint.util - Redefining 'degrees_north' (<class 'pint.delegates.txt_defparser.plain.UnitDefinition'>)
04:19:47.231 | WARNING | pint.util - Redefining 'degrees_north' (<class 'pint.delegates.txt_defparser.plain.UnitDefinition'>)
04:19:47.231 | WARNING | pint.util - Redefining 'degrees_north' (<class 'pint.delegates.txt_defparser.plain.UnitDefinition'>)
04:19:47.231 | WARNING | pint.util - Redefining 'degrees_north' (<class 'pint.delegates.txt_defparser.plain.UnitDefinition'>)
04:19:47.231 | WARNING | pint.util - Redefining 'degrees_north' (<class 'pint.delegates.txt_defparser.plain.UnitDefinition'>)
04:19:47.231 | WARNING | pint.util - Redefining 'C' (<class 'pint.delegates.txt_defparser.plain.UnitDefinition'>)
04:19:47.231 | WARNING | pint.util - Redefining 'degrees_north' (<class 'pint.delegates.txt_defparser.plain.UnitDefinition'>)
04:19:47.231 | WARNING | pint.util - Redefining 'degrees_east' (<class 'pint.delegates.txt_defparser.plain.UnitDefinition'>)
04:19:47.231 | WARNING | pint.util - Redefining 'degrees_east' (<class 'pint.delegates.txt_defparser.plain.UnitDefinition'>)
04:19:47.231 | WARNING | pint.util - Redefining 'degrees_east' (<class 'pint.delegates.txt_defparser.plain.UnitDefinition'>)
04:19:47.231 | WARNING | pint.util - Redefining 'degrees_east' (<class 'pint.delegates.txt_defparser.plain.UnitDefinition'>)
04:19:47.231 | WARNING | pint.util - Redefining 'degrees_east' (<class 'pint.delegates.txt_defparser.plain.UnitDefinition'>)
04:19:47.231 | WARNING | pint.util - Redefining 'degrees_east' (<class 'pint.delegates.txt_defparser.plain.UnitDefinition'>)
04:19:47.231 | WARNING | pint.util - Redefining 'degrees_east' (<class 'pint.delegates.txt_defparser.plain.UnitDefinition'>)
04:19:47.232 | WARNING | pint.util - Redefining 'degrees' (<class 'pint.delegates.txt_defparser.plain.UnitDefinition'>)
04:19:47.232 | WARNING | pint.util - Redefining 'd' (<class 'pint.delegates.txt_defparser.plain.UnitDefinition'>)
04:19:47.232 | WARNING | pint.util - Redefining 'degrees' (<class 'pint.delegates.txt_defparser.plain.UnitDefinition'>)
04:19:47.232 | WARNING | pint.util - Redefining 'degrees' (<class 'pint.delegates.txt_defparser.plain.UnitDefinition'>)
04:19:47.232 | WARNING | pint.util - Redefining 'degrees' (<class 'pint.delegates.txt_defparser.plain.UnitDefinition'>)
04:19:47.232 | WARNING | pint.util - Redefining 'degrees' (<class 'pint.delegates.txt_defparser.plain.UnitDefinition'>)
04:19:47.232 | WARNING | pint.util - Redefining 'degrees' (<class 'pint.delegates.txt_defparser.plain.UnitDefinition'>)
04:19:47.232 | WARNING | pint.util - Redefining 'degrees' (<class 'pint.delegates.txt_defparser.plain.UnitDefinition'>)
04:19:47.232 | WARNING | pint.util - Redefining 'h' (<class 'pint.delegates.txt_defparser.plain.UnitDefinition'>)
04:19:47.232 | WARNING | pint.util - Redefining '[speed]' (<class 'pint.delegates.txt_defparser.plain.DerivedDimensionDefinition'>)
04:19:47.232 | WARNING | pint.util - Redefining '[speed]' (<class 'pint.delegates.txt_defparser.plain.DerivedDimensionDefinition'>)
04:19:47.232 | WARNING | pint.util - Redefining '[speed]' (<class 'pint.delegates.txt_defparser.plain.DerivedDimensionDefinition'>)
04:19:47.232 | WARNING | pint.util - Redefining '[speed]' (<class 'pint.delegates.txt_defparser.plain.DerivedDimensionDefinition'>)
04:19:47.232 | WARNING | pint.util - Redefining '[speed]' (<class 'pint.delegates.txt_defparser.plain.DerivedDimensionDefinition'>)
04:19:47.232 | WARNING | pint.util - Redefining '[speed]' (<class 'pint.delegates.txt_defparser.plain.DerivedDimensionDefinition'>)
04:19:47.232 | WARNING | pint.util - Redefining '[speed]' (<class 'pint.delegates.txt_defparser.plain.DerivedDimensionDefinition'>)
04:19:47.232 | WARNING | pint.util - Redefining 'degrees_north' (<class 'pint.delegates.txt_defparser.plain.UnitDefinition'>)
04:19:47.233 | WARNING | pint.util - Redefining 'degrees_east' (<class 'pint.delegates.txt_defparser.plain.UnitDefinition'>)
04:19:47.233 | WARNING | pint.util - Redefining 'degrees' (<class 'pint.delegates.txt_defparser.plain.UnitDefinition'>)
04:19:47.234 | WARNING | pint.util - Redefining '[speed]' (<class 'pint.delegates.txt_defparser.plain.DerivedDimensionDefinition'>)
04:19:47.232 | WARNING | pint.util - Redefining 'percent' (<class 'pint.delegates.txt_defparser.plain.UnitDefinition'>)
04:19:47.235 | WARNING | pint.util - Redefining '%' (<class 'pint.delegates.txt_defparser.plain.UnitDefinition'>)
04:19:47.235 | WARNING | pint.util - Redefining 'year' (<class 'pint.delegates.txt_defparser.plain.UnitDefinition'>)
04:19:47.236 | WARNING | pint.util - Redefining 'yr' (<class 'pint.delegates.txt_defparser.plain.UnitDefinition'>)
04:19:47.236 | WARNING | pint.util - Redefining 'C' (<class 'pint.delegates.txt_defparser.plain.UnitDefinition'>)
04:19:47.234 | WARNING | pint.util - Redefining 'percent' (<class 'pint.delegates.txt_defparser.plain.UnitDefinition'>)
04:19:47.234 | WARNING | pint.util - Redefining 'percent' (<class 'pint.delegates.txt_defparser.plain.UnitDefinition'>)
04:19:47.234 | WARNING | pint.util - Redefining 'percent' (<class 'pint.delegates.txt_defparser.plain.UnitDefinition'>)
04:19:47.236 | WARNING | pint.util - Redefining '%' (<class 'pint.delegates.txt_defparser.plain.UnitDefinition'>)
04:19:47.236 | WARNING | pint.util - Redefining '%' (<class 'pint.delegates.txt_defparser.plain.UnitDefinition'>)
04:19:47.236 | WARNING | pint.util - Redefining '%' (<class 'pint.delegates.txt_defparser.plain.UnitDefinition'>)
04:19:47.236 | WARNING | pint.util - Redefining 'd' (<class 'pint.delegates.txt_defparser.plain.UnitDefinition'>)
04:19:47.237 | WARNING | pint.util - Redefining 'h' (<class 'pint.delegates.txt_defparser.plain.UnitDefinition'>)
04:19:47.237 | WARNING | pint.util - Redefining 'year' (<class 'pint.delegates.txt_defparser.plain.UnitDefinition'>)
04:19:47.237 | WARNING | pint.util - Redefining 'year' (<class 'pint.delegates.txt_defparser.plain.UnitDefinition'>)
04:19:47.237 | WARNING | pint.util - Redefining 'year' (<class 'pint.delegates.txt_defparser.plain.UnitDefinition'>)
04:19:47.237 | WARNING | pint.util - Redefining 'yr' (<class 'pint.delegates.txt_defparser.plain.UnitDefinition'>)
04:19:47.237 | WARNING | pint.util - Redefining 'yr' (<class 'pint.delegates.txt_defparser.plain.UnitDefinition'>)
04:19:47.237 | WARNING | pint.util - Redefining 'degrees_north' (<class 'pint.delegates.txt_defparser.plain.UnitDefinition'>)
04:19:47.237 | WARNING | pint.util - Redefining 'yr' (<class 'pint.delegates.txt_defparser.plain.UnitDefinition'>)
04:19:47.237 | WARNING | pint.util - Redefining 'C' (<class 'pint.delegates.txt_defparser.plain.UnitDefinition'>)
04:19:47.237 | WARNING | pint.util - Redefining 'C' (<class 'pint.delegates.txt_defparser.plain.UnitDefinition'>)
04:19:47.238 | WARNING | pint.util - Redefining 'degrees_east' (<class 'pint.delegates.txt_defparser.plain.UnitDefinition'>)
04:19:47.238 | WARNING | pint.util - Redefining 'C' (<class 'pint.delegates.txt_defparser.plain.UnitDefinition'>)
04:19:47.238 | WARNING | pint.util - Redefining 'd' (<class 'pint.delegates.txt_defparser.plain.UnitDefinition'>)
04:19:47.238 | WARNING | pint.util - Redefining 'd' (<class 'pint.delegates.txt_defparser.plain.UnitDefinition'>)
04:19:47.238 | WARNING | pint.util - Redefining 'degrees' (<class 'pint.delegates.txt_defparser.plain.UnitDefinition'>)
04:19:47.238 | WARNING | pint.util - Redefining 'd' (<class 'pint.delegates.txt_defparser.plain.UnitDefinition'>)
04:19:47.238 | WARNING | pint.util - Redefining 'h' (<class 'pint.delegates.txt_defparser.plain.UnitDefinition'>)
04:19:47.238 | WARNING | pint.util - Redefining 'h' (<class 'pint.delegates.txt_defparser.plain.UnitDefinition'>)
04:19:47.238 | WARNING | pint.util - Redefining '[speed]' (<class 'pint.delegates.txt_defparser.plain.DerivedDimensionDefinition'>)
04:19:47.238 | WARNING | pint.util - Redefining 'h' (<class 'pint.delegates.txt_defparser.plain.UnitDefinition'>)
04:19:47.239 | WARNING | pint.util - Redefining 'degrees_north' (<class 'pint.delegates.txt_defparser.plain.UnitDefinition'>)
04:19:47.239 | WARNING | pint.util - Redefining 'degrees_north' (<class 'pint.delegates.txt_defparser.plain.UnitDefinition'>)
04:19:47.239 | WARNING | pint.util - Redefining 'degrees_north' (<class 'pint.delegates.txt_defparser.plain.UnitDefinition'>)
04:19:47.239 | WARNING | pint.util - Redefining 'degrees_east' (<class 'pint.delegates.txt_defparser.plain.UnitDefinition'>)
04:19:47.239 | WARNING | pint.util - Redefining 'degrees_east' (<class 'pint.delegates.txt_defparser.plain.UnitDefinition'>)
04:19:47.239 | WARNING | pint.util - Redefining 'degrees_east' (<class 'pint.delegates.txt_defparser.plain.UnitDefinition'>)
04:19:47.240 | WARNING | pint.util - Redefining 'degrees' (<class 'pint.delegates.txt_defparser.plain.UnitDefinition'>)
04:19:47.240 | WARNING | pint.util - Redefining 'degrees' (<class 'pint.delegates.txt_defparser.plain.UnitDefinition'>)
04:19:47.240 | WARNING | pint.util - Redefining 'degrees' (<class 'pint.delegates.txt_defparser.plain.UnitDefinition'>)
04:19:47.238 | WARNING | pint.util - Redefining 'percent' (<class 'pint.delegates.txt_defparser.plain.UnitDefinition'>)
04:19:47.240 | WARNING | pint.util - Redefining '%' (<class 'pint.delegates.txt_defparser.plain.UnitDefinition'>)
04:19:47.240 | WARNING | pint.util - Redefining '[speed]' (<class 'pint.delegates.txt_defparser.plain.DerivedDimensionDefinition'>)
04:19:47.240 | WARNING | pint.util - Redefining '[speed]' (<class 'pint.delegates.txt_defparser.plain.DerivedDimensionDefinition'>)
04:19:47.240 | WARNING | pint.util - Redefining '[speed]' (<class 'pint.delegates.txt_defparser.plain.DerivedDimensionDefinition'>)
04:19:47.241 | WARNING | pint.util - Redefining 'year' (<class 'pint.delegates.txt_defparser.plain.UnitDefinition'>)
[03/13/26 04:19:47] WARNING  Import(s) unavailable to set up matplotlib support...skipping this portion of the setup.                                                                                                                    logging.py:10
[03/13/26 04:19:47] WARNING  Import(s) unavailable to set up matplotlib support...skipping this portion of the setup.                                                                                                                    logging.py:10
[03/13/26 04:19:47] WARNING  Import(s) unavailable to set up matplotlib support...skipping this portion of the setup.                                                                                                                    logging.py:10
04:19:47.241 | WARNING | pint.util - Redefining 'yr' (<class 'pint.delegates.txt_defparser.plain.UnitDefinition'>)
[03/13/26 04:19:47] WARNING  Import(s) unavailable to set up matplotlib support...skipping this portion of the setup.                                                                                                                    logging.py:10
[03/13/26 04:19:47] WARNING  Import(s) unavailable to set up matplotlib support...skipping this portion of the setup.                                                                                                                    logging.py:10
[03/13/26 04:19:47] WARNING  Import(s) unavailable to set up matplotlib support...skipping this portion of the setup.                                                                                                                    logging.py:10
[03/13/26 04:19:47] WARNING  Import(s) unavailable to set up matplotlib support...skipping this portion of the setup.                                                                                                                    logging.py:10
[03/13/26 04:19:47] WARNING  Import(s) unavailable to set up matplotlib support...skipping this portion of the setup.                                                                                                                    logging.py:10
04:19:47.239 | WARNING | pint.util - Redefining 'percent' (<class 'pint.delegates.txt_defparser.plain.UnitDefinition'>)
04:19:47.241 | WARNING | pint.util - Redefining 'C' (<class 'pint.delegates.txt_defparser.plain.UnitDefinition'>)
04:19:47.239 | WARNING | pint.util - Redefining 'percent' (<class 'pint.delegates.txt_defparser.plain.UnitDefinition'>)
04:19:47.241 | WARNING | pint.util - Redefining '%' (<class 'pint.delegates.txt_defparser.plain.UnitDefinition'>)
04:19:47.241 | WARNING | pint.util - Redefining '%' (<class 'pint.delegates.txt_defparser.plain.UnitDefinition'>)
04:19:47.242 | WARNING | pint.util - Redefining 'd' (<class 'pint.delegates.txt_defparser.plain.UnitDefinition'>)
04:19:47.242 | WARNING | pint.util - Redefining 'year' (<class 'pint.delegates.txt_defparser.plain.UnitDefinition'>)
04:19:47.242 | WARNING | pint.util - Redefining 'h' (<class 'pint.delegates.txt_defparser.plain.UnitDefinition'>)
04:19:47.242 | WARNING | pint.util - Redefining 'year' (<class 'pint.delegates.txt_defparser.plain.UnitDefinition'>)
04:19:47.242 | WARNING | pint.util - Redefining 'yr' (<class 'pint.delegates.txt_defparser.plain.UnitDefinition'>)
04:19:47.242 | WARNING | pint.util - Redefining 'yr' (<class 'pint.delegates.txt_defparser.plain.UnitDefinition'>)
04:19:47.243 | WARNING | pint.util - Redefining 'degrees_north' (<class 'pint.delegates.txt_defparser.plain.UnitDefinition'>)
04:19:47.243 | WARNING | pint.util - Redefining 'C' (<class 'pint.delegates.txt_defparser.plain.UnitDefinition'>)
04:19:47.243 | WARNING | pint.util - Redefining 'C' (<class 'pint.delegates.txt_defparser.plain.UnitDefinition'>)
04:19:47.243 | WARNING | pint.util - Redefining 'degrees_east' (<class 'pint.delegates.txt_defparser.plain.UnitDefinition'>)
04:19:47.243 | WARNING | pint.util - Redefining 'd' (<class 'pint.delegates.txt_defparser.plain.UnitDefinition'>)
04:19:47.243 | WARNING | pint.util - Redefining 'degrees' (<class 'pint.delegates.txt_defparser.plain.UnitDefinition'>)
04:19:47.243 | WARNING | pint.util - Redefining 'd' (<class 'pint.delegates.txt_defparser.plain.UnitDefinition'>)
04:19:47.243 | WARNING | pint.util - Redefining 'h' (<class 'pint.delegates.txt_defparser.plain.UnitDefinition'>)
04:19:47.244 | WARNING | pint.util - Redefining 'h' (<class 'pint.delegates.txt_defparser.plain.UnitDefinition'>)
04:19:47.244 | WARNING | pint.util - Redefining '[speed]' (<class 'pint.delegates.txt_defparser.plain.DerivedDimensionDefinition'>)
[03/13/26 04:19:47] WARNING  Import(s) unavailable to set up matplotlib support...skipping this portion of the setup.                                                                                                                    logging.py:10
04:19:47.244 | WARNING | pint.util - Redefining 'degrees_north' (<class 'pint.delegates.txt_defparser.plain.UnitDefinition'>)
04:19:47.244 | WARNING | pint.util - Redefining 'degrees_north' (<class 'pint.delegates.txt_defparser.plain.UnitDefinition'>)
04:19:47.244 | WARNING | pint.util - Redefining 'degrees_east' (<class 'pint.delegates.txt_defparser.plain.UnitDefinition'>)
04:19:47.245 | WARNING | pint.util - Redefining 'degrees_east' (<class 'pint.delegates.txt_defparser.plain.UnitDefinition'>)
04:19:47.245 | WARNING | pint.util - Redefining 'degrees' (<class 'pint.delegates.txt_defparser.plain.UnitDefinition'>)
04:19:47.243 | WARNING | pint.util - Redefining 'percent' (<class 'pint.delegates.txt_defparser.plain.UnitDefinition'>)
04:19:47.245 | WARNING | pint.util - Redefining 'degrees' (<class 'pint.delegates.txt_defparser.plain.UnitDefinition'>)
04:19:47.245 | WARNING | pint.util - Redefining '%' (<class 'pint.delegates.txt_defparser.plain.UnitDefinition'>)
04:19:47.245 | WARNING | pint.util - Redefining '[speed]' (<class 'pint.delegates.txt_defparser.plain.DerivedDimensionDefinition'>)
[03/13/26 04:19:47] WARNING  Import(s) unavailable to set up matplotlib support...skipping this portion of the setup.                                                                                                                    logging.py:10
04:19:47.246 | WARNING | pint.util - Redefining '[speed]' (<class 'pint.delegates.txt_defparser.plain.DerivedDimensionDefinition'>)
[03/13/26 04:19:47] WARNING  Import(s) unavailable to set up matplotlib support...skipping this portion of the setup.                                                                                                                    logging.py:10
04:19:47.246 | WARNING | pint.util - Redefining 'year' (<class 'pint.delegates.txt_defparser.plain.UnitDefinition'>)
[03/13/26 04:19:47] WARNING  Import(s) unavailable to set up matplotlib support...skipping this portion of the setup.                                                                                                                    logging.py:10
04:19:47.246 | WARNING | pint.util - Redefining 'yr' (<class 'pint.delegates.txt_defparser.plain.UnitDefinition'>)
04:19:47.246 | WARNING | pint.util - Redefining 'C' (<class 'pint.delegates.txt_defparser.plain.UnitDefinition'>)
04:19:47.247 | WARNING | pint.util - Redefining 'd' (<class 'pint.delegates.txt_defparser.plain.UnitDefinition'>)
04:19:47.247 | WARNING | pint.util - Redefining 'h' (<class 'pint.delegates.txt_defparser.plain.UnitDefinition'>)
04:19:47.248 | WARNING | pint.util - Redefining 'degrees_north' (<class 'pint.delegates.txt_defparser.plain.UnitDefinition'>)
04:19:47.248 | WARNING | pint.util - Redefining 'degrees_east' (<class 'pint.delegates.txt_defparser.plain.UnitDefinition'>)
04:19:47.248 | WARNING | pint.util - Redefining 'degrees' (<class 'pint.delegates.txt_defparser.plain.UnitDefinition'>)
04:19:47.249 | WARNING | pint.util - Redefining '[speed]' (<class 'pint.delegates.txt_defparser.plain.DerivedDimensionDefinition'>)
[03/13/26 04:19:47] WARNING  Import(s) unavailable to set up matplotlib support...skipping this portion of the setup.                                                                                                                    logging.py:10
[03/13/26 04:19:47] WARNING  Import(s) unavailable to set up matplotlib support...skipping this portion of the setup.                                                                                                                    logging.py:10
[03/13/26 04:19:47] WARNING  Import(s) unavailable to set up matplotlib support...skipping this portion of the setup.                                                                                                                    logging.py:10
[03/13/26 04:19:47] WARNING  Import(s) unavailable to set up matplotlib support...skipping this portion of the setup.                                                                                                                    logging.py:10
Process start!
The following pipelines are known:
default: Pipeline: default
-----------------
steps
-----
[1/8] load_mfdataset
[2/8] get_variable
[3/8] time_average
[4/8] convert_units
[5/8] setgrid
[6/8] set_global_attributes
[7/8] trigger_compute
[8/8] save_dataset
Working on: default
Starting to process rule Rule for tos with input patterns [re.compile("/work/bb1469/a270092/runtime/awiesm3-v3.4.1/human_tuning/outdata/fesom/re.compile('sst\\\\.fesom\\\\.1350\\\\.nc')")] and pipelines [<pycmor.core.pipeline.Pipeline object at 0x7f58462f15b0>]
Running Pipeline: default
-----------------
steps
-----
[1/8] load_mfdataset
[2/8] get_variable
[3/8] time_average
[4/8] convert_units
[5/8] setgrid
[6/8] set_global_attributes
[7/8] trigger_compute
[8/8] save_dataset
Loading 1 files using netcdf4 backend on xarray...
  * /work/bb1469/a270092/runtime/awiesm3-v3.4.1/human_tuning/outdata/fesom/sst.fesom.1350.nc
approx_interval=0.125 frequency_str='3h'
[SetGrid] Starting grid merge operation
  → Grid File          : /work/ab0246/a270092/input/fesom2/core2/mesh.nc
[Bounds] Checking for coordinate bounds in grid
  → Bounds 'lat_bnds' already exist, skipping calculation
  → Bounds 'lon_bnds' already exist, skipping calculation
  → Required Dimensions: ['ncells']
  → Dimension 'ncells' : ❌ Not found, checking for size matches...
  → Merge Status       : ❌ Not possible
WARNING:   → Warning            : ❌ No compatible dimensions found!
WARNING:     Check grid and data dimension compatibility.
--------------------------------------------------

libgomp: Thread creation failed: Resource temporarily unavailable

libgomp: Thread creation failed: Resource temporarily unavailable

libgomp: Thread creation failed: Resource temporarily unavailable

libgomp: Thread creation failed: Resource temporarily unavailable

libgomp: Thread creation failed: Resource temporarily unavailable

libgomp: Thread creation failed: Resource temporarily unavailable

libgomp: Thread creation failed: Resource temporarily unavailable
2026-03-13 04:20:19,519 - distributed.nanny - WARNING - Restarting worker

libgomp: Thread creation failed: Resource temporarily unavailable

libgomp: Thread creation failed: Resource temporarily unavailable

libgomp: Thread creation failed: Resource temporarily unavailable
2026-03-13 04:20:20,087 - distributed.scheduler - WARNING - Removing worker 'tcp://127.0.0.1:42481' caused the cluster to lose already computed task(s), which will be recomputed elsewhere: {('array-3cc5b46a3b1edd8db76c11627224f579', 5)} (stimulus_id='handle-worker-cleanup-1773372020.0871096')
2026-03-13 04:20:20,093 - distributed.scheduler - WARNING - Removing worker 'tcp://127.0.0.1:44513' caused the cluster to lose already computed task(s), which will be recomputed elsewhere: {('array-3cc5b46a3b1edd8db76c11627224f579', 0)} (stimulus_id='handle-worker-cleanup-1773372020.0935407')
2026-03-13 04:20:20,098 - distributed.scheduler - WARNING - Removing worker 'tcp://127.0.0.1:39119' caused the cluster to lose already computed task(s), which will be recomputed elsewhere: {('array-3cc5b46a3b1edd8db76c11627224f579', 9)} (stimulus_id='handle-worker-cleanup-1773372020.0986927')
2026-03-13 04:20:20,099 - distributed.scheduler - WARNING - Removing worker 'tcp://127.0.0.1:39037' caused the cluster to lose already computed task(s), which will be recomputed elsewhere: {('array-3cc5b46a3b1edd8db76c11627224f579', 1)} (stimulus_id='handle-worker-cleanup-1773372020.0992277')
2026-03-13 04:20:20,102 - distributed.scheduler - WARNING - Removing worker 'tcp://127.0.0.1:38973' caused the cluster to lose already computed task(s), which will be recomputed elsewhere: {('array-3cc5b46a3b1edd8db76c11627224f579', 10)} (stimulus_id='handle-worker-cleanup-1773372020.1024928')
2026-03-13 04:20:20,108 - distributed.scheduler - WARNING - Removing worker 'tcp://127.0.0.1:42439' caused the cluster to lose already computed task(s), which will be recomputed elsewhere: {('array-3cc5b46a3b1edd8db76c11627224f579', 6)} (stimulus_id='handle-worker-cleanup-1773372020.1079752')
2026-03-13 04:20:20,109 - distributed.scheduler - WARNING - Removing worker 'tcp://127.0.0.1:41159' caused the cluster to lose already computed task(s), which will be recomputed elsewhere: {('array-3cc5b46a3b1edd8db76c11627224f579', 8)} (stimulus_id='handle-worker-cleanup-1773372020.1098819')
2026-03-13 04:20:20,112 - distributed.nanny - WARNING - Restarting worker
2026-03-13 04:20:20,162 - distributed.nanny - WARNING - Restarting worker
2026-03-13 04:20:20,190 - distributed.nanny - WARNING - Restarting worker
2026-03-13 04:20:20,192 - distributed.nanny - WARNING - Restarting worker
2026-03-13 04:20:20,216 - distributed.nanny - WARNING - Restarting worker

libgomp: Thread creation failed: Resource temporarily unavailable

libgomp: Thread creation failed: Resource temporarily unavailable
2026-03-13 04:20:20,246 - distributed.nanny - WARNING - Restarting worker
2026-03-13 04:20:20,295 - distributed.nanny - WARNING - Restarting worker
2026-03-13 04:20:20,321 - distributed.scheduler - WARNING - Removing worker 'tcp://127.0.0.1:38659' caused the cluster to lose already computed task(s), which will be recomputed elsewhere: {('array-3cc5b46a3b1edd8db76c11627224f579', 2)} (stimulus_id='handle-worker-cleanup-1773372020.3208258')
2026-03-13 04:20:20,317 - distributed.worker - ERROR - Worker stream died during communication: tcp://127.0.0.1:42439
Traceback (most recent call last):
  File "/work/ab0246/a270092/software/miniforge3/envs/pycmor_env/lib/python3.9/site-packages/distributed/core.py", line 1423, in _connect
    comm = await connect(
  File "/work/ab0246/a270092/software/miniforge3/envs/pycmor_env/lib/python3.9/site-packages/distributed/comm/core.py", line 342, in connect
    comm = await wait_for(
  File "/work/ab0246/a270092/software/miniforge3/envs/pycmor_env/lib/python3.9/site-packages/distributed/utils.py", line 1957, in wait_for
    return await asyncio.wait_for(fut, timeout)
  File "/work/ab0246/a270092/software/miniforge3/envs/pycmor_env/lib/python3.9/asyncio/tasks.py", line 466, in wait_for
    await waiter
asyncio.exceptions.CancelledError

During handling of the above exception, another exception occurred:

Traceback (most recent call last):
  File "/work/ab0246/a270092/software/miniforge3/envs/pycmor_env/lib/python3.9/site-packages/distributed/core.py", line 1533, in connect
    return connect_attempt.result()
asyncio.exceptions.CancelledError

During handling of the above exception, another exception occurred:

Traceback (most recent call last):
  File "/work/ab0246/a270092/software/miniforge3/envs/pycmor_env/lib/python3.9/site-packages/distributed/worker.py", line 2056, in gather_dep
    response = await get_data_from_worker(
  File "/work/ab0246/a270092/software/miniforge3/envs/pycmor_env/lib/python3.9/site-packages/distributed/worker.py", line 2863, in get_data_from_worker
    comm = await rpc.connect(worker)
  File "/work/ab0246/a270092/software/miniforge3/envs/pycmor_env/lib/python3.9/site-packages/distributed/core.py", line 1535, in connect
    raise CommClosedError(reason)
distributed.comm.core.CommClosedError: Address removed.
2026-03-13 04:20:20,332 - distributed.scheduler - WARNING - Removing worker 'tcp://127.0.0.1:35759' caused the cluster to lose already computed task(s), which will be recomputed elsewhere: {('array-3cc5b46a3b1edd8db76c11627224f579', 11), ('array-3cc5b46a3b1edd8db76c11627224f579', 4)} (stimulus_id='handle-worker-cleanup-1773372020.3318772')
2026-03-13 04:20:20,375 - distributed.nanny - WARNING - Restarting worker
2026-03-13 04:20:20,377 - distributed.nanny - WARNING - Restarting worker
2026-03-13 04:20:20,446 - distributed.nanny - WARNING - Restarting worker
2026-03-13 04:20:20,448 - distributed.nanny - WARNING - Restarting worker
2026-03-13 04:20:20,454 - distributed.worker - ERROR - Worker stream died during communication: tcp://127.0.0.1:38249
Traceback (most recent call last):
  File "/work/ab0246/a270092/software/miniforge3/envs/pycmor_env/lib/python3.9/site-packages/distributed/core.py", line 1417, in _connect
    async def _connect(self, addr: str, timeout: float | None = None) -> Comm:
asyncio.exceptions.CancelledError

During handling of the above exception, another exception occurred:

Traceback (most recent call last):
  File "/work/ab0246/a270092/software/miniforge3/envs/pycmor_env/lib/python3.9/site-packages/distributed/core.py", line 1533, in connect
    return connect_attempt.result()
asyncio.exceptions.CancelledError

During handling of the above exception, another exception occurred:

Traceback (most recent call last):
  File "/work/ab0246/a270092/software/miniforge3/envs/pycmor_env/lib/python3.9/site-packages/distributed/worker.py", line 2056, in gather_dep
    response = await get_data_from_worker(
  File "/work/ab0246/a270092/software/miniforge3/envs/pycmor_env/lib/python3.9/site-packages/distributed/worker.py", line 2863, in get_data_from_worker
    comm = await rpc.connect(worker)
  File "/work/ab0246/a270092/software/miniforge3/envs/pycmor_env/lib/python3.9/site-packages/distributed/core.py", line 1535, in connect
    raise CommClosedError(reason)
distributed.comm.core.CommClosedError: Address removed.
2026-03-13 04:20:20,454 - distributed.worker - ERROR - Worker stream died during communication: tcp://127.0.0.1:38659
Traceback (most recent call last):
  File "/work/ab0246/a270092/software/miniforge3/envs/pycmor_env/lib/python3.9/site-packages/distributed/core.py", line 1423, in _connect
    comm = await connect(
  File "/work/ab0246/a270092/software/miniforge3/envs/pycmor_env/lib/python3.9/site-packages/distributed/comm/core.py", line 342, in connect
    comm = await wait_for(
  File "/work/ab0246/a270092/software/miniforge3/envs/pycmor_env/lib/python3.9/site-packages/distributed/utils.py", line 1957, in wait_for
    return await asyncio.wait_for(fut, timeout)
  File "/work/ab0246/a270092/software/miniforge3/envs/pycmor_env/lib/python3.9/asyncio/tasks.py", line 466, in wait_for
    await waiter
asyncio.exceptions.CancelledError

During handling of the above exception, another exception occurred:

Traceback (most recent call last):
  File "/work/ab0246/a270092/software/miniforge3/envs/pycmor_env/lib/python3.9/site-packages/distributed/core.py", line 1533, in connect
    return connect_attempt.result()
asyncio.exceptions.CancelledError

During handling of the above exception, another exception occurred:

Traceback (most recent call last):
  File "/work/ab0246/a270092/software/miniforge3/envs/pycmor_env/lib/python3.9/site-packages/distributed/worker.py", line 2056, in gather_dep
    response = await get_data_from_worker(
  File "/work/ab0246/a270092/software/miniforge3/envs/pycmor_env/lib/python3.9/site-packages/distributed/worker.py", line 2863, in get_data_from_worker
    comm = await rpc.connect(worker)
  File "/work/ab0246/a270092/software/miniforge3/envs/pycmor_env/lib/python3.9/site-packages/distributed/core.py", line 1535, in connect
    raise CommClosedError(reason)
distributed.comm.core.CommClosedError: Address removed.

libgomp: Thread creation failed: Resource temporarily unavailable
2026-03-13 04:20:20,741 - distributed.scheduler - WARNING - Removing worker 'tcp://127.0.0.1:42269' caused the cluster to lose already computed task(s), which will be recomputed elsewhere: {('array-3cc5b46a3b1edd8db76c11627224f579', 7), ('array-3cc5b46a3b1edd8db76c11627224f579', 3)} (stimulus_id='handle-worker-cleanup-1773372020.7410808')
2026-03-13 04:20:20,748 - distributed.nanny - WARNING - Restarting worker
04:20:27.807 | WARNING | pint.util - Redefining 'percent' (<class 'pint.delegates.txt_defparser.plain.UnitDefinition'>)
04:20:27.807 | WARNING | pint.util - Redefining 'percent' (<class 'pint.delegates.txt_defparser.plain.UnitDefinition'>)
04:20:27.807 | WARNING | pint.util - Redefining 'percent' (<class 'pint.delegates.txt_defparser.plain.UnitDefinition'>)
04:20:27.809 | WARNING | pint.util - Redefining '%' (<class 'pint.delegates.txt_defparser.plain.UnitDefinition'>)
04:20:27.809 | WARNING | pint.util - Redefining '%' (<class 'pint.delegates.txt_defparser.plain.UnitDefinition'>)
04:20:27.809 | WARNING | pint.util - Redefining '%' (<class 'pint.delegates.txt_defparser.plain.UnitDefinition'>)
04:20:27.808 | WARNING | pint.util - Redefining 'percent' (<class 'pint.delegates.txt_defparser.plain.UnitDefinition'>)
04:20:27.808 | WARNING | pint.util - Redefining 'percent' (<class 'pint.delegates.txt_defparser.plain.UnitDefinition'>)
04:20:27.810 | WARNING | pint.util - Redefining 'year' (<class 'pint.delegates.txt_defparser.plain.UnitDefinition'>)
04:20:27.810 | WARNING | pint.util - Redefining 'year' (<class 'pint.delegates.txt_defparser.plain.UnitDefinition'>)
04:20:27.810 | WARNING | pint.util - Redefining '%' (<class 'pint.delegates.txt_defparser.plain.UnitDefinition'>)
04:20:27.810 | WARNING | pint.util - Redefining '%' (<class 'pint.delegates.txt_defparser.plain.UnitDefinition'>)
04:20:27.808 | WARNING | pint.util - Redefining 'percent' (<class 'pint.delegates.txt_defparser.plain.UnitDefinition'>)
04:20:27.810 | WARNING | pint.util - Redefining 'year' (<class 'pint.delegates.txt_defparser.plain.UnitDefinition'>)
04:20:27.808 | WARNING | pint.util - Redefining 'percent' (<class 'pint.delegates.txt_defparser.plain.UnitDefinition'>)
04:20:27.810 | WARNING | pint.util - Redefining 'yr' (<class 'pint.delegates.txt_defparser.plain.UnitDefinition'>)
04:20:27.810 | WARNING | pint.util - Redefining 'yr' (<class 'pint.delegates.txt_defparser.plain.UnitDefinition'>)
04:20:27.810 | WARNING | pint.util - Redefining 'yr' (<class 'pint.delegates.txt_defparser.plain.UnitDefinition'>)
04:20:27.810 | WARNING | pint.util - Redefining '%' (<class 'pint.delegates.txt_defparser.plain.UnitDefinition'>)
04:20:27.810 | WARNING | pint.util - Redefining '%' (<class 'pint.delegates.txt_defparser.plain.UnitDefinition'>)
04:20:27.808 | WARNING | pint.util - Redefining 'percent' (<class 'pint.delegates.txt_defparser.plain.UnitDefinition'>)
04:20:27.811 | WARNING | pint.util - Redefining 'C' (<class 'pint.delegates.txt_defparser.plain.UnitDefinition'>)
04:20:27.811 | WARNING | pint.util - Redefining 'C' (<class 'pint.delegates.txt_defparser.plain.UnitDefinition'>)
04:20:27.811 | WARNING | pint.util - Redefining '%' (<class 'pint.delegates.txt_defparser.plain.UnitDefinition'>)
04:20:27.811 | WARNING | pint.util - Redefining 'year' (<class 'pint.delegates.txt_defparser.plain.UnitDefinition'>)
04:20:27.811 | WARNING | pint.util - Redefining 'C' (<class 'pint.delegates.txt_defparser.plain.UnitDefinition'>)
04:20:27.811 | WARNING | pint.util - Redefining 'year' (<class 'pint.delegates.txt_defparser.plain.UnitDefinition'>)
04:20:27.811 | WARNING | pint.util - Redefining 'yr' (<class 'pint.delegates.txt_defparser.plain.UnitDefinition'>)
04:20:27.811 | WARNING | pint.util - Redefining 'yr' (<class 'pint.delegates.txt_defparser.plain.UnitDefinition'>)
04:20:27.811 | WARNING | pint.util - Redefining 'year' (<class 'pint.delegates.txt_defparser.plain.UnitDefinition'>)
04:20:27.811 | WARNING | pint.util - Redefining 'year' (<class 'pint.delegates.txt_defparser.plain.UnitDefinition'>)
04:20:27.811 | WARNING | pint.util - Redefining 'd' (<class 'pint.delegates.txt_defparser.plain.UnitDefinition'>)
04:20:27.811 | WARNING | pint.util - Redefining 'd' (<class 'pint.delegates.txt_defparser.plain.UnitDefinition'>)
04:20:27.811 | WARNING | pint.util - Redefining 'yr' (<class 'pint.delegates.txt_defparser.plain.UnitDefinition'>)
04:20:27.811 | WARNING | pint.util - Redefining 'yr' (<class 'pint.delegates.txt_defparser.plain.UnitDefinition'>)
04:20:27.811 | WARNING | pint.util - Redefining 'd' (<class 'pint.delegates.txt_defparser.plain.UnitDefinition'>)
04:20:27.811 | WARNING | pint.util - Redefining 'C' (<class 'pint.delegates.txt_defparser.plain.UnitDefinition'>)
04:20:27.811 | WARNING | pint.util - Redefining 'C' (<class 'pint.delegates.txt_defparser.plain.UnitDefinition'>)
04:20:27.809 | WARNING | pint.util - Redefining 'percent' (<class 'pint.delegates.txt_defparser.plain.UnitDefinition'>)
04:20:27.811 | WARNING | pint.util - Redefining 'year' (<class 'pint.delegates.txt_defparser.plain.UnitDefinition'>)
04:20:27.811 | WARNING | pint.util - Redefining 'h' (<class 'pint.delegates.txt_defparser.plain.UnitDefinition'>)
04:20:27.811 | WARNING | pint.util - Redefining 'h' (<class 'pint.delegates.txt_defparser.plain.UnitDefinition'>)
04:20:27.812 | WARNING | pint.util - Redefining 'yr' (<class 'pint.delegates.txt_defparser.plain.UnitDefinition'>)
04:20:27.812 | WARNING | pint.util - Redefining 'C' (<class 'pint.delegates.txt_defparser.plain.UnitDefinition'>)
04:20:27.812 | WARNING | pint.util - Redefining '%' (<class 'pint.delegates.txt_defparser.plain.UnitDefinition'>)
04:20:27.812 | WARNING | pint.util - Redefining 'h' (<class 'pint.delegates.txt_defparser.plain.UnitDefinition'>)
04:20:27.812 | WARNING | pint.util - Redefining 'C' (<class 'pint.delegates.txt_defparser.plain.UnitDefinition'>)
04:20:27.812 | WARNING | pint.util - Redefining 'd' (<class 'pint.delegates.txt_defparser.plain.UnitDefinition'>)
04:20:27.812 | WARNING | pint.util - Redefining 'd' (<class 'pint.delegates.txt_defparser.plain.UnitDefinition'>)
04:20:27.812 | WARNING | pint.util - Redefining 'degrees_north' (<class 'pint.delegates.txt_defparser.plain.UnitDefinition'>)
04:20:27.812 | WARNING | pint.util - Redefining 'degrees_north' (<class 'pint.delegates.txt_defparser.plain.UnitDefinition'>)
04:20:27.812 | WARNING | pint.util - Redefining 'C' (<class 'pint.delegates.txt_defparser.plain.UnitDefinition'>)
04:20:27.812 | WARNING | pint.util - Redefining 'degrees_north' (<class 'pint.delegates.txt_defparser.plain.UnitDefinition'>)
04:20:27.812 | WARNING | pint.util - Redefining 'd' (<class 'pint.delegates.txt_defparser.plain.UnitDefinition'>)
04:20:27.812 | WARNING | pint.util - Redefining 'h' (<class 'pint.delegates.txt_defparser.plain.UnitDefinition'>)
04:20:27.812 | WARNING | pint.util - Redefining 'd' (<class 'pint.delegates.txt_defparser.plain.UnitDefinition'>)
04:20:27.812 | WARNING | pint.util - Redefining 'h' (<class 'pint.delegates.txt_defparser.plain.UnitDefinition'>)
04:20:27.812 | WARNING | pint.util - Redefining 'degrees_east' (<class 'pint.delegates.txt_defparser.plain.UnitDefinition'>)
04:20:27.812 | WARNING | pint.util - Redefining 'year' (<class 'pint.delegates.txt_defparser.plain.UnitDefinition'>)
04:20:27.812 | WARNING | pint.util - Redefining 'degrees_east' (<class 'pint.delegates.txt_defparser.plain.UnitDefinition'>)
04:20:27.812 | WARNING | pint.util - Redefining 'h' (<class 'pint.delegates.txt_defparser.plain.UnitDefinition'>)
04:20:27.812 | WARNING | pint.util - Redefining 'd' (<class 'pint.delegates.txt_defparser.plain.UnitDefinition'>)
04:20:27.812 | WARNING | pint.util - Redefining 'h' (<class 'pint.delegates.txt_defparser.plain.UnitDefinition'>)
04:20:27.812 | WARNING | pint.util - Redefining 'yr' (<class 'pint.delegates.txt_defparser.plain.UnitDefinition'>)
04:20:27.812 | WARNING | pint.util - Redefining 'degrees_east' (<class 'pint.delegates.txt_defparser.plain.UnitDefinition'>)
04:20:27.813 | WARNING | pint.util - Redefining 'degrees_north' (<class 'pint.delegates.txt_defparser.plain.UnitDefinition'>)
04:20:27.813 | WARNING | pint.util - Redefining 'degrees' (<class 'pint.delegates.txt_defparser.plain.UnitDefinition'>)
04:20:27.813 | WARNING | pint.util - Redefining 'degrees_north' (<class 'pint.delegates.txt_defparser.plain.UnitDefinition'>)
04:20:27.813 | WARNING | pint.util - Redefining 'degrees' (<class 'pint.delegates.txt_defparser.plain.UnitDefinition'>)
04:20:27.813 | WARNING | pint.util - Redefining 'h' (<class 'pint.delegates.txt_defparser.plain.UnitDefinition'>)
04:20:27.813 | WARNING | pint.util - Redefining 'C' (<class 'pint.delegates.txt_defparser.plain.UnitDefinition'>)
04:20:27.813 | WARNING | pint.util - Redefining 'degrees' (<class 'pint.delegates.txt_defparser.plain.UnitDefinition'>)
04:20:27.813 | WARNING | pint.util - Redefining 'degrees_north' (<class 'pint.delegates.txt_defparser.plain.UnitDefinition'>)
04:20:27.813 | WARNING | pint.util - Redefining 'degrees_north' (<class 'pint.delegates.txt_defparser.plain.UnitDefinition'>)
04:20:27.813 | WARNING | pint.util - Redefining 'degrees_east' (<class 'pint.delegates.txt_defparser.plain.UnitDefinition'>)
04:20:27.813 | WARNING | pint.util - Redefining 'degrees_east' (<class 'pint.delegates.txt_defparser.plain.UnitDefinition'>)
04:20:27.813 | WARNING | pint.util - Redefining '[speed]' (<class 'pint.delegates.txt_defparser.plain.DerivedDimensionDefinition'>)
04:20:27.813 | WARNING | pint.util - Redefining '[speed]' (<class 'pint.delegates.txt_defparser.plain.DerivedDimensionDefinition'>)
04:20:27.813 | WARNING | pint.util - Redefining 'degrees_north' (<class 'pint.delegates.txt_defparser.plain.UnitDefinition'>)
04:20:27.813 | WARNING | pint.util - Redefining 'degrees_east' (<class 'pint.delegates.txt_defparser.plain.UnitDefinition'>)
04:20:27.813 | WARNING | pint.util - Redefining 'degrees_east' (<class 'pint.delegates.txt_defparser.plain.UnitDefinition'>)
04:20:27.813 | WARNING | pint.util - Redefining 'degrees' (<class 'pint.delegates.txt_defparser.plain.UnitDefinition'>)
04:20:27.813 | WARNING | pint.util - Redefining 'd' (<class 'pint.delegates.txt_defparser.plain.UnitDefinition'>)
04:20:27.813 | WARNING | pint.util - Redefining '[speed]' (<class 'pint.delegates.txt_defparser.plain.DerivedDimensionDefinition'>)
04:20:27.813 | WARNING | pint.util - Redefining 'degrees' (<class 'pint.delegates.txt_defparser.plain.UnitDefinition'>)
04:20:27.814 | WARNING | pint.util - Redefining 'degrees_east' (<class 'pint.delegates.txt_defparser.plain.UnitDefinition'>)
04:20:27.814 | WARNING | pint.util - Redefining 'degrees' (<class 'pint.delegates.txt_defparser.plain.UnitDefinition'>)
04:20:27.814 | WARNING | pint.util - Redefining 'degrees' (<class 'pint.delegates.txt_defparser.plain.UnitDefinition'>)
04:20:27.814 | WARNING | pint.util - Redefining 'h' (<class 'pint.delegates.txt_defparser.plain.UnitDefinition'>)
04:20:27.814 | WARNING | pint.util - Redefining '[speed]' (<class 'pint.delegates.txt_defparser.plain.DerivedDimensionDefinition'>)
04:20:27.814 | WARNING | pint.util - Redefining '[speed]' (<class 'pint.delegates.txt_defparser.plain.DerivedDimensionDefinition'>)
04:20:27.814 | WARNING | pint.util - Redefining 'degrees' (<class 'pint.delegates.txt_defparser.plain.UnitDefinition'>)
04:20:27.814 | WARNING | pint.util - Redefining '[speed]' (<class 'pint.delegates.txt_defparser.plain.DerivedDimensionDefinition'>)
04:20:27.814 | WARNING | pint.util - Redefining 'degrees_north' (<class 'pint.delegates.txt_defparser.plain.UnitDefinition'>)
04:20:27.814 | WARNING | pint.util - Redefining '[speed]' (<class 'pint.delegates.txt_defparser.plain.DerivedDimensionDefinition'>)
04:20:27.815 | WARNING | pint.util - Redefining '[speed]' (<class 'pint.delegates.txt_defparser.plain.DerivedDimensionDefinition'>)
04:20:27.815 | WARNING | pint.util - Redefining 'degrees_east' (<class 'pint.delegates.txt_defparser.plain.UnitDefinition'>)
04:20:27.815 | WARNING | pint.util - Redefining 'degrees' (<class 'pint.delegates.txt_defparser.plain.UnitDefinition'>)
04:20:27.816 | WARNING | pint.util - Redefining '[speed]' (<class 'pint.delegates.txt_defparser.plain.DerivedDimensionDefinition'>)
04:20:27.814 | WARNING | pint.util - Redefining 'percent' (<class 'pint.delegates.txt_defparser.plain.UnitDefinition'>)
04:20:27.816 | WARNING | pint.util - Redefining '%' (<class 'pint.delegates.txt_defparser.plain.UnitDefinition'>)
04:20:27.817 | WARNING | pint.util - Redefining 'year' (<class 'pint.delegates.txt_defparser.plain.UnitDefinition'>)
04:20:27.817 | WARNING | pint.util - Redefining 'yr' (<class 'pint.delegates.txt_defparser.plain.UnitDefinition'>)
04:20:27.817 | WARNING | pint.util - Redefining 'C' (<class 'pint.delegates.txt_defparser.plain.UnitDefinition'>)
04:20:27.818 | WARNING | pint.util - Redefining 'd' (<class 'pint.delegates.txt_defparser.plain.UnitDefinition'>)
04:20:27.818 | WARNING | pint.util - Redefining 'h' (<class 'pint.delegates.txt_defparser.plain.UnitDefinition'>)
04:20:27.818 | WARNING | pint.util - Redefining 'degrees_north' (<class 'pint.delegates.txt_defparser.plain.UnitDefinition'>)
04:20:27.819 | WARNING | pint.util - Redefining 'degrees_east' (<class 'pint.delegates.txt_defparser.plain.UnitDefinition'>)
[03/13/26 04:20:27] WARNING  Import(s) unavailable to set up matplotlib support...skipping this portion of the setup.                                                                                                                    logging.py:10
04:20:27.819 | WARNING | pint.util - Redefining 'degrees' (<class 'pint.delegates.txt_defparser.plain.UnitDefinition'>)
[03/13/26 04:20:27] WARNING  Import(s) unavailable to set up matplotlib support...skipping this portion of the setup.                                                                                                                    logging.py:10
[03/13/26 04:20:27] WARNING  Import(s) unavailable to set up matplotlib support...skipping this portion of the setup.                                                                                                                    logging.py:10
[03/13/26 04:20:27] WARNING  Import(s) unavailable to set up matplotlib support...skipping this portion of the setup.                                                                                                                    logging.py:10
[03/13/26 04:20:27] WARNING  Import(s) unavailable to set up matplotlib support...skipping this portion of the setup.                                                                                                                    logging.py:10
[03/13/26 04:20:27] WARNING  Import(s) unavailable to set up matplotlib support...skipping this portion of the setup.                                                                                                                    logging.py:10
[03/13/26 04:20:27] WARNING  Import(s) unavailable to set up matplotlib support...skipping this portion of the setup.                                                                                                                    logging.py:10
04:20:27.820 | WARNING | pint.util - Redefining '[speed]' (<class 'pint.delegates.txt_defparser.plain.DerivedDimensionDefinition'>)
[03/13/26 04:20:27] WARNING  Import(s) unavailable to set up matplotlib support...skipping this portion of the setup.                                                                                                                    logging.py:10
[03/13/26 04:20:27] WARNING  Import(s) unavailable to set up matplotlib support...skipping this portion of the setup.                                                                                                                    logging.py:10
[03/13/26 04:20:27] WARNING  Import(s) unavailable to set up matplotlib support...skipping this portion of the setup.                                                                                                                    logging.py:10
04:20:27.828 | WARNING | pint.util - Redefining 'percent' (<class 'pint.delegates.txt_defparser.plain.UnitDefinition'>)
04:20:27.830 | WARNING | pint.util - Redefining '%' (<class 'pint.delegates.txt_defparser.plain.UnitDefinition'>)
04:20:27.831 | WARNING | pint.util - Redefining 'year' (<class 'pint.delegates.txt_defparser.plain.UnitDefinition'>)
04:20:27.831 | WARNING | pint.util - Redefining 'yr' (<class 'pint.delegates.txt_defparser.plain.UnitDefinition'>)
04:20:27.832 | WARNING | pint.util - Redefining 'C' (<class 'pint.delegates.txt_defparser.plain.UnitDefinition'>)
04:20:27.832 | WARNING | pint.util - Redefining 'd' (<class 'pint.delegates.txt_defparser.plain.UnitDefinition'>)
04:20:27.833 | WARNING | pint.util - Redefining 'h' (<class 'pint.delegates.txt_defparser.plain.UnitDefinition'>)
04:20:27.833 | WARNING | pint.util - Redefining 'degrees_north' (<class 'pint.delegates.txt_defparser.plain.UnitDefinition'>)
04:20:27.833 | WARNING | pint.util - Redefining 'degrees_east' (<class 'pint.delegates.txt_defparser.plain.UnitDefinition'>)
04:20:27.832 | WARNING | pint.util - Redefining 'percent' (<class 'pint.delegates.txt_defparser.plain.UnitDefinition'>)
04:20:27.834 | WARNING | pint.util - Redefining 'degrees' (<class 'pint.delegates.txt_defparser.plain.UnitDefinition'>)
04:20:27.834 | WARNING | pint.util - Redefining '%' (<class 'pint.delegates.txt_defparser.plain.UnitDefinition'>)
04:20:27.834 | WARNING | pint.util - Redefining '[speed]' (<class 'pint.delegates.txt_defparser.plain.DerivedDimensionDefinition'>)
04:20:27.835 | WARNING | pint.util - Redefining 'year' (<class 'pint.delegates.txt_defparser.plain.UnitDefinition'>)
04:20:27.835 | WARNING | pint.util - Redefining 'yr' (<class 'pint.delegates.txt_defparser.plain.UnitDefinition'>)
04:20:27.835 | WARNING | pint.util - Redefining 'C' (<class 'pint.delegates.txt_defparser.plain.UnitDefinition'>)
04:20:27.836 | WARNING | pint.util - Redefining 'd' (<class 'pint.delegates.txt_defparser.plain.UnitDefinition'>)
04:20:27.836 | WARNING | pint.util - Redefining 'h' (<class 'pint.delegates.txt_defparser.plain.UnitDefinition'>)
04:20:27.836 | WARNING | pint.util - Redefining 'degrees_north' (<class 'pint.delegates.txt_defparser.plain.UnitDefinition'>)
04:20:27.837 | WARNING | pint.util - Redefining 'degrees_east' (<class 'pint.delegates.txt_defparser.plain.UnitDefinition'>)
04:20:27.837 | WARNING | pint.util - Redefining 'degrees' (<class 'pint.delegates.txt_defparser.plain.UnitDefinition'>)
04:20:27.838 | WARNING | pint.util - Redefining '[speed]' (<class 'pint.delegates.txt_defparser.plain.DerivedDimensionDefinition'>)
[03/13/26 04:20:27] WARNING  Import(s) unavailable to set up matplotlib support...skipping this portion of the setup.                                                                                                                    logging.py:10
[03/13/26 04:20:27] WARNING  Import(s) unavailable to set up matplotlib support...skipping this portion of the setup.                                                                                                                    logging.py:10
04:20:27.846 | WARNING | pint.util - Redefining 'percent' (<class 'pint.delegates.txt_defparser.plain.UnitDefinition'>)
04:20:27.849 | WARNING | pint.util - Redefining '%' (<class 'pint.delegates.txt_defparser.plain.UnitDefinition'>)
04:20:27.850 | WARNING | pint.util - Redefining 'year' (<class 'pint.delegates.txt_defparser.plain.UnitDefinition'>)
04:20:27.850 | WARNING | pint.util - Redefining 'yr' (<class 'pint.delegates.txt_defparser.plain.UnitDefinition'>)
04:20:27.850 | WARNING | pint.util - Redefining 'C' (<class 'pint.delegates.txt_defparser.plain.UnitDefinition'>)
04:20:27.851 | WARNING | pint.util - Redefining 'd' (<class 'pint.delegates.txt_defparser.plain.UnitDefinition'>)
04:20:27.851 | WARNING | pint.util - Redefining 'h' (<class 'pint.delegates.txt_defparser.plain.UnitDefinition'>)
04:20:27.852 | WARNING | pint.util - Redefining 'degrees_north' (<class 'pint.delegates.txt_defparser.plain.UnitDefinition'>)
04:20:27.852 | WARNING | pint.util - Redefining 'degrees_east' (<class 'pint.delegates.txt_defparser.plain.UnitDefinition'>)
04:20:27.853 | WARNING | pint.util - Redefining 'degrees' (<class 'pint.delegates.txt_defparser.plain.UnitDefinition'>)
04:20:27.853 | WARNING | pint.util - Redefining '[speed]' (<class 'pint.delegates.txt_defparser.plain.DerivedDimensionDefinition'>)
[03/13/26 04:20:27] WARNING  Import(s) unavailable to set up matplotlib support...skipping this portion of the setup.                                                                                                                    logging.py:10

libgomp: Thread creation failed: Resource temporarily unavailable
2026-03-13 04:21:29,354 - distributed.scheduler - ERROR - Task ('getitem-transpose-store-map-1200c49a91ef69c00755b77152e47849', 712, 1) marked as failed because 4 workers died while trying to run it
2026-03-13 04:21:29,360 - distributed.scheduler - ERROR - Task ('groupby_nanmean-9891a0d0dded677debbdcb104a73b546', 2, 11) marked as failed because 4 workers died while trying to run it
2026-03-13 04:21:29,360 - distributed.scheduler - WARNING - Removing worker 'tcp://127.0.0.1:44773' caused the cluster to lose already computed task(s), which will be recomputed elsewhere: {('array-3cc5b46a3b1edd8db76c11627224f579', 2), ('array-3cc5b46a3b1edd8db76c11627224f579', 5)} (stimulus_id='handle-worker-cleanup-1773372089.353416')
Processing rules                                            0% -:--:--
2026-03-13 04:21:30,319 - distributed.nanny - WARNING - Restarting worker
╭─────────────────────────────── Traceback (most recent call last) ────────────────────────────────╮
│ /work/ab0246/a270092/software/miniforge3/envs/pycmor_env/bin/pycmor:7 in <module>                │
│                                                                                                  │
│   4 if __name__ == '__main__':                                                                   │
│   5 │   if sys.argv[0].endswith('.exe'):                                                         │
│   6 │   │   sys.argv[0] = sys.argv[0][:-4]                                                       │
│ ❱ 7 │   sys.exit(main())                                                                         │
│   8                                                                                              │
│                                                                                                  │
│ ╭──────────── locals ─────────────╮                                                              │
│ │ sys = <module 'sys' (built-in)> │                                                              │
│ ╰─────────────────────────────────╯                                                              │
│                                                                                                  │
│ /work/ab0246/a270092/software/pycmor/src/pycmor/cli.py:359 in main                               │
│                                                                                                  │
│   356 │   for entry_point_name, entry_point in find_subcommands().items():                       │
│   357 │   │   cli.add_command(entry_point["callable"], name=entry_point_name)                    │
│   358 │   # Prefer new env var prefix, but keep backward compatibility                           │
│ ❱ 359 │   cli(auto_envvar_prefix="PYCMOR")                                                       │
│   360                                                                                            │
│   361                                                                                            │
│   362 if __name__ == "__main__":                                                                 │
│                                                                                                  │
│ ╭─────────────────────────────────── locals ────────────────────────────────────╮                │
│ │      entry_point = {'plugin_name': 'pycmor', 'callable': <RichGroup plugins>} │                │
│ │ entry_point_name = 'plugins'                                                  │                │
│ ╰───────────────────────────────────────────────────────────────────────────────╯                │
│                                                                                                  │
│                                     ... 21 frames hidden ...                                     │
│                                                                                                  │
│ /work/ab0246/a270092/software/miniforge3/envs/pycmor_env/lib/python3.9/site-packages/distributed │
│ /client.py:2567 in gather                                                                        │
│                                                                                                  │
│   2564 │   │   │   local_worker = None                                                           │
│   2565 │   │                                                                                     │
│   2566 │   │   with shorten_traceback():                                                         │
│ ❱ 2567 │   │   │   return self.sync(                                                             │
│   2568 │   │   │   │   self._gather,                                                             │
│   2569 │   │   │   │   futures,                                                                  │
│   2570 │   │   │   │   errors=errors,                                                            │
│                                                                                                  │
│ ╭─────────────────────────────────────────── locals ───────────────────────────────────────────╮ │
│ │ asynchronous = None                                                                          │ │
│ │       direct = None                                                                          │ │
│ │       errors = 'raise'                                                                       │ │
│ │      futures = [                                                                             │ │
│ │                │   <Future: pending, key: ('store-map-1200c49a91ef69c00755b77152e47849', 0,  │ │
│ │                0)>,                                                                          │ │
│ │                │   <Future: pending, key: ('store-map-1200c49a91ef69c00755b77152e47849', 0,  │ │
│ │                1)>,                                                                          │ │
│ │                │   <Future: pending, key: ('store-map-1200c49a91ef69c00755b77152e47849', 0,  │ │
│ │                2)>,                                                                          │ │
│ │                │   <Future: pending, key: ('store-map-1200c49a91ef69c00755b77152e47849', 0,  │ │
│ │                3)>,                                                                          │ │
│ │                │   <Future: pending, key: ('store-map-1200c49a91ef69c00755b77152e47849', 1,  │ │
│ │                0)>,                                                                          │ │
│ │                │   <Future: pending, key: ('store-map-1200c49a91ef69c00755b77152e47849', 1,  │ │
│ │                1)>,                                                                          │ │
│ │                │   <Future: error, key: ('store-map-1200c49a91ef69c00755b77152e47849', 1,    │ │
│ │                2)>,                                                                          │ │
│ │                │   <Future: pending, key: ('store-map-1200c49a91ef69c00755b77152e47849', 1,  │ │
│ │                3)>,                                                                          │ │
│ │                │   <Future: cancelled, key: ('store-map-1200c49a91ef69c00755b77152e47849',   │ │
│ │                2, 0)>,                                                                       │ │
│ │                │   <Future: pending, key: ('store-map-1200c49a91ef69c00755b77152e47849', 2,  │ │
│ │                1)>,                                                                          │ │
│ │                │   ... +10682                                                                │ │
│ │                ]                                                                             │ │
│ │ local_worker = None                                                                          │ │
│ │         self = <Client: 'tcp://127.0.0.1:44563' processes=16 threads=256, memory=501.87 GiB> │ │
│ ╰──────────────────────────────────────────────────────────────────────────────────────────────╯ │
│                                                                                                  │
│ /work/ab0246/a270092/software/miniforge3/envs/pycmor_env/lib/python3.9/site-packages/distributed │
│ /client.py:2428 in _gather                                                                       │
│                                                                                                  │
│   2425 │   │   │   │   │   │   st = future._state                                                │
│   2426 │   │   │   │   │   │   exception = st.exception                                          │
│   2427 │   │   │   │   │   │   traceback = st.traceback                                          │
│ ❱ 2428 │   │   │   │   │   │   raise exception.with_traceback(traceback)                         │
│   2429 │   │   │   │   │   if errors == "skip":                                                  │
│   2430 │   │   │   │   │   │   bad_keys.add(key)                                                 │
│   2431 │   │   │   │   │   │   bad_data[key] = None                                              │
│                                                                                                  │
│ ╭─────────────────────────────────────────── locals ───────────────────────────────────────────╮ │
│ │           bad_data = {}                                                                      │ │
│ │           bad_keys = set()                                                                   │ │
│ │               data = {}                                                                      │ │
│ │             direct = False                                                                   │ │
│ │             errors = 'raise'                                                                 │ │
│ │          exception = KilledWorker(('groupby_nanmean-9891a0d0dded677debbdcb104a73b546', 2,    │ │
│ │                      11), <WorkerState 'tcp://127.0.0.1:44773', name: 4, status: closed,     │ │
│ │                      memory: 0, processing: 0>, 3)                                           │ │
│ │         exceptions = {('store-map-1200c49a91ef69c00755b77152e47849', 2249, 2)}               │ │
│ │             failed = ('error', 'cancelled')                                                  │ │
│ │             future = <Future: error, key: ('store-map-1200c49a91ef69c00755b77152e47849',     │ │
│ │                      2249, 2)>                                                               │ │
│ │         future_set = {                                                                       │ │
│ │                      │   <Future: pending, key:                                              │ │
│ │                      ('store-map-1200c49a91ef69c00755b77152e47849', 2083, 3)>,               │ │
│ │                      │   <Future: error, key: ('store-map-1200c49a91ef69c00755b77152e47849', │ │
│ │                      2249, 2)>,                                                              │ │
│ │                      │   <Future: pending, key:                                              │ │
│ │                      ('store-map-1200c49a91ef69c00755b77152e47849', 1550, 1)>,               │ │
│ │                      │   <Future: pending, key:                                              │ │
│ │                      ('store-map-1200c49a91ef69c00755b77152e47849', 2479, 3)>,               │ │
│ │                      │   <Future: pending, key:                                              │ │
│ │                      ('store-map-1200c49a91ef69c00755b77152e47849', 1154, 1)>,               │ │
│ │                      │   <Future: error, key: ('store-map-1200c49a91ef69c00755b77152e47849', │ │
│ │                      1780, 2)>,                                                              │ │
│ │                      │   <Future: pending, key:                                              │ │
│ │                      ('store-map-1200c49a91ef69c00755b77152e47849', 1333, 3)>,               │ │
│ │                      │   <Future: error, key: ('store-map-1200c49a91ef69c00755b77152e47849', │ │
│ │                      1384, 2)>,                                                              │ │
│ │                      │   <Future: pending, key:                                              │ │
│ │                      ('store-map-1200c49a91ef69c00755b77152e47849', 2600, 0)>,               │ │
│ │                      │   <Future: pending, key:                                              │ │
│ │                      ('store-map-1200c49a91ef69c00755b77152e47849', 2338, 0)>,               │ │
│ │                      │   ... +10682                                                          │ │
│ │                      }                                                                       │ │
│ │            futures = [                                                                       │ │
│ │                      │   <Future: pending, key:                                              │ │
│ │                      ('store-map-1200c49a91ef69c00755b77152e47849', 0, 0)>,                  │ │
│ │                      │   <Future: pending, key:                                              │ │
│ │                      ('store-map-1200c49a91ef69c00755b77152e47849', 0, 1)>,                  │ │
│ │                      │   <Future: pending, key:                                              │ │
│ │                      ('store-map-1200c49a91ef69c00755b77152e47849', 0, 2)>,                  │ │
│ │                      │   <Future: pending, key:                                              │ │
│ │                      ('store-map-1200c49a91ef69c00755b77152e47849', 0, 3)>,                  │ │
│ │                      │   <Future: pending, key:                                              │ │
│ │                      ('store-map-1200c49a91ef69c00755b77152e47849', 1, 0)>,                  │ │
│ │                      │   <Future: pending, key:                                              │ │
│ │                      ('store-map-1200c49a91ef69c00755b77152e47849', 1, 1)>,                  │ │
│ │                      │   <Future: error, key: ('store-map-1200c49a91ef69c00755b77152e47849', │ │
│ │                      1, 2)>,                                                                 │ │
│ │                      │   <Future: pending, key:                                              │ │
│ │                      ('store-map-1200c49a91ef69c00755b77152e47849', 1, 3)>,                  │ │
│ │                      │   <Future: cancelled, key:                                            │ │
│ │                      ('store-map-1200c49a91ef69c00755b77152e47849', 2, 0)>,                  │ │
│ │                      │   <Future: pending, key:                                              │ │
│ │                      ('store-map-1200c49a91ef69c00755b77152e47849', 2, 1)>,                  │ │
│ │                      │   ... +10682                                                          │ │
│ │                      ]                                                                       │ │
│ │                key = ('store-map-1200c49a91ef69c00755b77152e47849', 2249, 2)                 │ │
│ │               keys = [                                                                       │ │
│ │                      │   ('store-map-1200c49a91ef69c00755b77152e47849', 2083, 3),            │ │
│ │                      │   ('store-map-1200c49a91ef69c00755b77152e47849', 2249, 2),            │ │
│ │                      │   ('store-map-1200c49a91ef69c00755b77152e47849', 1550, 1),            │ │
│ │                      │   ('store-map-1200c49a91ef69c00755b77152e47849', 2479, 3),            │ │
│ │                      │   ('store-map-1200c49a91ef69c00755b77152e47849', 1154, 1),            │ │
│ │                      │   ('store-map-1200c49a91ef69c00755b77152e47849', 1780, 2),            │ │
│ │                      │   ('store-map-1200c49a91ef69c00755b77152e47849', 1333, 3),            │ │
│ │                      │   ('store-map-1200c49a91ef69c00755b77152e47849', 1384, 2),            │ │
│ │                      │   ('store-map-1200c49a91ef69c00755b77152e47849', 2600, 0),            │ │
│ │                      │   ('store-map-1200c49a91ef69c00755b77152e47849', 2338, 0),            │ │
│ │                      │   ... +10682                                                          │ │
│ │                      ]                                                                       │ │
│ │       local_worker = None                                                                    │ │
│ │ mismatched_futures = []                                                                      │ │
│ │               self = <Client: 'tcp://127.0.0.1:44563' processes=16 threads=256,              │ │
│ │                      memory=501.87 GiB>                                                      │ │
│ │                 st = <FutureState: error>                                                    │ │
│ │          traceback = None                                                                    │ │
│ │           unpacked = [                                                                       │ │
│ │                      │   ('store-map-1200c49a91ef69c00755b77152e47849', 0, 0),               │ │
│ │                      │   ('store-map-1200c49a91ef69c00755b77152e47849', 0, 1),               │ │
│ │                      │   ('store-map-1200c49a91ef69c00755b77152e47849', 0, 2),               │ │
│ │                      │   ('store-map-1200c49a91ef69c00755b77152e47849', 0, 3),               │ │
│ │                      │   ('store-map-1200c49a91ef69c00755b77152e47849', 1, 0),               │ │
│ │                      │   ('store-map-1200c49a91ef69c00755b77152e47849', 1, 1),               │ │
│ │                      │   ('store-map-1200c49a91ef69c00755b77152e47849', 1, 2),               │ │
│ │                      │   ('store-map-1200c49a91ef69c00755b77152e47849', 1, 3),               │ │
│ │                      │   ('store-map-1200c49a91ef69c00755b77152e47849', 2, 0),               │ │
│ │                      │   ('store-map-1200c49a91ef69c00755b77152e47849', 2, 1),               │ │
│ │                      │   ... +10682                                                          │ │
│ │                      ]                                                                       │ │
│ ╰──────────────────────────────────────────────────────────────────────────────────────────────╯ │
╰──────────────────────────────────────────────────────────────────────────────────────────────────╯
KilledWorker: Attempted to run task ('groupby_nanmean-9891a0d0dded677debbdcb104a73b546', 2, 11) on 4 different workers, but all those workers died while running it. The last worker that attempt to run the task was tcp://127.0.0.1:44773. 
Inspecting worker logs is often a good next step to diagnose what went wrong. For more information see https://distributed.dask.org/en/stable/killed.html.
2026-03-13 04:21:31,858 - distributed.worker.state_machine - WARNING - Async instruction for <Task cancelled name="execute(('getitem-transpose-store-map-1200c49a91ef69c00755b77152e47849', 712, 3))" coro=<Worker.execute() done, defined at /work/ab0246/a270092/software/miniforge3/envs/pycmor_env/lib/python3.9/site-packages/distributed/worker_state_machine.py:3615>> ended with CancelledError
2026-03-13 04:21:31,859 - distributed.worker.state_machine - WARNING - Async instruction for <Task cancelled name="execute(('getitem-transpose-store-map-1200c49a91ef69c00755b77152e47849', 2424, 0))" coro=<Worker.execute() done, defined at /work/ab0246/a270092/software/miniforge3/envs/pycmor_env/lib/python3.9/site-packages/distributed/worker_state_machine.py:3615>> ended with CancelledError
2026-03-13 04:21:31,859 - distributed.worker.state_machine - WARNING - Async instruction for <Task cancelled name="execute(('getitem-transpose-store-map-1200c49a91ef69c00755b77152e47849', 960, 3))" coro=<Worker.execute() done, defined at /work/ab0246/a270092/software/miniforge3/envs/pycmor_env/lib/python3.9/site-packages/distributed/worker_state_machine.py:3615>> ended with CancelledError
2026-03-13 04:21:31,859 - distributed.worker.state_machine - WARNING - Async instruction for <Task cancelled name="execute(('getitem-transpose-store-map-1200c49a91ef69c00755b77152e47849', 1696, 1))" coro=<Worker.execute() done, defined at /work/ab0246/a270092/software/miniforge3/envs/pycmor_env/lib/python3.9/site-packages/distributed/worker_state_machine.py:3615>> ended with CancelledError
2026-03-13 04:21:31,859 - distributed.worker.state_machine - WARNING - Async instruction for <Task cancelled name="execute(('getitem-transpose-store-map-1200c49a91ef69c00755b77152e47849', 0, 2))" coro=<Worker.execute() done, defined at /work/ab0246/a270092/software/miniforge3/envs/pycmor_env/lib/python3.9/site-packages/distributed/worker_state_machine.py:3615>> ended with CancelledError
2026-03-13 04:21:31,859 - distributed.worker.state_machine - WARNING - Async instruction for <Task cancelled name="execute(('getitem-transpose-store-map-1200c49a91ef69c00755b77152e47849', 960, 2))" coro=<Worker.execute() done, defined at /work/ab0246/a270092/software/miniforge3/envs/pycmor_env/lib/python3.9/site-packages/distributed/worker_state_machine.py:3615>> ended with CancelledError
2026-03-13 04:21:31,859 - distributed.worker.state_machine - WARNING - Async instruction for <Task cancelled name="execute(('getitem-transpose-store-map-1200c49a91ef69c00755b77152e47849', 2424, 1))" coro=<Worker.execute() done, defined at /work/ab0246/a270092/software/miniforge3/envs/pycmor_env/lib/python3.9/site-packages/distributed/worker_state_machine.py:3615>> ended with CancelledError
2026-03-13 04:21:31,859 - distributed.worker.state_machine - WARNING - Async instruction for <Task cancelled name="execute(('getitem-transpose-store-map-1200c49a91ef69c00755b77152e47849', 960, 1))" coro=<Worker.execute() done, defined at /work/ab0246/a270092/software/miniforge3/envs/pycmor_env/lib/python3.9/site-packages/distributed/worker_state_machine.py:3615>> ended with CancelledError
2026-03-13 04:21:31,859 - distributed.worker.state_machine - WARNING - Async instruction for <Task cancelled name="execute(('getitem-transpose-store-map-1200c49a91ef69c00755b77152e47849', 2424, 2))" coro=<Worker.execute() done, defined at /work/ab0246/a270092/software/miniforge3/envs/pycmor_env/lib/python3.9/site-packages/distributed/worker_state_machine.py:3615>> ended with CancelledError
2026-03-13 04:21:31,859 - distributed.worker.state_machine - WARNING - Async instruction for <Task cancelled name="execute(('getitem-transpose-store-map-1200c49a91ef69c00755b77152e47849', 960, 0))" coro=<Worker.execute() done, defined at /work/ab0246/a270092/software/miniforge3/envs/pycmor_env/lib/python3.9/site-packages/distributed/worker_state_machine.py:3615>> ended with CancelledError
2026-03-13 04:21:31,859 - distributed.worker.state_machine - WARNING - Async instruction for <Task cancelled name="execute(('getitem-transpose-store-map-1200c49a91ef69c00755b77152e47849', 2424, 3))" coro=<Worker.execute() done, defined at /work/ab0246/a270092/software/miniforge3/envs/pycmor_env/lib/python3.9/site-packages/distributed/worker_state_machine.py:3615>> ended with CancelledError
2026-03-13 04:21:31,860 - distributed.worker.state_machine - WARNING - Async instruction for <Task cancelled name="execute(('getitem-transpose-store-map-1200c49a91ef69c00755b77152e47849', 0, 3))" coro=<Worker.execute() done, defined at /work/ab0246/a270092/software/miniforge3/envs/pycmor_env/lib/python3.9/site-packages/distributed/worker_state_machine.py:3615>> ended with CancelledError
2026-03-13 04:21:31,860 - distributed.worker.state_machine - WARNING - Async instruction for <Task cancelled name="execute(('getitem-transpose-store-map-1200c49a91ef69c00755b77152e47849', 0, 1))" coro=<Worker.execute() done, defined at /work/ab0246/a270092/software/miniforge3/envs/pycmor_env/lib/python3.9/site-packages/distributed/worker_state_machine.py:3615>> ended with CancelledError
2026-03-13 04:21:31,860 - distributed.worker.state_machine - WARNING - Async instruction for <Task cancelled name="execute(('getitem-transpose-store-map-1200c49a91ef69c00755b77152e47849', 0, 0))" coro=<Worker.execute() done, defined at /work/ab0246/a270092/software/miniforge3/envs/pycmor_env/lib/python3.9/site-packages/distributed/worker_state_machine.py:3615>> ended with CancelledError
2026-03-13 04:21:31,860 - distributed.worker.state_machine - WARNING - Async instruction for <Task cancelled name="execute(('groupby_nanmean-9891a0d0dded677debbdcb104a73b546', 1, 11))" coro=<Worker.execute() done, defined at /work/ab0246/a270092/software/miniforge3/envs/pycmor_env/lib/python3.9/site-packages/distributed/worker_state_machine.py:3615>> ended with CancelledError
2026-03-13 04:21:31,860 - distributed.worker.state_machine - WARNING - Async instruction for <Task cancelled name="execute(('getitem-transpose-store-map-1200c49a91ef69c00755b77152e47849', 712, 0))" coro=<Worker.execute() done, defined at /work/ab0246/a270092/software/miniforge3/envs/pycmor_env/lib/python3.9/site-packages/distributed/worker_state_machine.py:3615>> ended with CancelledError
2026-03-13 04:21:31,862 - distributed.worker.state_machine - WARNING - Async instruction for <Task cancelled name="execute(('getitem-transpose-store-map-1200c49a91ef69c00755b77152e47849', 472, 0))" coro=<Worker.execute() done, defined at /work/ab0246/a270092/software/miniforge3/envs/pycmor_env/lib/python3.9/site-packages/distributed/worker_state_machine.py:3615>> ended with CancelledError
2026-03-13 04:21:31,862 - distributed.worker.state_machine - WARNING - Async instruction for <Task cancelled name="execute(('getitem-transpose-store-map-1200c49a91ef69c00755b77152e47849', 472, 3))" coro=<Worker.execute() done, defined at /work/ab0246/a270092/software/miniforge3/envs/pycmor_env/lib/python3.9/site-packages/distributed/worker_state_machine.py:3615>> ended with CancelledError
2026-03-13 04:21:31,862 - distributed.worker.state_machine - WARNING - Async instruction for <Task cancelled name="execute(('getitem-transpose-store-map-1200c49a91ef69c00755b77152e47849', 472, 2))" coro=<Worker.execute() done, defined at /work/ab0246/a270092/software/miniforge3/envs/pycmor_env/lib/python3.9/site-packages/distributed/worker_state_machine.py:3615>> ended with CancelledError
2026-03-13 04:21:31,862 - distributed.worker.state_machine - WARNING - Async instruction for <Task cancelled name="execute(('getitem-transpose-store-map-1200c49a91ef69c00755b77152e47849', 472, 1))" coro=<Worker.execute() done, defined at /work/ab0246/a270092/software/miniforge3/envs/pycmor_env/lib/python3.9/site-packages/distributed/worker_state_machine.py:3615>> ended with CancelledError
2026-03-13 04:21:31,864 - distributed.worker.state_machine - WARNING - Async instruction for <Task cancelled name="execute(('getitem-transpose-store-map-1200c49a91ef69c00755b77152e47849', 224, 1))" coro=<Worker.execute() done, defined at /work/ab0246/a270092/software/miniforge3/envs/pycmor_env/lib/python3.9/site-packages/distributed/worker_state_machine.py:3615>> ended with CancelledError
2026-03-13 04:21:31,864 - distributed.worker.state_machine - WARNING - Async instruction for <Task cancelled name="execute(('getitem-transpose-store-map-1200c49a91ef69c00755b77152e47849', 1936, 3))" coro=<Worker.execute() done, defined at /work/ab0246/a270092/software/miniforge3/envs/pycmor_env/lib/python3.9/site-packages/distributed/worker_state_machine.py:3615>> ended with CancelledError
2026-03-13 04:21:31,864 - distributed.worker.state_machine - WARNING - Async instruction for <Task cancelled name="execute(('getitem-transpose-store-map-1200c49a91ef69c00755b77152e47849', 2184, 1))" coro=<Worker.execute() done, defined at /work/ab0246/a270092/software/miniforge3/envs/pycmor_env/lib/python3.9/site-packages/distributed/worker_state_machine.py:3615>> ended with CancelledError
2026-03-13 04:21:31,864 - distributed.worker.state_machine - WARNING - Async instruction for <Task cancelled name="execute(('getitem-transpose-store-map-1200c49a91ef69c00755b77152e47849', 2184, 2))" coro=<Worker.execute() done, defined at /work/ab0246/a270092/software/miniforge3/envs/pycmor_env/lib/python3.9/site-packages/distributed/worker_state_machine.py:3615>> ended with CancelledError
2026-03-13 04:21:31,864 - distributed.worker.state_machine - WARNING - Async instruction for <Task cancelled name="execute(('getitem-transpose-store-map-1200c49a91ef69c00755b77152e47849', 1936, 0))" coro=<Worker.execute() done, defined at /work/ab0246/a270092/software/miniforge3/envs/pycmor_env/lib/python3.9/site-packages/distributed/worker_state_machine.py:3615>> ended with CancelledError
2026-03-13 04:21:31,864 - distributed.worker.state_machine - WARNING - Async instruction for <Task cancelled name="execute(('getitem-transpose-store-map-1200c49a91ef69c00755b77152e47849', 1448, 2))" coro=<Worker.execute() done, defined at /work/ab0246/a270092/software/miniforge3/envs/pycmor_env/lib/python3.9/site-packages/distributed/worker_state_machine.py:3615>> ended with CancelledError
2026-03-13 04:21:31,864 - distributed.worker.state_machine - WARNING - Async instruction for <Task cancelled name="execute(('getitem-transpose-store-map-1200c49a91ef69c00755b77152e47849', 224, 2))" coro=<Worker.execute() done, defined at /work/ab0246/a270092/software/miniforge3/envs/pycmor_env/lib/python3.9/site-packages/distributed/worker_state_machine.py:3615>> ended with CancelledError
2026-03-13 04:21:31,864 - distributed.worker.state_machine - WARNING - Async instruction for <Task cancelled name="execute(('getitem-transpose-store-map-1200c49a91ef69c00755b77152e47849', 224, 0))" coro=<Worker.execute() done, defined at /work/ab0246/a270092/software/miniforge3/envs/pycmor_env/lib/python3.9/site-packages/distributed/worker_state_machine.py:3615>> ended with CancelledError
2026-03-13 04:21:31,864 - distributed.worker.state_machine - WARNING - Async instruction for <Task cancelled name="execute(('getitem-transpose-store-map-1200c49a91ef69c00755b77152e47849', 2184, 0))" coro=<Worker.execute() done, defined at /work/ab0246/a270092/software/miniforge3/envs/pycmor_env/lib/python3.9/site-packages/distributed/worker_state_machine.py:3615>> ended with CancelledError
2026-03-13 04:21:31,864 - distributed.worker.state_machine - WARNING - Async instruction for <Task cancelled name="execute(('getitem-transpose-store-map-1200c49a91ef69c00755b77152e47849', 1696, 0))" coro=<Worker.execute() done, defined at /work/ab0246/a270092/software/miniforge3/envs/pycmor_env/lib/python3.9/site-packages/distributed/worker_state_machine.py:3615>> ended with CancelledError
2026-03-13 04:21:31,864 - distributed.worker.state_machine - WARNING - Async instruction for <Task cancelled name="execute(('getitem-transpose-store-map-1200c49a91ef69c00755b77152e47849', 1696, 3))" coro=<Worker.execute() done, defined at /work/ab0246/a270092/software/miniforge3/envs/pycmor_env/lib/python3.9/site-packages/distributed/worker_state_machine.py:3615>> ended with CancelledError
2026-03-13 04:21:31,864 - distributed.worker.state_machine - WARNING - Async instruction for <Task cancelled name="execute(('getitem-transpose-store-map-1200c49a91ef69c00755b77152e47849', 712, 2))" coro=<Worker.execute() done, defined at /work/ab0246/a270092/software/miniforge3/envs/pycmor_env/lib/python3.9/site-packages/distributed/worker_state_machine.py:3615>> ended with CancelledError
2026-03-13 04:21:31,864 - distributed.worker.state_machine - WARNING - Async instruction for <Task cancelled name="execute(('getitem-transpose-store-map-1200c49a91ef69c00755b77152e47849', 1448, 3))" coro=<Worker.execute() done, defined at /work/ab0246/a270092/software/miniforge3/envs/pycmor_env/lib/python3.9/site-packages/distributed/worker_state_machine.py:3615>> ended with CancelledError
2026-03-13 04:21:31,864 - distributed.worker.state_machine - WARNING - Async instruction for <Task cancelled name="execute(('getitem-transpose-store-map-1200c49a91ef69c00755b77152e47849', 224, 3))" coro=<Worker.execute() done, defined at /work/ab0246/a270092/software/miniforge3/envs/pycmor_env/lib/python3.9/site-packages/distributed/worker_state_machine.py:3615>> ended with CancelledError
2026-03-13 04:21:31,864 - distributed.worker.state_machine - WARNING - Async instruction for <Task cancelled name="execute(('getitem-transpose-store-map-1200c49a91ef69c00755b77152e47849', 2184, 3))" coro=<Worker.execute() done, defined at /work/ab0246/a270092/software/miniforge3/envs/pycmor_env/lib/python3.9/site-packages/distributed/worker_state_machine.py:3615>> ended with CancelledError
2026-03-13 04:21:31,864 - distributed.worker.state_machine - WARNING - Async instruction for <Task cancelled name="execute(('getitem-transpose-store-map-1200c49a91ef69c00755b77152e47849', 1448, 1))" coro=<Worker.execute() done, defined at /work/ab0246/a270092/software/miniforge3/envs/pycmor_env/lib/python3.9/site-packages/distributed/worker_state_machine.py:3615>> ended with CancelledError
2026-03-13 04:21:31,867 - distributed.worker.state_machine - WARNING - Async instruction for <Task cancelled name="execute(('groupby_nanmean-9891a0d0dded677debbdcb104a73b546', 0, 11))" coro=<Worker.execute() done, defined at /work/ab0246/a270092/software/miniforge3/envs/pycmor_env/lib/python3.9/site-packages/distributed/worker_state_machine.py:3615>> ended with CancelledError
2026-03-13 04:21:31,868 - distributed.worker.state_machine - WARNING - Async instruction for <Task cancelled name="execute(('getitem-transpose-store-map-1200c49a91ef69c00755b77152e47849', 1936, 1))" coro=<Worker.execute() done, defined at /work/ab0246/a270092/software/miniforge3/envs/pycmor_env/lib/python3.9/site-packages/distributed/worker_state_machine.py:3615>> ended with CancelledError
2026-03-13 04:21:31,868 - distributed.worker.state_machine - WARNING - Async instruction for <Task cancelled name="execute(('groupby_nanmean-9891a0d0dded677debbdcb104a73b546', 3, 11))" coro=<Worker.execute() done, defined at /work/ab0246/a270092/software/miniforge3/envs/pycmor_env/lib/python3.9/site-packages/distributed/worker_state_machine.py:3615>> ended with CancelledError
2026-03-13 04:21:31,868 - distributed.worker.state_machine - WARNING - Async instruction for <Task cancelled name="execute(('getitem-transpose-store-map-1200c49a91ef69c00755b77152e47849', 1696, 2))" coro=<Worker.execute() done, defined at /work/ab0246/a270092/software/miniforge3/envs/pycmor_env/lib/python3.9/site-packages/distributed/worker_state_machine.py:3615>> ended with CancelledError
2026-03-13 04:21:31,868 - distributed.worker.state_machine - WARNING - Async instruction for <Task cancelled name="execute(('getitem-transpose-store-map-1200c49a91ef69c00755b77152e47849', 1448, 0))" coro=<Worker.execute() done, defined at /work/ab0246/a270092/software/miniforge3/envs/pycmor_env/lib/python3.9/site-packages/distributed/worker_state_machine.py:3615>> ended with CancelledError
2026-03-13 04:21:31,868 - distributed.worker.state_machine - WARNING - Async instruction for <Task cancelled name="execute(('getitem-transpose-store-map-1200c49a91ef69c00755b77152e47849', 1936, 2))" coro=<Worker.execute() done, defined at /work/ab0246/a270092/software/miniforge3/envs/pycmor_env/lib/python3.9/site-packages/distributed/worker_state_machine.py:3615>> ended with CancelledError
2026-03-13 04:21:31,868 - distributed.worker.state_machine - WARNING - Async instruction for <Task cancelled name="execute(('getitem-transpose-store-map-1200c49a91ef69c00755b77152e47849', 1200, 2))" coro=<Worker.execute() done, defined at /work/ab0246/a270092/software/miniforge3/envs/pycmor_env/lib/python3.9/site-packages/distributed/worker_state_machine.py:3615>> ended with CancelledError
2026-03-13 04:21:31,871 - distributed.worker.state_machine - WARNING - Async instruction for <Task cancelled name="execute(('getitem-transpose-store-map-1200c49a91ef69c00755b77152e47849', 1200, 3))" coro=<Worker.execute() done, defined at /work/ab0246/a270092/software/miniforge3/envs/pycmor_env/lib/python3.9/site-packages/distributed/worker_state_machine.py:3615>> ended with CancelledError
2026-03-13 04:21:31,871 - distributed.worker.state_machine - WARNING - Async instruction for <Task cancelled name="execute(('getitem-transpose-store-map-1200c49a91ef69c00755b77152e47849', 1200, 1))" coro=<Worker.execute() done, defined at /work/ab0246/a270092/software/miniforge3/envs/pycmor_env/lib/python3.9/site-packages/distributed/worker_state_machine.py:3615>> ended with CancelledError
2026-03-13 04:21:31,871 - distributed.worker.state_machine - WARNING - Async instruction for <Task cancelled name="execute(('getitem-transpose-store-map-1200c49a91ef69c00755b77152e47849', 1200, 0))" coro=<Worker.execute() done, defined at /work/ab0246/a270092/software/miniforge3/envs/pycmor_env/lib/python3.9/site-packages/distributed/worker_state_machine.py:3615>> ended with CancelledError

libgomp: Thread creation failed: Resource temporarily unavailable
2026-03-13 04:21:35,856 - distributed.nanny - WARNING - Worker process still alive after 4.0 seconds, killing
2026-03-13 04:21:35,856 - distributed.nanny - WARNING - Worker process still alive after 4.0 seconds, killing
2026-03-13 04:21:35,866 - distributed.nanny - WARNING - Worker process still alive after 4.0 seconds, killing
2026-03-13 04:21:35,866 - distributed.nanny - WARNING - Worker process still alive after 4.0 seconds, killing
04:21:37.760 | WARNING | pint.util - Redefining 'percent' (<class 'pint.delegates.txt_defparser.plain.UnitDefinition'>)
04:21:37.763 | WARNING | pint.util - Redefining '%' (<class 'pint.delegates.txt_defparser.plain.UnitDefinition'>)
04:21:37.764 | WARNING | pint.util - Redefining 'year' (<class 'pint.delegates.txt_defparser.plain.UnitDefinition'>)
04:21:37.764 | WARNING | pint.util - Redefining 'yr' (<class 'pint.delegates.txt_defparser.plain.UnitDefinition'>)
04:21:37.764 | WARNING | pint.util - Redefining 'C' (<class 'pint.delegates.txt_defparser.plain.UnitDefinition'>)
04:21:37.765 | WARNING | pint.util - Redefining 'd' (<class 'pint.delegates.txt_defparser.plain.UnitDefinition'>)
04:21:37.765 | WARNING | pint.util - Redefining 'h' (<class 'pint.delegates.txt_defparser.plain.UnitDefinition'>)
04:21:37.766 | WARNING | pint.util - Redefining 'degrees_north' (<class 'pint.delegates.txt_defparser.plain.UnitDefinition'>)
04:21:37.766 | WARNING | pint.util - Redefining 'degrees_east' (<class 'pint.delegates.txt_defparser.plain.UnitDefinition'>)
04:21:37.766 | WARNING | pint.util - Redefining 'degrees' (<class 'pint.delegates.txt_defparser.plain.UnitDefinition'>)
04:21:37.767 | WARNING | pint.util - Redefining '[speed]' (<class 'pint.delegates.txt_defparser.plain.DerivedDimensionDefinition'>)
[03/13/26 04:21:37] WARNING  Import(s) unavailable to set up matplotlib support...skipping this portion of the setup.                                                                                                                    logging.py:10
