04:13:35.151 | WARNING | pint.util - Redefining 'percent' (<class 'pint.delegates.txt_defparser.plain.UnitDefinition'>)
04:13:35.153 | WARNING | pint.util - Redefining '%' (<class 'pint.delegates.txt_defparser.plain.UnitDefinition'>)
04:13:35.153 | WARNING | pint.util - Redefining 'year' (<class 'pint.delegates.txt_defparser.plain.UnitDefinition'>)
04:13:35.154 | WARNING | pint.util - Redefining 'yr' (<class 'pint.delegates.txt_defparser.plain.UnitDefinition'>)
04:13:35.154 | WARNING | pint.util - Redefining 'C' (<class 'pint.delegates.txt_defparser.plain.UnitDefinition'>)
04:13:35.154 | WARNING | pint.util - Redefining 'd' (<class 'pint.delegates.txt_defparser.plain.UnitDefinition'>)
04:13:35.155 | WARNING | pint.util - Redefining 'h' (<class 'pint.delegates.txt_defparser.plain.UnitDefinition'>)
04:13:35.155 | WARNING | pint.util - Redefining 'degrees_north' (<class 'pint.delegates.txt_defparser.plain.UnitDefinition'>)
04:13:35.156 | WARNING | pint.util - Redefining 'degrees_east' (<class 'pint.delegates.txt_defparser.plain.UnitDefinition'>)
04:13:35.156 | WARNING | pint.util - Redefining 'degrees' (<class 'pint.delegates.txt_defparser.plain.UnitDefinition'>)
04:13:35.157 | WARNING | pint.util - Redefining '[speed]' (<class 'pint.delegates.txt_defparser.plain.DerivedDimensionDefinition'>)
[03/13/26 04:13:35] WARNING  Import(s) unavailable to set up matplotlib support...skipping this portion of the setup.                                                                                                                    logging.py:10
Command line: "/work/ab0246/a270092/software/miniforge3/envs/pycmor_env/bin/pycmor --verbose process cmorize_sst.yaml"
pycmor version 1.0.2+22.g6ab5bb8.dirty
Run started at 2026-03-13 04:13:35
Processing cmorize_sst.yaml
################################################################################
---------------------
General Configuration
---------------------
CMIP_Tables_Dir: /work/ab0246/a270092/software/pycmor/src/pycmor/data/cmip7
CV_Dir: /work/ab0246/a270077/SciComp/Projects/pycmor/cmip6-cmor-tables/CMIP6_CVs
cmor_version: CMIP7
description: CMIP7 CMORization of SST for AWI-ESM3-VEG-LR piControl experiment
email: jan.streffing@awi.de
maintainer: Jan Streffing
mip: CMIP
name: AWI-ESM3-VEG-LR PI Control SST

--------------------
PyCMOR Configuration:
--------------------
DASK_CLUSTER: local
DASK_CLUSTER_SCALING_FIXED_JOBS: '5'
DASK_CLUSTER_SCALING_MAXIMUM_JOBS: '10'
DASK_CLUSTER_SCALING_MINIMUM_JOBS: '1'
DASK_CLUSTER_SCALING_MODE: adapt
DIMENSIONLESS_MAPPING_TABLE: /work/ab0246/a270092/software/pycmor/src/pycmor/data/dimensionless_mappings.yaml
ENABLE_DASK: 'False'
ENABLE_FLOX: 'yes'
ENABLE_OUTPUT_SUBDIRS: 'no'
FILE_TIMESPAN: 1YS
PARALLEL: 'False'
PARALLEL_BACKEND: dask
PIPELINE_WORKFLOW_ORCHESTRATOR: native
PREFECT_TASK_RUNNER: thread_pool
QUIET: 'False'
RAISE_ON_NO_RULE: 'no'
WARN_ON_NO_RULE: 'False'
XARRAY_DEFAULT_MISSING_VALUE: 1e+30
XARRAY_OPEN_MFDATASET_ENGINE: netcdf4
XARRAY_OPEN_MFDATASET_PARALLEL: 'False'
XARRAY_SKIP_UNIT_ATTR_FROM_DRV: 'yes'
XARRAY_TIME_DTYPE: float64
XARRAY_TIME_ENABLE_SET_AXIS: 'yes'
XARRAY_TIME_REMOVE_FILL_VALUE_ATTR: 'yes'
XARRAY_TIME_SET_LONG_NAME: 'yes'
XARRAY_TIME_SET_STANDARD_NAME: 'yes'
XARRAY_TIME_TAXIS_STR: T
XARRAY_TIME_UNLIMITED: 'yes'

################################################################################
Setting Dask cluster cluster=None in context!
Removing Dask cluster from context!
...post-init done!
Importing module 'pycmor.core.gather_inputs' to get callable 'load_mfdataset'
Importing module 'pycmor.std_lib' to get callable 'get_variable'
Importing module 'pycmor.std_lib' to get callable 'time_average'
Importing module 'pycmor.std_lib' to get callable 'convert_units'
Importing module 'pycmor.std_lib.setgrid' to get callable 'setgrid'
Importing module 'pycmor.std_lib' to get callable 'set_global_attributes'
Importing module 'pycmor.std_lib' to get callable 'trigger_compute'
Importing module 'pycmor.std_lib.files' to get callable 'save_dataset'
Setting Dask cluster cluster=None in context!
Removing Dask cluster from context!
Object creation done!
04:13:41.907 | WARNING | pint.util - Redefining 'percent' (<class 'pint.delegates.txt_defparser.plain.UnitDefinition'>)
04:13:41.909 | WARNING | pint.util - Redefining '%' (<class 'pint.delegates.txt_defparser.plain.UnitDefinition'>)
04:13:41.910 | WARNING | pint.util - Redefining 'year' (<class 'pint.delegates.txt_defparser.plain.UnitDefinition'>)
04:13:41.910 | WARNING | pint.util - Redefining 'yr' (<class 'pint.delegates.txt_defparser.plain.UnitDefinition'>)
04:13:41.911 | WARNING | pint.util - Redefining 'C' (<class 'pint.delegates.txt_defparser.plain.UnitDefinition'>)
04:13:41.911 | WARNING | pint.util - Redefining 'd' (<class 'pint.delegates.txt_defparser.plain.UnitDefinition'>)
04:13:41.912 | WARNING | pint.util - Redefining 'h' (<class 'pint.delegates.txt_defparser.plain.UnitDefinition'>)
04:13:41.912 | WARNING | pint.util - Redefining 'degrees_north' (<class 'pint.delegates.txt_defparser.plain.UnitDefinition'>)
04:13:41.913 | WARNING | pint.util - Redefining 'degrees_east' (<class 'pint.delegates.txt_defparser.plain.UnitDefinition'>)
04:13:41.913 | WARNING | pint.util - Redefining 'degrees' (<class 'pint.delegates.txt_defparser.plain.UnitDefinition'>)
04:13:41.914 | WARNING | pint.util - Redefining '[speed]' (<class 'pint.delegates.txt_defparser.plain.DerivedDimensionDefinition'>)
[03/13/26 04:13:41] WARNING  Import(s) unavailable to set up matplotlib support...skipping this portion of the setup.                                                                                                                    logging.py:10
04:13:41.920 | WARNING | pint.util - Redefining 'percent' (<class 'pint.delegates.txt_defparser.plain.UnitDefinition'>)
04:13:41.922 | WARNING | pint.util - Redefining '%' (<class 'pint.delegates.txt_defparser.plain.UnitDefinition'>)
04:13:41.923 | WARNING | pint.util - Redefining 'year' (<class 'pint.delegates.txt_defparser.plain.UnitDefinition'>)
04:13:41.923 | WARNING | pint.util - Redefining 'yr' (<class 'pint.delegates.txt_defparser.plain.UnitDefinition'>)
04:13:41.924 | WARNING | pint.util - Redefining 'C' (<class 'pint.delegates.txt_defparser.plain.UnitDefinition'>)
04:13:41.924 | WARNING | pint.util - Redefining 'd' (<class 'pint.delegates.txt_defparser.plain.UnitDefinition'>)
04:13:41.925 | WARNING | pint.util - Redefining 'h' (<class 'pint.delegates.txt_defparser.plain.UnitDefinition'>)
04:13:41.925 | WARNING | pint.util - Redefining 'degrees_north' (<class 'pint.delegates.txt_defparser.plain.UnitDefinition'>)
04:13:41.926 | WARNING | pint.util - Redefining 'degrees_east' (<class 'pint.delegates.txt_defparser.plain.UnitDefinition'>)
04:13:41.926 | WARNING | pint.util - Redefining 'degrees' (<class 'pint.delegates.txt_defparser.plain.UnitDefinition'>)
04:13:41.927 | WARNING | pint.util - Redefining '[speed]' (<class 'pint.delegates.txt_defparser.plain.DerivedDimensionDefinition'>)
[03/13/26 04:13:41] WARNING  Import(s) unavailable to set up matplotlib support...skipping this portion of the setup.                                                                                                                    logging.py:10
04:13:42.091 | WARNING | pint.util - Redefining 'percent' (<class 'pint.delegates.txt_defparser.plain.UnitDefinition'>)
04:13:42.093 | WARNING | pint.util - Redefining '%' (<class 'pint.delegates.txt_defparser.plain.UnitDefinition'>)
04:13:42.093 | WARNING | pint.util - Redefining 'year' (<class 'pint.delegates.txt_defparser.plain.UnitDefinition'>)
04:13:42.094 | WARNING | pint.util - Redefining 'yr' (<class 'pint.delegates.txt_defparser.plain.UnitDefinition'>)
04:13:42.094 | WARNING | pint.util - Redefining 'C' (<class 'pint.delegates.txt_defparser.plain.UnitDefinition'>)
04:13:42.094 | WARNING | pint.util - Redefining 'd' (<class 'pint.delegates.txt_defparser.plain.UnitDefinition'>)
04:13:42.095 | WARNING | pint.util - Redefining 'h' (<class 'pint.delegates.txt_defparser.plain.UnitDefinition'>)
04:13:42.095 | WARNING | pint.util - Redefining 'degrees_north' (<class 'pint.delegates.txt_defparser.plain.UnitDefinition'>)
04:13:42.096 | WARNING | pint.util - Redefining 'degrees_east' (<class 'pint.delegates.txt_defparser.plain.UnitDefinition'>)
04:13:42.096 | WARNING | pint.util - Redefining 'degrees' (<class 'pint.delegates.txt_defparser.plain.UnitDefinition'>)
04:13:42.096 | WARNING | pint.util - Redefining '[speed]' (<class 'pint.delegates.txt_defparser.plain.DerivedDimensionDefinition'>)
04:13:42.097 | WARNING | pint.util - Redefining 'percent' (<class 'pint.delegates.txt_defparser.plain.UnitDefinition'>)
04:13:42.099 | WARNING | pint.util - Redefining '%' (<class 'pint.delegates.txt_defparser.plain.UnitDefinition'>)
04:13:42.100 | WARNING | pint.util - Redefining 'year' (<class 'pint.delegates.txt_defparser.plain.UnitDefinition'>)
04:13:42.100 | WARNING | pint.util - Redefining 'yr' (<class 'pint.delegates.txt_defparser.plain.UnitDefinition'>)
04:13:42.101 | WARNING | pint.util - Redefining 'C' (<class 'pint.delegates.txt_defparser.plain.UnitDefinition'>)
04:13:42.101 | WARNING | pint.util - Redefining 'd' (<class 'pint.delegates.txt_defparser.plain.UnitDefinition'>)
04:13:42.101 | WARNING | pint.util - Redefining 'h' (<class 'pint.delegates.txt_defparser.plain.UnitDefinition'>)
[03/13/26 04:13:42] WARNING  Import(s) unavailable to set up matplotlib support...skipping this portion of the setup.                                                                                                                    logging.py:10
04:13:42.102 | WARNING | pint.util - Redefining 'degrees_north' (<class 'pint.delegates.txt_defparser.plain.UnitDefinition'>)
04:13:42.102 | WARNING | pint.util - Redefining 'degrees_east' (<class 'pint.delegates.txt_defparser.plain.UnitDefinition'>)
04:13:42.103 | WARNING | pint.util - Redefining 'degrees' (<class 'pint.delegates.txt_defparser.plain.UnitDefinition'>)
04:13:42.103 | WARNING | pint.util - Redefining '[speed]' (<class 'pint.delegates.txt_defparser.plain.DerivedDimensionDefinition'>)
[03/13/26 04:13:42] WARNING  Import(s) unavailable to set up matplotlib support...skipping this portion of the setup.                                                                                                                    logging.py:10
04:13:42.216 | WARNING | pint.util - Redefining 'percent' (<class 'pint.delegates.txt_defparser.plain.UnitDefinition'>)
04:13:42.218 | WARNING | pint.util - Redefining '%' (<class 'pint.delegates.txt_defparser.plain.UnitDefinition'>)
04:13:42.218 | WARNING | pint.util - Redefining 'year' (<class 'pint.delegates.txt_defparser.plain.UnitDefinition'>)
04:13:42.219 | WARNING | pint.util - Redefining 'yr' (<class 'pint.delegates.txt_defparser.plain.UnitDefinition'>)
04:13:42.219 | WARNING | pint.util - Redefining 'C' (<class 'pint.delegates.txt_defparser.plain.UnitDefinition'>)
04:13:42.219 | WARNING | pint.util - Redefining 'd' (<class 'pint.delegates.txt_defparser.plain.UnitDefinition'>)
04:13:42.220 | WARNING | pint.util - Redefining 'h' (<class 'pint.delegates.txt_defparser.plain.UnitDefinition'>)
04:13:42.220 | WARNING | pint.util - Redefining 'degrees_north' (<class 'pint.delegates.txt_defparser.plain.UnitDefinition'>)
04:13:42.221 | WARNING | pint.util - Redefining 'degrees_east' (<class 'pint.delegates.txt_defparser.plain.UnitDefinition'>)
04:13:42.221 | WARNING | pint.util - Redefining 'degrees' (<class 'pint.delegates.txt_defparser.plain.UnitDefinition'>)
04:13:42.221 | WARNING | pint.util - Redefining '[speed]' (<class 'pint.delegates.txt_defparser.plain.DerivedDimensionDefinition'>)
04:13:42.222 | WARNING | pint.util - Redefining 'percent' (<class 'pint.delegates.txt_defparser.plain.UnitDefinition'>)
04:13:42.224 | WARNING | pint.util - Redefining '%' (<class 'pint.delegates.txt_defparser.plain.UnitDefinition'>)
04:13:42.225 | WARNING | pint.util - Redefining 'year' (<class 'pint.delegates.txt_defparser.plain.UnitDefinition'>)
04:13:42.225 | WARNING | pint.util - Redefining 'yr' (<class 'pint.delegates.txt_defparser.plain.UnitDefinition'>)
04:13:42.225 | WARNING | pint.util - Redefining 'C' (<class 'pint.delegates.txt_defparser.plain.UnitDefinition'>)
04:13:42.226 | WARNING | pint.util - Redefining 'd' (<class 'pint.delegates.txt_defparser.plain.UnitDefinition'>)
04:13:42.226 | WARNING | pint.util - Redefining 'h' (<class 'pint.delegates.txt_defparser.plain.UnitDefinition'>)
04:13:42.225 | WARNING | pint.util - Redefining 'percent' (<class 'pint.delegates.txt_defparser.plain.UnitDefinition'>)
[03/13/26 04:13:42] WARNING  Import(s) unavailable to set up matplotlib support...skipping this portion of the setup.                                                                                                                    logging.py:10
04:13:42.226 | WARNING | pint.util - Redefining '%' (<class 'pint.delegates.txt_defparser.plain.UnitDefinition'>)
04:13:42.225 | WARNING | pint.util - Redefining 'percent' (<class 'pint.delegates.txt_defparser.plain.UnitDefinition'>)
04:13:42.227 | WARNING | pint.util - Redefining 'degrees_north' (<class 'pint.delegates.txt_defparser.plain.UnitDefinition'>)
04:13:42.227 | WARNING | pint.util - Redefining '%' (<class 'pint.delegates.txt_defparser.plain.UnitDefinition'>)
04:13:42.227 | WARNING | pint.util - Redefining 'degrees_east' (<class 'pint.delegates.txt_defparser.plain.UnitDefinition'>)
04:13:42.227 | WARNING | pint.util - Redefining 'year' (<class 'pint.delegates.txt_defparser.plain.UnitDefinition'>)
04:13:42.227 | WARNING | pint.util - Redefining 'yr' (<class 'pint.delegates.txt_defparser.plain.UnitDefinition'>)
04:13:42.227 | WARNING | pint.util - Redefining 'degrees' (<class 'pint.delegates.txt_defparser.plain.UnitDefinition'>)
04:13:42.227 | WARNING | pint.util - Redefining 'year' (<class 'pint.delegates.txt_defparser.plain.UnitDefinition'>)
04:13:42.228 | WARNING | pint.util - Redefining 'yr' (<class 'pint.delegates.txt_defparser.plain.UnitDefinition'>)
04:13:42.228 | WARNING | pint.util - Redefining 'C' (<class 'pint.delegates.txt_defparser.plain.UnitDefinition'>)
04:13:42.228 | WARNING | pint.util - Redefining '[speed]' (<class 'pint.delegates.txt_defparser.plain.DerivedDimensionDefinition'>)
04:13:42.228 | WARNING | pint.util - Redefining 'C' (<class 'pint.delegates.txt_defparser.plain.UnitDefinition'>)
04:13:42.228 | WARNING | pint.util - Redefining 'd' (<class 'pint.delegates.txt_defparser.plain.UnitDefinition'>)
04:13:42.228 | WARNING | pint.util - Redefining 'd' (<class 'pint.delegates.txt_defparser.plain.UnitDefinition'>)
04:13:42.229 | WARNING | pint.util - Redefining 'h' (<class 'pint.delegates.txt_defparser.plain.UnitDefinition'>)
04:13:42.229 | WARNING | pint.util - Redefining 'h' (<class 'pint.delegates.txt_defparser.plain.UnitDefinition'>)
04:13:42.229 | WARNING | pint.util - Redefining 'degrees_north' (<class 'pint.delegates.txt_defparser.plain.UnitDefinition'>)
04:13:42.229 | WARNING | pint.util - Redefining 'degrees_north' (<class 'pint.delegates.txt_defparser.plain.UnitDefinition'>)
04:13:42.229 | WARNING | pint.util - Redefining 'degrees_east' (<class 'pint.delegates.txt_defparser.plain.UnitDefinition'>)
04:13:42.230 | WARNING | pint.util - Redefining 'degrees_east' (<class 'pint.delegates.txt_defparser.plain.UnitDefinition'>)
04:13:42.230 | WARNING | pint.util - Redefining 'degrees' (<class 'pint.delegates.txt_defparser.plain.UnitDefinition'>)
04:13:42.230 | WARNING | pint.util - Redefining 'degrees' (<class 'pint.delegates.txt_defparser.plain.UnitDefinition'>)
04:13:42.230 | WARNING | pint.util - Redefining '[speed]' (<class 'pint.delegates.txt_defparser.plain.DerivedDimensionDefinition'>)
04:13:42.230 | WARNING | pint.util - Redefining '[speed]' (<class 'pint.delegates.txt_defparser.plain.DerivedDimensionDefinition'>)
[03/13/26 04:13:42] WARNING  Import(s) unavailable to set up matplotlib support...skipping this portion of the setup.                                                                                                                    logging.py:10
[03/13/26 04:13:42] WARNING  Import(s) unavailable to set up matplotlib support...skipping this portion of the setup.                                                                                                                    logging.py:10
[03/13/26 04:13:42] WARNING  Import(s) unavailable to set up matplotlib support...skipping this portion of the setup.                                                                                                                    logging.py:10
04:13:42.304 | WARNING | pint.util - Redefining 'percent' (<class 'pint.delegates.txt_defparser.plain.UnitDefinition'>)
04:13:42.306 | WARNING | pint.util - Redefining '%' (<class 'pint.delegates.txt_defparser.plain.UnitDefinition'>)
04:13:42.307 | WARNING | pint.util - Redefining 'year' (<class 'pint.delegates.txt_defparser.plain.UnitDefinition'>)
04:13:42.307 | WARNING | pint.util - Redefining 'yr' (<class 'pint.delegates.txt_defparser.plain.UnitDefinition'>)
04:13:42.307 | WARNING | pint.util - Redefining 'C' (<class 'pint.delegates.txt_defparser.plain.UnitDefinition'>)
04:13:42.308 | WARNING | pint.util - Redefining 'd' (<class 'pint.delegates.txt_defparser.plain.UnitDefinition'>)
04:13:42.308 | WARNING | pint.util - Redefining 'h' (<class 'pint.delegates.txt_defparser.plain.UnitDefinition'>)
04:13:42.308 | WARNING | pint.util - Redefining 'degrees_north' (<class 'pint.delegates.txt_defparser.plain.UnitDefinition'>)
04:13:42.309 | WARNING | pint.util - Redefining 'degrees_east' (<class 'pint.delegates.txt_defparser.plain.UnitDefinition'>)
04:13:42.309 | WARNING | pint.util - Redefining 'degrees' (<class 'pint.delegates.txt_defparser.plain.UnitDefinition'>)
04:13:42.308 | WARNING | pint.util - Redefining 'percent' (<class 'pint.delegates.txt_defparser.plain.UnitDefinition'>)
04:13:42.310 | WARNING | pint.util - Redefining '%' (<class 'pint.delegates.txt_defparser.plain.UnitDefinition'>)
04:13:42.310 | WARNING | pint.util - Redefining '[speed]' (<class 'pint.delegates.txt_defparser.plain.DerivedDimensionDefinition'>)
04:13:42.310 | WARNING | pint.util - Redefining 'year' (<class 'pint.delegates.txt_defparser.plain.UnitDefinition'>)
04:13:42.311 | WARNING | pint.util - Redefining 'yr' (<class 'pint.delegates.txt_defparser.plain.UnitDefinition'>)
04:13:42.311 | WARNING | pint.util - Redefining 'C' (<class 'pint.delegates.txt_defparser.plain.UnitDefinition'>)
04:13:42.311 | WARNING | pint.util - Redefining 'd' (<class 'pint.delegates.txt_defparser.plain.UnitDefinition'>)
04:13:42.312 | WARNING | pint.util - Redefining 'h' (<class 'pint.delegates.txt_defparser.plain.UnitDefinition'>)
04:13:42.312 | WARNING | pint.util - Redefining 'degrees_north' (<class 'pint.delegates.txt_defparser.plain.UnitDefinition'>)
04:13:42.313 | WARNING | pint.util - Redefining 'degrees_east' (<class 'pint.delegates.txt_defparser.plain.UnitDefinition'>)
04:13:42.313 | WARNING | pint.util - Redefining 'degrees' (<class 'pint.delegates.txt_defparser.plain.UnitDefinition'>)
04:13:42.313 | WARNING | pint.util - Redefining '[speed]' (<class 'pint.delegates.txt_defparser.plain.DerivedDimensionDefinition'>)
[03/13/26 04:13:42] WARNING  Import(s) unavailable to set up matplotlib support...skipping this portion of the setup.                                                                                                                    logging.py:10
[03/13/26 04:13:42] WARNING  Import(s) unavailable to set up matplotlib support...skipping this portion of the setup.                                                                                                                    logging.py:10
04:13:42.325 | WARNING | pint.util - Redefining 'percent' (<class 'pint.delegates.txt_defparser.plain.UnitDefinition'>)
04:13:42.327 | WARNING | pint.util - Redefining '%' (<class 'pint.delegates.txt_defparser.plain.UnitDefinition'>)
04:13:42.327 | WARNING | pint.util - Redefining 'year' (<class 'pint.delegates.txt_defparser.plain.UnitDefinition'>)
04:13:42.328 | WARNING | pint.util - Redefining 'yr' (<class 'pint.delegates.txt_defparser.plain.UnitDefinition'>)
04:13:42.328 | WARNING | pint.util - Redefining 'C' (<class 'pint.delegates.txt_defparser.plain.UnitDefinition'>)
04:13:42.328 | WARNING | pint.util - Redefining 'd' (<class 'pint.delegates.txt_defparser.plain.UnitDefinition'>)
04:13:42.329 | WARNING | pint.util - Redefining 'h' (<class 'pint.delegates.txt_defparser.plain.UnitDefinition'>)
04:13:42.329 | WARNING | pint.util - Redefining 'degrees_north' (<class 'pint.delegates.txt_defparser.plain.UnitDefinition'>)
04:13:42.330 | WARNING | pint.util - Redefining 'degrees_east' (<class 'pint.delegates.txt_defparser.plain.UnitDefinition'>)
04:13:42.330 | WARNING | pint.util - Redefining 'degrees' (<class 'pint.delegates.txt_defparser.plain.UnitDefinition'>)
04:13:42.330 | WARNING | pint.util - Redefining '[speed]' (<class 'pint.delegates.txt_defparser.plain.DerivedDimensionDefinition'>)
[03/13/26 04:13:42] WARNING  Import(s) unavailable to set up matplotlib support...skipping this portion of the setup.                                                                                                                    logging.py:10
04:13:42.347 | WARNING | pint.util - Redefining 'percent' (<class 'pint.delegates.txt_defparser.plain.UnitDefinition'>)
04:13:42.349 | WARNING | pint.util - Redefining '%' (<class 'pint.delegates.txt_defparser.plain.UnitDefinition'>)
04:13:42.350 | WARNING | pint.util - Redefining 'year' (<class 'pint.delegates.txt_defparser.plain.UnitDefinition'>)
04:13:42.350 | WARNING | pint.util - Redefining 'yr' (<class 'pint.delegates.txt_defparser.plain.UnitDefinition'>)
04:13:42.350 | WARNING | pint.util - Redefining 'C' (<class 'pint.delegates.txt_defparser.plain.UnitDefinition'>)
04:13:42.351 | WARNING | pint.util - Redefining 'd' (<class 'pint.delegates.txt_defparser.plain.UnitDefinition'>)
04:13:42.351 | WARNING | pint.util - Redefining 'h' (<class 'pint.delegates.txt_defparser.plain.UnitDefinition'>)
04:13:42.351 | WARNING | pint.util - Redefining 'degrees_north' (<class 'pint.delegates.txt_defparser.plain.UnitDefinition'>)
04:13:42.352 | WARNING | pint.util - Redefining 'degrees_east' (<class 'pint.delegates.txt_defparser.plain.UnitDefinition'>)
04:13:42.352 | WARNING | pint.util - Redefining 'degrees' (<class 'pint.delegates.txt_defparser.plain.UnitDefinition'>)
04:13:42.353 | WARNING | pint.util - Redefining '[speed]' (<class 'pint.delegates.txt_defparser.plain.DerivedDimensionDefinition'>)
[03/13/26 04:13:42] WARNING  Import(s) unavailable to set up matplotlib support...skipping this portion of the setup.                                                                                                                    logging.py:10
04:13:42.397 | WARNING | pint.util - Redefining 'percent' (<class 'pint.delegates.txt_defparser.plain.UnitDefinition'>)
04:13:42.399 | WARNING | pint.util - Redefining '%' (<class 'pint.delegates.txt_defparser.plain.UnitDefinition'>)
04:13:42.400 | WARNING | pint.util - Redefining 'year' (<class 'pint.delegates.txt_defparser.plain.UnitDefinition'>)
04:13:42.400 | WARNING | pint.util - Redefining 'yr' (<class 'pint.delegates.txt_defparser.plain.UnitDefinition'>)
04:13:42.400 | WARNING | pint.util - Redefining 'C' (<class 'pint.delegates.txt_defparser.plain.UnitDefinition'>)
04:13:42.401 | WARNING | pint.util - Redefining 'd' (<class 'pint.delegates.txt_defparser.plain.UnitDefinition'>)
04:13:42.401 | WARNING | pint.util - Redefining 'h' (<class 'pint.delegates.txt_defparser.plain.UnitDefinition'>)
04:13:42.402 | WARNING | pint.util - Redefining 'degrees_north' (<class 'pint.delegates.txt_defparser.plain.UnitDefinition'>)
04:13:42.402 | WARNING | pint.util - Redefining 'degrees_east' (<class 'pint.delegates.txt_defparser.plain.UnitDefinition'>)
04:13:42.402 | WARNING | pint.util - Redefining 'degrees' (<class 'pint.delegates.txt_defparser.plain.UnitDefinition'>)
04:13:42.403 | WARNING | pint.util - Redefining '[speed]' (<class 'pint.delegates.txt_defparser.plain.DerivedDimensionDefinition'>)
[03/13/26 04:13:42] WARNING  Import(s) unavailable to set up matplotlib support...skipping this portion of the setup.                                                                                                                    logging.py:10
04:13:42.409 | WARNING | pint.util - Redefining 'percent' (<class 'pint.delegates.txt_defparser.plain.UnitDefinition'>)
04:13:42.411 | WARNING | pint.util - Redefining '%' (<class 'pint.delegates.txt_defparser.plain.UnitDefinition'>)
04:13:42.410 | WARNING | pint.util - Redefining 'percent' (<class 'pint.delegates.txt_defparser.plain.UnitDefinition'>)
04:13:42.412 | WARNING | pint.util - Redefining '%' (<class 'pint.delegates.txt_defparser.plain.UnitDefinition'>)
04:13:42.412 | WARNING | pint.util - Redefining 'year' (<class 'pint.delegates.txt_defparser.plain.UnitDefinition'>)
04:13:42.412 | WARNING | pint.util - Redefining 'yr' (<class 'pint.delegates.txt_defparser.plain.UnitDefinition'>)
04:13:42.412 | WARNING | pint.util - Redefining 'year' (<class 'pint.delegates.txt_defparser.plain.UnitDefinition'>)
04:13:42.412 | WARNING | pint.util - Redefining 'C' (<class 'pint.delegates.txt_defparser.plain.UnitDefinition'>)
04:13:42.413 | WARNING | pint.util - Redefining 'yr' (<class 'pint.delegates.txt_defparser.plain.UnitDefinition'>)
04:13:42.413 | WARNING | pint.util - Redefining 'C' (<class 'pint.delegates.txt_defparser.plain.UnitDefinition'>)
04:13:42.413 | WARNING | pint.util - Redefining 'd' (<class 'pint.delegates.txt_defparser.plain.UnitDefinition'>)
04:13:42.413 | WARNING | pint.util - Redefining 'h' (<class 'pint.delegates.txt_defparser.plain.UnitDefinition'>)
04:13:42.413 | WARNING | pint.util - Redefining 'd' (<class 'pint.delegates.txt_defparser.plain.UnitDefinition'>)
04:13:42.414 | WARNING | pint.util - Redefining 'degrees_north' (<class 'pint.delegates.txt_defparser.plain.UnitDefinition'>)
04:13:42.414 | WARNING | pint.util - Redefining 'h' (<class 'pint.delegates.txt_defparser.plain.UnitDefinition'>)
04:13:42.414 | WARNING | pint.util - Redefining 'degrees_east' (<class 'pint.delegates.txt_defparser.plain.UnitDefinition'>)
04:13:42.414 | WARNING | pint.util - Redefining 'degrees_north' (<class 'pint.delegates.txt_defparser.plain.UnitDefinition'>)
04:13:42.414 | WARNING | pint.util - Redefining 'degrees' (<class 'pint.delegates.txt_defparser.plain.UnitDefinition'>)
04:13:42.415 | WARNING | pint.util - Redefining 'degrees_east' (<class 'pint.delegates.txt_defparser.plain.UnitDefinition'>)
04:13:42.415 | WARNING | pint.util - Redefining 'degrees' (<class 'pint.delegates.txt_defparser.plain.UnitDefinition'>)
04:13:42.415 | WARNING | pint.util - Redefining '[speed]' (<class 'pint.delegates.txt_defparser.plain.DerivedDimensionDefinition'>)
04:13:42.415 | WARNING | pint.util - Redefining '[speed]' (<class 'pint.delegates.txt_defparser.plain.DerivedDimensionDefinition'>)
04:13:42.415 | WARNING | pint.util - Redefining 'percent' (<class 'pint.delegates.txt_defparser.plain.UnitDefinition'>)
04:13:42.417 | WARNING | pint.util - Redefining '%' (<class 'pint.delegates.txt_defparser.plain.UnitDefinition'>)
04:13:42.418 | WARNING | pint.util - Redefining 'year' (<class 'pint.delegates.txt_defparser.plain.UnitDefinition'>)
04:13:42.418 | WARNING | pint.util - Redefining 'yr' (<class 'pint.delegates.txt_defparser.plain.UnitDefinition'>)
04:13:42.419 | WARNING | pint.util - Redefining 'C' (<class 'pint.delegates.txt_defparser.plain.UnitDefinition'>)
04:13:42.419 | WARNING | pint.util - Redefining 'd' (<class 'pint.delegates.txt_defparser.plain.UnitDefinition'>)
04:13:42.420 | WARNING | pint.util - Redefining 'h' (<class 'pint.delegates.txt_defparser.plain.UnitDefinition'>)
[03/13/26 04:13:42] WARNING  Import(s) unavailable to set up matplotlib support...skipping this portion of the setup.                                                                                                                    logging.py:10
04:13:42.420 | WARNING | pint.util - Redefining 'degrees_north' (<class 'pint.delegates.txt_defparser.plain.UnitDefinition'>)
[03/13/26 04:13:42] WARNING  Import(s) unavailable to set up matplotlib support...skipping this portion of the setup.                                                                                                                    logging.py:10
04:13:42.420 | WARNING | pint.util - Redefining 'degrees_east' (<class 'pint.delegates.txt_defparser.plain.UnitDefinition'>)
04:13:42.421 | WARNING | pint.util - Redefining 'degrees' (<class 'pint.delegates.txt_defparser.plain.UnitDefinition'>)
04:13:42.421 | WARNING | pint.util - Redefining '[speed]' (<class 'pint.delegates.txt_defparser.plain.DerivedDimensionDefinition'>)
[03/13/26 04:13:42] WARNING  Import(s) unavailable to set up matplotlib support...skipping this portion of the setup.                                                                                                                    logging.py:10
Process start!
The following pipelines are known:
default: Pipeline: default
-----------------
steps
-----
[1/8] load_mfdataset
[2/8] get_variable
[3/8] time_average
[4/8] convert_units
[5/8] setgrid
[6/8] set_global_attributes
[7/8] trigger_compute
[8/8] save_dataset
Working on: default
Starting to process rule Rule for tos with input patterns [re.compile("/work/bb1469/a270092/runtime/awiesm3-v3.4.1/human_tuning/outdata/fesom/re.compile('sst\\\\.fesom\\\\.1350\\\\.nc')")] and pipelines [<pycmor.core.pipeline.Pipeline object at 0x7f1db708a400>]
Running Pipeline: default
-----------------
steps
-----
[1/8] load_mfdataset
[2/8] get_variable
[3/8] time_average
[4/8] convert_units
[5/8] setgrid
[6/8] set_global_attributes
[7/8] trigger_compute
[8/8] save_dataset
Loading 1 files using netcdf4 backend on xarray...
  * /work/bb1469/a270092/runtime/awiesm3-v3.4.1/human_tuning/outdata/fesom/sst.fesom.1350.nc
approx_interval=30.0 frequency_str='1MS'
[SetGrid] Starting grid merge operation
  → Grid File          : /work/ab0246/a270092/input/fesom2/core2/fesom.mesh.diag.nc
[Bounds] Checking for coordinate bounds in grid
  → Calculating 1D bounds for 'lat'
  → Added bounds variable 'lat_bnds'
  → Calculating 1D bounds for 'lon'
  → Added bounds variable 'lon_bnds'
  → Required Dimensions: ['nz', 'nz1']
  → Dimension 'nz1' : ❌ Not found, checking for size matches...
  → Dimension 'nz' : ❌ Not found, checking for size matches...
  → Merge Status       : ❌ Not possible
WARNING:   → Warning            : ❌ No compatible dimensions found!
WARNING:     Check grid and data dimension compatibility.
--------------------------------------------------

libgomp: Thread creation failed: Resource temporarily unavailable

libgomp: Thread creation failed: Resource temporarily unavailable

libgomp: Thread creation failed: Resource temporarily unavailable
2026-03-13 04:14:00,645 - distributed.scheduler - WARNING - Removing worker 'tcp://127.0.0.1:37787' caused the cluster to lose already computed task(s), which will be recomputed elsewhere: {('array-afefd4d773daaa53628d9e9a477a9f97', 5)} (stimulus_id='handle-worker-cleanup-1773371640.645732')
2026-03-13 04:14:00,656 - distributed.nanny - WARNING - Restarting worker
2026-03-13 04:14:00,680 - distributed.scheduler - WARNING - Removing worker 'tcp://127.0.0.1:40651' caused the cluster to lose already computed task(s), which will be recomputed elsewhere: {('array-afefd4d773daaa53628d9e9a477a9f97', 1)} (stimulus_id='handle-worker-cleanup-1773371640.6800995')
2026-03-13 04:14:00,689 - distributed.nanny - WARNING - Restarting worker

libgomp: Thread creation failed: Resource temporarily unavailable
2026-03-13 04:14:00,713 - distributed.scheduler - WARNING - Removing worker 'tcp://127.0.0.1:39147' caused the cluster to lose already computed task(s), which will be recomputed elsewhere: {('array-afefd4d773daaa53628d9e9a477a9f97', 2)} (stimulus_id='handle-worker-cleanup-1773371640.712988')
2026-03-13 04:14:00,720 - distributed.nanny - WARNING - Restarting worker

libgomp: Thread creation failed: Resource temporarily unavailable
2026-03-13 04:14:00,761 - distributed.scheduler - WARNING - Removing worker 'tcp://127.0.0.1:40433' caused the cluster to lose already computed task(s), which will be recomputed elsewhere: {('array-afefd4d773daaa53628d9e9a477a9f97', 11)} (stimulus_id='handle-worker-cleanup-1773371640.7610092')
2026-03-13 04:14:00,769 - distributed.nanny - WARNING - Restarting worker
2026-03-13 04:14:00,797 - distributed.nanny - WARNING - Restarting worker

libgomp: Thread creation failed: Resource temporarily unavailable

libgomp: Thread creation failed: Resource temporarily unavailable
2026-03-13 04:14:00,887 - distributed.scheduler - WARNING - Removing worker 'tcp://127.0.0.1:38623' caused the cluster to lose already computed task(s), which will be recomputed elsewhere: {('array-afefd4d773daaa53628d9e9a477a9f97', 3)} (stimulus_id='handle-worker-cleanup-1773371640.8867714')
2026-03-13 04:14:00,897 - distributed.nanny - WARNING - Restarting worker
2026-03-13 04:14:00,914 - distributed.nanny - WARNING - Restarting worker

libgomp: 
libgomp: Thread creation failed: Resource temporarily unavailable
Thread creation failed: Resource temporarily unavailable

libgomp: Thread creation failed: Resource temporarily unavailable

libgomp: 
libgomp: Thread creation failed: Resource temporarily unavailableThread creation failed: Resource temporarily unavailable

2026-03-13 04:14:00,927 - distributed.worker - ERROR - Exception during execution of task ('array-afefd4d773daaa53628d9e9a477a9f97', 3)
Traceback (most recent call last):
  File "/work/ab0246/a270092/software/miniforge3/envs/pycmor_env/lib/python3.9/site-packages/distributed/worker.py", line 2274, in execute
    result = await run_in_executor_with_context(
  File "/work/ab0246/a270092/software/miniforge3/envs/pycmor_env/lib/python3.9/site-packages/distributed/utils.py", line 1549, in run_in_executor_with_context
    return await loop.run_in_executor(
  File "/work/ab0246/a270092/software/miniforge3/envs/pycmor_env/lib/python3.9/asyncio/base_events.py", line 819, in run_in_executor
    executor.submit(func, *args), loop=self)
  File "/work/ab0246/a270092/software/miniforge3/envs/pycmor_env/lib/python3.9/site-packages/distributed/_concurrent_futures_thread.py", line 132, in submit
    self._adjust_thread_count()
  File "/work/ab0246/a270092/software/miniforge3/envs/pycmor_env/lib/python3.9/site-packages/distributed/threadpoolexecutor.py", line 92, in _adjust_thread_count
    t.start()
  File "/work/ab0246/a270092/software/miniforge3/envs/pycmor_env/lib/python3.9/threading.py", line 899, in start
    _start_new_thread(self._bootstrap, ())
RuntimeError: can't start new thread
HDF5-DIAG: Error detected in HDF5 (1.14.2) thread 0:
  #000: H5D.c line 611 in H5Dget_space(): unable to synchronously get dataspace
    major: Dataset
    minor: Can't get value
  #001: H5D.c line 571 in H5D__get_space_api_common(): invalid dataset identifier
    major: Invalid arguments to routine
    minor: Inappropriate type
2026-03-13 04:14:00,932 - distributed.nanny - ERROR - Failed to start process
Traceback (most recent call last):
  File "/work/ab0246/a270092/software/miniforge3/envs/pycmor_env/lib/python3.9/site-packages/distributed/nanny.py", line 452, in instantiate
    result = await self.process.start()
  File "/work/ab0246/a270092/software/miniforge3/envs/pycmor_env/lib/python3.9/site-packages/distributed/nanny.py", line 748, in start
    await self.process.start()
  File "/work/ab0246/a270092/software/miniforge3/envs/pycmor_env/lib/python3.9/site-packages/distributed/process.py", line 55, in _call_and_set_future
    res = func(*args, **kwargs)
  File "/work/ab0246/a270092/software/miniforge3/envs/pycmor_env/lib/python3.9/site-packages/distributed/process.py", line 223, in _start
    thread.start()
  File "/work/ab0246/a270092/software/miniforge3/envs/pycmor_env/lib/python3.9/threading.py", line 899, in start
    _start_new_thread(self._bootstrap, ())
RuntimeError: can't start new thread
2026-03-13 04:14:00,998 - distributed.scheduler - WARNING - Removing worker 'tcp://127.0.0.1:40477' caused the cluster to lose already computed task(s), which will be recomputed elsewhere: {('array-afefd4d773daaa53628d9e9a477a9f97', 10)} (stimulus_id='handle-worker-cleanup-1773371640.9987376')
2026-03-13 04:14:01,042 - distributed.scheduler - WARNING - Removing worker 'tcp://127.0.0.1:34785' caused the cluster to lose already computed task(s), which will be recomputed elsewhere: {('array-afefd4d773daaa53628d9e9a477a9f97', 8)} (stimulus_id='handle-worker-cleanup-1773371641.042642')
2026-03-13 04:14:01,043 - distributed.scheduler - WARNING - Removing worker 'tcp://127.0.0.1:42773' caused the cluster to lose already computed task(s), which will be recomputed elsewhere: {('array-afefd4d773daaa53628d9e9a477a9f97', 0)} (stimulus_id='handle-worker-cleanup-1773371641.043201')
2026-03-13 04:14:01,050 - distributed.nanny - WARNING - Restarting worker
2026-03-13 04:14:01,052 - distributed.worker - ERROR - Worker stream died during communication: tcp://127.0.0.1:37123
Traceback (most recent call last):
  File "/work/ab0246/a270092/software/miniforge3/envs/pycmor_env/lib/python3.9/site-packages/tornado/iostream.py", line 861, in _read_to_buffer
    bytes_read = self.read_from_fd(buf)
  File "/work/ab0246/a270092/software/miniforge3/envs/pycmor_env/lib/python3.9/site-packages/tornado/iostream.py", line 1113, in read_from_fd
    return self.socket.recv_into(buf, len(buf))
ConnectionResetError: [Errno 104] Connection reset by peer

The above exception was the direct cause of the following exception:

Traceback (most recent call last):
  File "/work/ab0246/a270092/software/miniforge3/envs/pycmor_env/lib/python3.9/site-packages/distributed/worker.py", line 2056, in gather_dep
    response = await get_data_from_worker(
  File "/work/ab0246/a270092/software/miniforge3/envs/pycmor_env/lib/python3.9/site-packages/distributed/worker.py", line 2863, in get_data_from_worker
    comm = await rpc.connect(worker)
  File "/work/ab0246/a270092/software/miniforge3/envs/pycmor_env/lib/python3.9/site-packages/distributed/core.py", line 1533, in connect
    return connect_attempt.result()
  File "/work/ab0246/a270092/software/miniforge3/envs/pycmor_env/lib/python3.9/site-packages/distributed/core.py", line 1423, in _connect
    comm = await connect(
  File "/work/ab0246/a270092/software/miniforge3/envs/pycmor_env/lib/python3.9/site-packages/distributed/comm/core.py", line 377, in connect
    handshake = await comm.read()
  File "/work/ab0246/a270092/software/miniforge3/envs/pycmor_env/lib/python3.9/site-packages/distributed/comm/tcp.py", line 236, in read
    convert_stream_closed_error(self, e)
  File "/work/ab0246/a270092/software/miniforge3/envs/pycmor_env/lib/python3.9/site-packages/distributed/comm/tcp.py", line 140, in convert_stream_closed_error
    raise CommClosedError(f"in {obj}: {exc.__class__.__name__}: {exc}") from exc
distributed.comm.core.CommClosedError: in <TCP (closed)  local=tcp://127.0.0.1:46176 remote=tcp://127.0.0.1:37123>: ConnectionResetError: [Errno 104] Connection reset by peer
2026-03-13 04:14:01,070 - distributed.scheduler - WARNING - Removing worker 'tcp://127.0.0.1:37123' caused the cluster to lose already computed task(s), which will be recomputed elsewhere: {('array-afefd4d773daaa53628d9e9a477a9f97', 6)} (stimulus_id='handle-worker-cleanup-1773371641.0702772')
2026-03-13 04:14:01,074 - distributed.scheduler - ERROR - Task ('transpose-8c075ee1721c030e661981297984e8fd', 9, 3) marked as failed because 4 workers died while trying to run it
2026-03-13 04:14:01,074 - distributed.scheduler - WARNING - Removing worker 'tcp://127.0.0.1:35935' caused the cluster to lose already computed task(s), which will be recomputed elsewhere: {('array-afefd4d773daaa53628d9e9a477a9f97', 7)} (stimulus_id='handle-worker-cleanup-1773371641.0742364')
2026-03-13 04:14:01,080 - distributed.nanny - WARNING - Restarting worker
2026-03-13 04:14:01,082 - distributed.nanny - WARNING - Restarting worker
Processing rules                                            0% -:--:--
2026-03-13 04:14:01,159 - distributed.nanny - WARNING - Restarting worker
2026-03-13 04:14:01,473 - distributed.nanny - WARNING - Restarting worker
2026-03-13 04:14:01,711 - distributed.worker - ERROR - Worker stream died during communication: tcp://127.0.0.1:37123
Traceback (most recent call last):
  File "/work/ab0246/a270092/software/miniforge3/envs/pycmor_env/lib/python3.9/site-packages/distributed/comm/tcp.py", line 297, in write
    raise StreamClosedError()
tornado.iostream.StreamClosedError: Stream is closed

The above exception was the direct cause of the following exception:

Traceback (most recent call last):
  File "/work/ab0246/a270092/software/miniforge3/envs/pycmor_env/lib/python3.9/site-packages/distributed/worker.py", line 2056, in gather_dep
    response = await get_data_from_worker(
  File "/work/ab0246/a270092/software/miniforge3/envs/pycmor_env/lib/python3.9/site-packages/distributed/worker.py", line 2866, in get_data_from_worker
    response = await send_recv(
  File "/work/ab0246/a270092/software/miniforge3/envs/pycmor_env/lib/python3.9/site-packages/distributed/core.py", line 1011, in send_recv
    await comm.write(msg, serializers=serializers, on_error="raise")
  File "/work/ab0246/a270092/software/miniforge3/envs/pycmor_env/lib/python3.9/site-packages/distributed/comm/tcp.py", line 307, in write
    convert_stream_closed_error(self, e)
  File "/work/ab0246/a270092/software/miniforge3/envs/pycmor_env/lib/python3.9/site-packages/distributed/comm/tcp.py", line 142, in convert_stream_closed_error
    raise CommClosedError(f"in {obj}: {exc}") from exc
distributed.comm.core.CommClosedError: in <TCP (closed) Ephemeral Worker->Worker for gather local=tcp://127.0.0.1:46160 remote=tcp://127.0.0.1:37123>: Stream is closed
╭─────────────────────────────── Traceback (most recent call last) ────────────────────────────────╮
│ /work/ab0246/a270092/software/miniforge3/envs/pycmor_env/bin/pycmor:7 in <module>                │
│                                                                                                  │
│   4 if __name__ == '__main__':                                                                   │
│   5 │   if sys.argv[0].endswith('.exe'):                                                         │
│   6 │   │   sys.argv[0] = sys.argv[0][:-4]                                                       │
│ ❱ 7 │   sys.exit(main())                                                                         │
│   8                                                                                              │
│                                                                                                  │
│ ╭──────────── locals ─────────────╮                                                              │
│ │ sys = <module 'sys' (built-in)> │                                                              │
│ ╰─────────────────────────────────╯                                                              │
│                                                                                                  │
│ /work/ab0246/a270092/software/pycmor/src/pycmor/cli.py:359 in main                               │
│                                                                                                  │
│   356 │   for entry_point_name, entry_point in find_subcommands().items():                       │
│   357 │   │   cli.add_command(entry_point["callable"], name=entry_point_name)                    │
│   358 │   # Prefer new env var prefix, but keep backward compatibility                           │
│ ❱ 359 │   cli(auto_envvar_prefix="PYCMOR")                                                       │
│   360                                                                                            │
│   361                                                                                            │
│   362 if __name__ == "__main__":                                                                 │
│                                                                                                  │
│ ╭─────────────────────────────────── locals ────────────────────────────────────╮                │
│ │      entry_point = {'plugin_name': 'pycmor', 'callable': <RichGroup plugins>} │                │
│ │ entry_point_name = 'plugins'                                                  │                │
│ ╰───────────────────────────────────────────────────────────────────────────────╯                │
│                                                                                                  │
│                                     ... 18 frames hidden ...                                     │
│                                                                                                  │
│ /work/ab0246/a270092/software/miniforge3/envs/pycmor_env/lib/python3.9/site-packages/dask/base.p │
│ y:662 in compute                                                                                 │
│                                                                                                  │
│    659 │   │   postcomputes.append(x.__dask_postcompute__())                                     │
│    660 │                                                                                         │
│    661 │   with shorten_traceback():                                                             │
│ ❱  662 │   │   results = schedule(dsk, keys, **kwargs)                                           │
│    663 │                                                                                         │
│    664 │   return repack([f(r, *a) for r, (f, a) in zip(results, postcomputes)])                 │
│    665                                                                                           │
│                                                                                                  │
│ ╭─────────────────────────────────────────── locals ───────────────────────────────────────────╮ │
│ │           args = (                                                                           │ │
│ │                  │   dask.array<transpose, shape=(12, 3146761), dtype=float32, chunksize=(1, │ │
│ │                  786691), chunktype=numpy.ndarray>,                                          │ │
│ │                  )                                                                           │ │
│ │    collections = [                                                                           │ │
│ │                  │   dask.array<transpose, shape=(12, 3146761), dtype=float32, chunksize=(1, │ │
│ │                  786691), chunktype=numpy.ndarray>                                           │ │
│ │                  ]                                                                           │ │
│ │            dsk = {                                                                           │ │
│ │                  │   ('transpose-8c075ee1721c030e661981297984e8fd', 9, 1): (                 │ │
│ │                  │   │   subgraph_callable-577f98e3850907810f026c58c5abd576,                 │ │
│ │                  │   │   ('array-afefd4d773daaa53628d9e9a477a9f97', 9),                      │ │
│ │                  │   │   'original-open_dataset-sst-0846c67f194b44591ab7e430225a8b1f',       │ │
│ │                  │   │   (slice(9, 10, None), slice(786691, 1573382, None))                  │ │
│ │                  │   ),                                                                      │ │
│ │                  │   ('transpose-8c075ee1721c030e661981297984e8fd', 10, 0): (                │ │
│ │                  │   │   subgraph_callable-577f98e3850907810f026c58c5abd576,                 │ │
│ │                  │   │   ('array-afefd4d773daaa53628d9e9a477a9f97', 10),                     │ │
│ │                  │   │   'original-open_dataset-sst-0846c67f194b44591ab7e430225a8b1f',       │ │
│ │                  │   │   (slice(10, 11, None), slice(0, 786691, None))                       │ │
│ │                  │   ),                                                                      │ │
│ │                  │   ('transpose-8c075ee1721c030e661981297984e8fd', 2, 2): (                 │ │
│ │                  │   │   subgraph_callable-577f98e3850907810f026c58c5abd576,                 │ │
│ │                  │   │   ('array-afefd4d773daaa53628d9e9a477a9f97', 2),                      │ │
│ │                  │   │   'original-open_dataset-sst-0846c67f194b44591ab7e430225a8b1f',       │ │
│ │                  │   │   (slice(2, 3, None), slice(1573382, 2360073, None))                  │ │
│ │                  │   ),                                                                      │ │
│ │                  │   ('transpose-8c075ee1721c030e661981297984e8fd', 1, 0): (                 │ │
│ │                  │   │   subgraph_callable-577f98e3850907810f026c58c5abd576,                 │ │
│ │                  │   │   ('array-afefd4d773daaa53628d9e9a477a9f97', 1),                      │ │
│ │                  │   │   'original-open_dataset-sst-0846c67f194b44591ab7e430225a8b1f',       │ │
│ │                  │   │   (slice(1, 2, None), slice(0, 786691, None))                         │ │
│ │                  │   ),                                                                      │ │
│ │                  │   ('transpose-8c075ee1721c030e661981297984e8fd', 10, 3): (                │ │
│ │                  │   │   subgraph_callable-577f98e3850907810f026c58c5abd576,                 │ │
│ │                  │   │   ('array-afefd4d773daaa53628d9e9a477a9f97', 10),                     │ │
│ │                  │   │   'original-open_dataset-sst-0846c67f194b44591ab7e430225a8b1f',       │ │
│ │                  │   │   (slice(10, 11, None), slice(2360073, 3146761, None))                │ │
│ │                  │   ),                                                                      │ │
│ │                  │   ('array-afefd4d773daaa53628d9e9a477a9f97', 10): array([10]),            │ │
│ │                  │   ('transpose-8c075ee1721c030e661981297984e8fd', 1, 3): (                 │ │
│ │                  │   │   subgraph_callable-577f98e3850907810f026c58c5abd576,                 │ │
│ │                  │   │   ('array-afefd4d773daaa53628d9e9a477a9f97', 1),                      │ │
│ │                  │   │   'original-open_dataset-sst-0846c67f194b44591ab7e430225a8b1f',       │ │
│ │                  │   │   (slice(1, 2, None), slice(2360073, 3146761, None))                  │ │
│ │                  │   ),                                                                      │ │
│ │                  │   ('transpose-8c075ee1721c030e661981297984e8fd', 6, 2): (                 │ │
│ │                  │   │   subgraph_callable-577f98e3850907810f026c58c5abd576,                 │ │
│ │                  │   │   ('array-afefd4d773daaa53628d9e9a477a9f97', 6),                      │ │
│ │                  │   │   'original-open_dataset-sst-0846c67f194b44591ab7e430225a8b1f',       │ │
│ │                  │   │   (slice(6, 7, None), slice(1573382, 2360073, None))                  │ │
│ │                  │   ),                                                                      │ │
│ │                  │   ('transpose-8c075ee1721c030e661981297984e8fd', 7, 1): (                 │ │
│ │                  │   │   subgraph_callable-577f98e3850907810f026c58c5abd576,                 │ │
│ │                  │   │   ('array-afefd4d773daaa53628d9e9a477a9f97', 7),                      │ │
│ │                  │   │   'original-open_dataset-sst-0846c67f194b44591ab7e430225a8b1f',       │ │
│ │                  │   │   (slice(7, 8, None), slice(786691, 1573382, None))                   │ │
│ │                  │   ),                                                                      │ │
│ │                  │   ('transpose-8c075ee1721c030e661981297984e8fd', 8, 2): (                 │ │
│ │                  │   │   subgraph_callable-577f98e3850907810f026c58c5abd576,                 │ │
│ │                  │   │   ('array-afefd4d773daaa53628d9e9a477a9f97', 8),                      │ │
│ │                  │   │   'original-open_dataset-sst-0846c67f194b44591ab7e430225a8b1f',       │ │
│ │                  │   │   (slice(8, 9, None), slice(1573382, 2360073, None))                  │ │
│ │                  │   ),                                                                      │ │
│ │                  │   ... +51                                                                 │ │
│ │                  }                                                                           │ │
│ │            get = None                                                                        │ │
│ │           keys = [                                                                           │ │
│ │                  │   [                                                                       │ │
│ │                  │   │   [                                                                   │ │
│ │                  │   │   │   ('transpose-8c075ee1721c030e661981297984e8fd', 0, 0),           │ │
│ │                  │   │   │   ('transpose-8c075ee1721c030e661981297984e8fd', 0, 1),           │ │
│ │                  │   │   │   ('transpose-8c075ee1721c030e661981297984e8fd', 0, 2),           │ │
│ │                  │   │   │   ('transpose-8c075ee1721c030e661981297984e8fd', 0, 3)            │ │
│ │                  │   │   ],                                                                  │ │
│ │                  │   │   [                                                                   │ │
│ │                  │   │   │   ('transpose-8c075ee1721c030e661981297984e8fd', 1, 0),           │ │
│ │                  │   │   │   ('transpose-8c075ee1721c030e661981297984e8fd', 1, 1),           │ │
│ │                  │   │   │   ('transpose-8c075ee1721c030e661981297984e8fd', 1, 2),           │ │
│ │                  │   │   │   ('transpose-8c075ee1721c030e661981297984e8fd', 1, 3)            │ │
│ │                  │   │   ],                                                                  │ │
│ │                  │   │   [                                                                   │ │
│ │                  │   │   │   ('transpose-8c075ee1721c030e661981297984e8fd', 2, 0),           │ │
│ │                  │   │   │   ('transpose-8c075ee1721c030e661981297984e8fd', 2, 1),           │ │
│ │                  │   │   │   ('transpose-8c075ee1721c030e661981297984e8fd', 2, 2),           │ │
│ │                  │   │   │   ('transpose-8c075ee1721c030e661981297984e8fd', 2, 3)            │ │
│ │                  │   │   ],                                                                  │ │
│ │                  │   │   [                                                                   │ │
│ │                  │   │   │   ('transpose-8c075ee1721c030e661981297984e8fd', 3, 0),           │ │
│ │                  │   │   │   ('transpose-8c075ee1721c030e661981297984e8fd', 3, 1),           │ │
│ │                  │   │   │   ('transpose-8c075ee1721c030e661981297984e8fd', 3, 2),           │ │
│ │                  │   │   │   ('transpose-8c075ee1721c030e661981297984e8fd', 3, 3)            │ │
│ │                  │   │   ],                                                                  │ │
│ │                  │   │   [                                                                   │ │
│ │                  │   │   │   ('transpose-8c075ee1721c030e661981297984e8fd', 4, 0),           │ │
│ │                  │   │   │   ('transpose-8c075ee1721c030e661981297984e8fd', 4, 1),           │ │
│ │                  │   │   │   ('transpose-8c075ee1721c030e661981297984e8fd', 4, 2),           │ │
│ │                  │   │   │   ('transpose-8c075ee1721c030e661981297984e8fd', 4, 3)            │ │
│ │                  │   │   ],                                                                  │ │
│ │                  │   │   [                                                                   │ │
│ │                  │   │   │   ('transpose-8c075ee1721c030e661981297984e8fd', 5, 0),           │ │
│ │                  │   │   │   ('transpose-8c075ee1721c030e661981297984e8fd', 5, 1),           │ │
│ │                  │   │   │   ('transpose-8c075ee1721c030e661981297984e8fd', 5, 2),           │ │
│ │                  │   │   │   ('transpose-8c075ee1721c030e661981297984e8fd', 5, 3)            │ │
│ │                  │   │   ],                                                                  │ │
│ │                  │   │   [                                                                   │ │
│ │                  │   │   │   ('transpose-8c075ee1721c030e661981297984e8fd', 6, 0),           │ │
│ │                  │   │   │   ('transpose-8c075ee1721c030e661981297984e8fd', 6, 1),           │ │
│ │                  │   │   │   ('transpose-8c075ee1721c030e661981297984e8fd', 6, 2),           │ │
│ │                  │   │   │   ('transpose-8c075ee1721c030e661981297984e8fd', 6, 3)            │ │
│ │                  │   │   ],                                                                  │ │
│ │                  │   │   [                                                                   │ │
│ │                  │   │   │   ('transpose-8c075ee1721c030e661981297984e8fd', 7, 0),           │ │
│ │                  │   │   │   ('transpose-8c075ee1721c030e661981297984e8fd', 7, 1),           │ │
│ │                  │   │   │   ('transpose-8c075ee1721c030e661981297984e8fd', 7, 2),           │ │
│ │                  │   │   │   ('transpose-8c075ee1721c030e661981297984e8fd', 7, 3)            │ │
│ │                  │   │   ],                                                                  │ │
│ │                  │   │   [                                                                   │ │
│ │                  │   │   │   ('transpose-8c075ee1721c030e661981297984e8fd', 8, 0),           │ │
│ │                  │   │   │   ('transpose-8c075ee1721c030e661981297984e8fd', 8, 1),           │ │
│ │                  │   │   │   ('transpose-8c075ee1721c030e661981297984e8fd', 8, 2),           │ │
│ │                  │   │   │   ('transpose-8c075ee1721c030e661981297984e8fd', 8, 3)            │ │
│ │                  │   │   ],                                                                  │ │
│ │                  │   │   [                                                                   │ │
│ │                  │   │   │   ('transpose-8c075ee1721c030e661981297984e8fd', 9, 0),           │ │
│ │                  │   │   │   ('transpose-8c075ee1721c030e661981297984e8fd', 9, 1),           │ │
│ │                  │   │   │   ('transpose-8c075ee1721c030e661981297984e8fd', 9, 2),           │ │
│ │                  │   │   │   ('transpose-8c075ee1721c030e661981297984e8fd', 9, 3)            │ │
│ │                  │   │   ],                                                                  │ │
│ │                  │   │   ... +2                                                              │ │
│ │                  │   ]                                                                       │ │
│ │                  ]                                                                           │ │
│ │         kwargs = {}                                                                          │ │
│ │ optimize_graph = True                                                                        │ │
│ │   postcomputes = [(<function finalize at 0x7f1c853c7dc0>, ())]                               │ │
│ │       schedule = <bound method Client.get of <Client: 'tcp://127.0.0.1:37423' processes=12   │ │
│ │                  threads=192, memory=376.40 GiB>>                                            │ │
│ │      scheduler = None                                                                        │ │
│ │       traverse = True                                                                        │ │
│ │              x = dask.array<transpose, shape=(12, 3146761), dtype=float32, chunksize=(1,     │ │
│ │                  786691), chunktype=numpy.ndarray>                                           │ │
│ ╰──────────────────────────────────────────────────────────────────────────────────────────────╯ │
│                                                                                                  │
│ /work/ab0246/a270092/software/miniforge3/envs/pycmor_env/lib/python3.9/site-packages/distributed │
│ /client.py:2428 in _gather                                                                       │
│                                                                                                  │
│   2425 │   │   │   │   │   │   st = future._state                                                │
│   2426 │   │   │   │   │   │   exception = st.exception                                          │
│   2427 │   │   │   │   │   │   traceback = st.traceback                                          │
│ ❱ 2428 │   │   │   │   │   │   raise exception.with_traceback(traceback)                         │
│   2429 │   │   │   │   │   if errors == "skip":                                                  │
│   2430 │   │   │   │   │   │   bad_keys.add(key)                                                 │
│   2431 │   │   │   │   │   │   bad_data[key] = None                                              │
│                                                                                                  │
│ ╭─────────────────────────────────────────── locals ───────────────────────────────────────────╮ │
│ │           bad_data = {}                                                                      │ │
│ │           bad_keys = set()                                                                   │ │
│ │               data = {}                                                                      │ │
│ │             direct = False                                                                   │ │
│ │             errors = 'raise'                                                                 │ │
│ │          exception = KilledWorker(('transpose-8c075ee1721c030e661981297984e8fd', 9, 3),      │ │
│ │                      <WorkerState 'tcp://127.0.0.1:35935', name: 0, status: closed, memory:  │ │
│ │                      0, processing: 0>, 3)                                                   │ │
│ │         exceptions = {('transpose-8c075ee1721c030e661981297984e8fd', 9, 3)}                  │ │
│ │             failed = ('error', 'cancelled')                                                  │ │
│ │             future = <Future: cancelled, key: ('transpose-8c075ee1721c030e661981297984e8fd', │ │
│ │                      9, 3)>                                                                  │ │
│ │         future_set = {                                                                       │ │
│ │                      │   <Future: cancelled, key:                                            │ │
│ │                      ('transpose-8c075ee1721c030e661981297984e8fd', 0, 0)>,                  │ │
│ │                      │   <Future: cancelled, key:                                            │ │
│ │                      ('transpose-8c075ee1721c030e661981297984e8fd', 8, 1)>,                  │ │
│ │                      │   <Future: cancelled, key:                                            │ │
│ │                      ('transpose-8c075ee1721c030e661981297984e8fd', 11, 0)>,                 │ │
│ │                      │   <Future: cancelled, key:                                            │ │
│ │                      ('transpose-8c075ee1721c030e661981297984e8fd', 7, 0)>,                  │ │
│ │                      │   <Future: cancelled, key:                                            │ │
│ │                      ('transpose-8c075ee1721c030e661981297984e8fd', 10, 3)>,                 │ │
│ │                      │   <Future: cancelled, key:                                            │ │
│ │                      ('transpose-8c075ee1721c030e661981297984e8fd', 6, 1)>,                  │ │
│ │                      │   <Future: cancelled, key:                                            │ │
│ │                      ('transpose-8c075ee1721c030e661981297984e8fd', 5, 0)>,                  │ │
│ │                      │   <Future: cancelled, key:                                            │ │
│ │                      ('transpose-8c075ee1721c030e661981297984e8fd', 5, 1)>,                  │ │
│ │                      │   <Future: cancelled, key:                                            │ │
│ │                      ('transpose-8c075ee1721c030e661981297984e8fd', 4, 2)>,                  │ │
│ │                      │   <Future: cancelled, key:                                            │ │
│ │                      ('transpose-8c075ee1721c030e661981297984e8fd', 9, 0)>,                  │ │
│ │                      │   ... +38                                                             │ │
│ │                      }                                                                       │ │
│ │            futures = [                                                                       │ │
│ │                      │   [                                                                   │ │
│ │                      │   │   [                                                               │ │
│ │                      │   │   │   <Future: cancelled, key:                                    │ │
│ │                      ('transpose-8c075ee1721c030e661981297984e8fd', 0, 0)>,                  │ │
│ │                      │   │   │   <Future: cancelled, key:                                    │ │
│ │                      ('transpose-8c075ee1721c030e661981297984e8fd', 0, 1)>,                  │ │
│ │                      │   │   │   <Future: cancelled, key:                                    │ │
│ │                      ('transpose-8c075ee1721c030e661981297984e8fd', 0, 2)>,                  │ │
│ │                      │   │   │   <Future: cancelled, key:                                    │ │
│ │                      ('transpose-8c075ee1721c030e661981297984e8fd', 0, 3)>                   │ │
│ │                      │   │   ],                                                              │ │
│ │                      │   │   [                                                               │ │
│ │                      │   │   │   <Future: cancelled, key:                                    │ │
│ │                      ('transpose-8c075ee1721c030e661981297984e8fd', 1, 0)>,                  │ │
│ │                      │   │   │   <Future: cancelled, key:                                    │ │
│ │                      ('transpose-8c075ee1721c030e661981297984e8fd', 1, 1)>,                  │ │
│ │                      │   │   │   <Future: cancelled, key:                                    │ │
│ │                      ('transpose-8c075ee1721c030e661981297984e8fd', 1, 2)>,                  │ │
│ │                      │   │   │   <Future: cancelled, key:                                    │ │
│ │                      ('transpose-8c075ee1721c030e661981297984e8fd', 1, 3)>                   │ │
│ │                      │   │   ],                                                              │ │
│ │                      │   │   [                                                               │ │
│ │                      │   │   │   <Future: cancelled, key:                                    │ │
│ │                      ('transpose-8c075ee1721c030e661981297984e8fd', 2, 0)>,                  │ │
│ │                      │   │   │   <Future: cancelled, key:                                    │ │
│ │                      ('transpose-8c075ee1721c030e661981297984e8fd', 2, 1)>,                  │ │
│ │                      │   │   │   <Future: cancelled, key:                                    │ │
│ │                      ('transpose-8c075ee1721c030e661981297984e8fd', 2, 2)>,                  │ │
│ │                      │   │   │   <Future: cancelled, key:                                    │ │
│ │                      ('transpose-8c075ee1721c030e661981297984e8fd', 2, 3)>                   │ │
│ │                      │   │   ],                                                              │ │
│ │                      │   │   [                                                               │ │
│ │                      │   │   │   <Future: cancelled, key:                                    │ │
│ │                      ('transpose-8c075ee1721c030e661981297984e8fd', 3, 0)>,                  │ │
│ │                      │   │   │   <Future: cancelled, key:                                    │ │
│ │                      ('transpose-8c075ee1721c030e661981297984e8fd', 3, 1)>,                  │ │
│ │                      │   │   │   <Future: cancelled, key:                                    │ │
│ │                      ('transpose-8c075ee1721c030e661981297984e8fd', 3, 2)>,                  │ │
│ │                      │   │   │   <Future: cancelled, key:                                    │ │
│ │                      ('transpose-8c075ee1721c030e661981297984e8fd', 3, 3)>                   │ │
│ │                      │   │   ],                                                              │ │
│ │                      │   │   [                                                               │ │
│ │                      │   │   │   <Future: cancelled, key:                                    │ │
│ │                      ('transpose-8c075ee1721c030e661981297984e8fd', 4, 0)>,                  │ │
│ │                      │   │   │   <Future: cancelled, key:                                    │ │
│ │                      ('transpose-8c075ee1721c030e661981297984e8fd', 4, 1)>,                  │ │
│ │                      │   │   │   <Future: cancelled, key:                                    │ │
│ │                      ('transpose-8c075ee1721c030e661981297984e8fd', 4, 2)>,                  │ │
│ │                      │   │   │   <Future: cancelled, key:                                    │ │
│ │                      ('transpose-8c075ee1721c030e661981297984e8fd', 4, 3)>                   │ │
│ │                      │   │   ],                                                              │ │
│ │                      │   │   [                                                               │ │
│ │                      │   │   │   <Future: cancelled, key:                                    │ │
│ │                      ('transpose-8c075ee1721c030e661981297984e8fd', 5, 0)>,                  │ │
│ │                      │   │   │   <Future: cancelled, key:                                    │ │
│ │                      ('transpose-8c075ee1721c030e661981297984e8fd', 5, 1)>,                  │ │
│ │                      │   │   │   <Future: cancelled, key:                                    │ │
│ │                      ('transpose-8c075ee1721c030e661981297984e8fd', 5, 2)>,                  │ │
│ │                      │   │   │   <Future: cancelled, key:                                    │ │
│ │                      ('transpose-8c075ee1721c030e661981297984e8fd', 5, 3)>                   │ │
│ │                      │   │   ],                                                              │ │
│ │                      │   │   [                                                               │ │
│ │                      │   │   │   <Future: cancelled, key:                                    │ │
│ │                      ('transpose-8c075ee1721c030e661981297984e8fd', 6, 0)>,                  │ │
│ │                      │   │   │   <Future: cancelled, key:                                    │ │
│ │                      ('transpose-8c075ee1721c030e661981297984e8fd', 6, 1)>,                  │ │
│ │                      │   │   │   <Future: cancelled, key:                                    │ │
│ │                      ('transpose-8c075ee1721c030e661981297984e8fd', 6, 2)>,                  │ │
│ │                      │   │   │   <Future: cancelled, key:                                    │ │
│ │                      ('transpose-8c075ee1721c030e661981297984e8fd', 6, 3)>                   │ │
│ │                      │   │   ],                                                              │ │
│ │                      │   │   [                                                               │ │
│ │                      │   │   │   <Future: cancelled, key:                                    │ │
│ │                      ('transpose-8c075ee1721c030e661981297984e8fd', 7, 0)>,                  │ │
│ │                      │   │   │   <Future: cancelled, key:                                    │ │
│ │                      ('transpose-8c075ee1721c030e661981297984e8fd', 7, 1)>,                  │ │
│ │                      │   │   │   <Future: cancelled, key:                                    │ │
│ │                      ('transpose-8c075ee1721c030e661981297984e8fd', 7, 2)>,                  │ │
│ │                      │   │   │   <Future: cancelled, key:                                    │ │
│ │                      ('transpose-8c075ee1721c030e661981297984e8fd', 7, 3)>                   │ │
│ │                      │   │   ],                                                              │ │
│ │                      │   │   [                                                               │ │
│ │                      │   │   │   <Future: cancelled, key:                                    │ │
│ │                      ('transpose-8c075ee1721c030e661981297984e8fd', 8, 0)>,                  │ │
│ │                      │   │   │   <Future: cancelled, key:                                    │ │
│ │                      ('transpose-8c075ee1721c030e661981297984e8fd', 8, 1)>,                  │ │
│ │                      │   │   │   <Future: cancelled, key:                                    │ │
│ │                      ('transpose-8c075ee1721c030e661981297984e8fd', 8, 2)>,                  │ │
│ │                      │   │   │   <Future: cancelled, key:                                    │ │
│ │                      ('transpose-8c075ee1721c030e661981297984e8fd', 8, 3)>                   │ │
│ │                      │   │   ],                                                              │ │
│ │                      │   │   [                                                               │ │
│ │                      │   │   │   <Future: cancelled, key:                                    │ │
│ │                      ('transpose-8c075ee1721c030e661981297984e8fd', 9, 0)>,                  │ │
│ │                      │   │   │   <Future: cancelled, key:                                    │ │
│ │                      ('transpose-8c075ee1721c030e661981297984e8fd', 9, 1)>,                  │ │
│ │                      │   │   │   <Future: cancelled, key:                                    │ │
│ │                      ('transpose-8c075ee1721c030e661981297984e8fd', 9, 2)>,                  │ │
│ │                      │   │   │   <Future: cancelled, key:                                    │ │
│ │                      ('transpose-8c075ee1721c030e661981297984e8fd', 9, 3)>                   │ │
│ │                      │   │   ],                                                              │ │
│ │                      │   │   ... +2                                                          │ │
│ │                      │   ]                                                                   │ │
│ │                      ]                                                                       │ │
│ │                key = ('transpose-8c075ee1721c030e661981297984e8fd', 9, 3)                    │ │
│ │               keys = [                                                                       │ │
│ │                      │   ('transpose-8c075ee1721c030e661981297984e8fd', 0, 0),               │ │
│ │                      │   ('transpose-8c075ee1721c030e661981297984e8fd', 8, 1),               │ │
│ │                      │   ('transpose-8c075ee1721c030e661981297984e8fd', 11, 0),              │ │
│ │                      │   ('transpose-8c075ee1721c030e661981297984e8fd', 7, 0),               │ │
│ │                      │   ('transpose-8c075ee1721c030e661981297984e8fd', 10, 3),              │ │
│ │                      │   ('transpose-8c075ee1721c030e661981297984e8fd', 6, 1),               │ │
│ │                      │   ('transpose-8c075ee1721c030e661981297984e8fd', 5, 0),               │ │
│ │                      │   ('transpose-8c075ee1721c030e661981297984e8fd', 5, 1),               │ │
│ │                      │   ('transpose-8c075ee1721c030e661981297984e8fd', 4, 2),               │ │
│ │                      │   ('transpose-8c075ee1721c030e661981297984e8fd', 9, 0),               │ │
│ │                      │   ... +38                                                             │ │
│ │                      ]                                                                       │ │
│ │       local_worker = None                                                                    │ │
│ │ mismatched_futures = []                                                                      │ │
│ │               self = <Client: 'tcp://127.0.0.1:37423' processes=12 threads=192,              │ │
│ │                      memory=376.40 GiB>                                                      │ │
│ │                 st = <FutureState: cancelled>                                                │ │
│ │          traceback = None                                                                    │ │
│ │           unpacked = [                                                                       │ │
│ │                      │   [                                                                   │ │
│ │                      │   │   [                                                               │ │
│ │                      │   │   │   ('transpose-8c075ee1721c030e661981297984e8fd', 0, 0),       │ │
│ │                      │   │   │   ('transpose-8c075ee1721c030e661981297984e8fd', 0, 1),       │ │
│ │                      │   │   │   ('transpose-8c075ee1721c030e661981297984e8fd', 0, 2),       │ │
│ │                      │   │   │   ('transpose-8c075ee1721c030e661981297984e8fd', 0, 3)        │ │
│ │                      │   │   ],                                                              │ │
│ │                      │   │   [                                                               │ │
│ │                      │   │   │   ('transpose-8c075ee1721c030e661981297984e8fd', 1, 0),       │ │
│ │                      │   │   │   ('transpose-8c075ee1721c030e661981297984e8fd', 1, 1),       │ │
│ │                      │   │   │   ('transpose-8c075ee1721c030e661981297984e8fd', 1, 2),       │ │
│ │                      │   │   │   ('transpose-8c075ee1721c030e661981297984e8fd', 1, 3)        │ │
│ │                      │   │   ],                                                              │ │
│ │                      │   │   [                                                               │ │
│ │                      │   │   │   ('transpose-8c075ee1721c030e661981297984e8fd', 2, 0),       │ │
│ │                      │   │   │   ('transpose-8c075ee1721c030e661981297984e8fd', 2, 1),       │ │
│ │                      │   │   │   ('transpose-8c075ee1721c030e661981297984e8fd', 2, 2),       │ │
│ │                      │   │   │   ('transpose-8c075ee1721c030e661981297984e8fd', 2, 3)        │ │
│ │                      │   │   ],                                                              │ │
│ │                      │   │   [                                                               │ │
│ │                      │   │   │   ('transpose-8c075ee1721c030e661981297984e8fd', 3, 0),       │ │
│ │                      │   │   │   ('transpose-8c075ee1721c030e661981297984e8fd', 3, 1),       │ │
│ │                      │   │   │   ('transpose-8c075ee1721c030e661981297984e8fd', 3, 2),       │ │
│ │                      │   │   │   ('transpose-8c075ee1721c030e661981297984e8fd', 3, 3)        │ │
│ │                      │   │   ],                                                              │ │
│ │                      │   │   [                                                               │ │
│ │                      │   │   │   ('transpose-8c075ee1721c030e661981297984e8fd', 4, 0),       │ │
│ │                      │   │   │   ('transpose-8c075ee1721c030e661981297984e8fd', 4, 1),       │ │
│ │                      │   │   │   ('transpose-8c075ee1721c030e661981297984e8fd', 4, 2),       │ │
│ │                      │   │   │   ('transpose-8c075ee1721c030e661981297984e8fd', 4, 3)        │ │
│ │                      │   │   ],                                                              │ │
│ │                      │   │   [                                                               │ │
│ │                      │   │   │   ('transpose-8c075ee1721c030e661981297984e8fd', 5, 0),       │ │
│ │                      │   │   │   ('transpose-8c075ee1721c030e661981297984e8fd', 5, 1),       │ │
│ │                      │   │   │   ('transpose-8c075ee1721c030e661981297984e8fd', 5, 2),       │ │
│ │                      │   │   │   ('transpose-8c075ee1721c030e661981297984e8fd', 5, 3)        │ │
│ │                      │   │   ],                                                              │ │
│ │                      │   │   [                                                               │ │
│ │                      │   │   │   ('transpose-8c075ee1721c030e661981297984e8fd', 6, 0),       │ │
│ │                      │   │   │   ('transpose-8c075ee1721c030e661981297984e8fd', 6, 1),       │ │
│ │                      │   │   │   ('transpose-8c075ee1721c030e661981297984e8fd', 6, 2),       │ │
│ │                      │   │   │   ('transpose-8c075ee1721c030e661981297984e8fd', 6, 3)        │ │
│ │                      │   │   ],                                                              │ │
│ │                      │   │   [                                                               │ │
│ │                      │   │   │   ('transpose-8c075ee1721c030e661981297984e8fd', 7, 0),       │ │
│ │                      │   │   │   ('transpose-8c075ee1721c030e661981297984e8fd', 7, 1),       │ │
│ │                      │   │   │   ('transpose-8c075ee1721c030e661981297984e8fd', 7, 2),       │ │
│ │                      │   │   │   ('transpose-8c075ee1721c030e661981297984e8fd', 7, 3)        │ │
│ │                      │   │   ],                                                              │ │
│ │                      │   │   [                                                               │ │
│ │                      │   │   │   ('transpose-8c075ee1721c030e661981297984e8fd', 8, 0),       │ │
│ │                      │   │   │   ('transpose-8c075ee1721c030e661981297984e8fd', 8, 1),       │ │
│ │                      │   │   │   ('transpose-8c075ee1721c030e661981297984e8fd', 8, 2),       │ │
│ │                      │   │   │   ('transpose-8c075ee1721c030e661981297984e8fd', 8, 3)        │ │
│ │                      │   │   ],                                                              │ │
│ │                      │   │   [                                                               │ │
│ │                      │   │   │   ('transpose-8c075ee1721c030e661981297984e8fd', 9, 0),       │ │
│ │                      │   │   │   ('transpose-8c075ee1721c030e661981297984e8fd', 9, 1),       │ │
│ │                      │   │   │   ('transpose-8c075ee1721c030e661981297984e8fd', 9, 2),       │ │
│ │                      │   │   │   ('transpose-8c075ee1721c030e661981297984e8fd', 9, 3)        │ │
│ │                      │   │   ],                                                              │ │
│ │                      │   │   ... +2                                                          │ │
│ │                      │   ]                                                                   │ │
│ │                      ]                                                                       │ │
│ ╰──────────────────────────────────────────────────────────────────────────────────────────────╯ │
╰──────────────────────────────────────────────────────────────────────────────────────────────────╯
KilledWorker: Attempted to run task ('transpose-8c075ee1721c030e661981297984e8fd', 9, 3) on 4 different workers, but all those workers died while running it. The last worker that attempt to run the task was tcp://127.0.0.1:35935. Inspecting 
worker logs is often a good next step to diagnose what went wrong. For more information see https://distributed.dask.org/en/stable/killed.html.
2026-03-13 04:14:01,841 - distributed.worker.state_machine - WARNING - Async instruction for <Task cancelled name="execute(('transpose-8c075ee1721c030e661981297984e8fd', 9, 2))" coro=<Worker.execute() done, defined at /work/ab0246/a270092/software/miniforge3/envs/pycmor_env/lib/python3.9/site-packages/distributed/worker_state_machine.py:3615>> ended with CancelledError
2026-03-13 04:14:01,841 - distributed.worker.state_machine - WARNING - Async instruction for <Task cancelled name="execute(('transpose-8c075ee1721c030e661981297984e8fd', 4, 1))" coro=<Worker.execute() done, defined at /work/ab0246/a270092/software/miniforge3/envs/pycmor_env/lib/python3.9/site-packages/distributed/worker_state_machine.py:3615>> ended with CancelledError
2026-03-13 04:14:01,841 - distributed.worker.state_machine - WARNING - Async instruction for <Task cancelled name="execute(('transpose-8c075ee1721c030e661981297984e8fd', 9, 0))" coro=<Worker.execute() done, defined at /work/ab0246/a270092/software/miniforge3/envs/pycmor_env/lib/python3.9/site-packages/distributed/worker_state_machine.py:3615>> ended with CancelledError
2026-03-13 04:14:01,841 - distributed.worker.state_machine - WARNING - Async instruction for <Task cancelled name="execute(('transpose-8c075ee1721c030e661981297984e8fd', 9, 1))" coro=<Worker.execute() done, defined at /work/ab0246/a270092/software/miniforge3/envs/pycmor_env/lib/python3.9/site-packages/distributed/worker_state_machine.py:3615>> ended with CancelledError
2026-03-13 04:14:01,841 - distributed.worker.state_machine - WARNING - Async instruction for <Task cancelled name="execute(('transpose-8c075ee1721c030e661981297984e8fd', 4, 3))" coro=<Worker.execute() done, defined at /work/ab0246/a270092/software/miniforge3/envs/pycmor_env/lib/python3.9/site-packages/distributed/worker_state_machine.py:3615>> ended with CancelledError
2026-03-13 04:14:01,841 - distributed.worker.state_machine - WARNING - Async instruction for <Task cancelled name="execute(('transpose-8c075ee1721c030e661981297984e8fd', 11, 3))" coro=<Worker.execute() done, defined at /work/ab0246/a270092/software/miniforge3/envs/pycmor_env/lib/python3.9/site-packages/distributed/worker_state_machine.py:3615>> ended with CancelledError
2026-03-13 04:14:01,841 - distributed.worker.state_machine - WARNING - Async instruction for <Task cancelled name="execute(('transpose-8c075ee1721c030e661981297984e8fd', 4, 2))" coro=<Worker.execute() done, defined at /work/ab0246/a270092/software/miniforge3/envs/pycmor_env/lib/python3.9/site-packages/distributed/worker_state_machine.py:3615>> ended with CancelledError
2026-03-13 04:14:01,841 - distributed.worker.state_machine - WARNING - Async instruction for <Task cancelled name="execute(('transpose-8c075ee1721c030e661981297984e8fd', 1, 1))" coro=<Worker.execute() done, defined at /work/ab0246/a270092/software/miniforge3/envs/pycmor_env/lib/python3.9/site-packages/distributed/worker_state_machine.py:3615>> ended with CancelledError
2026-03-13 04:14:01,841 - distributed.worker.state_machine - WARNING - Async instruction for <Task cancelled name="execute(('transpose-8c075ee1721c030e661981297984e8fd', 4, 0))" coro=<Worker.execute() done, defined at /work/ab0246/a270092/software/miniforge3/envs/pycmor_env/lib/python3.9/site-packages/distributed/worker_state_machine.py:3615>> ended with CancelledError
2026-03-13 04:14:01,841 - distributed.worker.state_machine - WARNING - Async instruction for <Task cancelled name="execute(('transpose-8c075ee1721c030e661981297984e8fd', 1, 2))" coro=<Worker.execute() done, defined at /work/ab0246/a270092/software/miniforge3/envs/pycmor_env/lib/python3.9/site-packages/distributed/worker_state_machine.py:3615>> ended with CancelledError
2026-03-13 04:14:01,841 - distributed.worker.state_machine - WARNING - Async instruction for <Task cancelled name="execute(('transpose-8c075ee1721c030e661981297984e8fd', 11, 1))" coro=<Worker.execute() done, defined at /work/ab0246/a270092/software/miniforge3/envs/pycmor_env/lib/python3.9/site-packages/distributed/worker_state_machine.py:3615>> ended with CancelledError
2026-03-13 04:14:01,841 - distributed.worker.state_machine - WARNING - Async instruction for <Task cancelled name="execute(('transpose-8c075ee1721c030e661981297984e8fd', 1, 0))" coro=<Worker.execute() done, defined at /work/ab0246/a270092/software/miniforge3/envs/pycmor_env/lib/python3.9/site-packages/distributed/worker_state_machine.py:3615>> ended with CancelledError
2026-03-13 04:14:01,841 - distributed.worker.state_machine - WARNING - Async instruction for <Task cancelled name="execute(('transpose-8c075ee1721c030e661981297984e8fd', 1, 3))" coro=<Worker.execute() done, defined at /work/ab0246/a270092/software/miniforge3/envs/pycmor_env/lib/python3.9/site-packages/distributed/worker_state_machine.py:3615>> ended with CancelledError
2026-03-13 04:14:01,842 - distributed.worker.state_machine - WARNING - Async instruction for <Task cancelled name="execute(('transpose-8c075ee1721c030e661981297984e8fd', 11, 2))" coro=<Worker.execute() done, defined at /work/ab0246/a270092/software/miniforge3/envs/pycmor_env/lib/python3.9/site-packages/distributed/worker_state_machine.py:3615>> ended with CancelledError
2026-03-13 04:14:01,842 - distributed.worker.state_machine - WARNING - Async instruction for <Task cancelled name="execute(('transpose-8c075ee1721c030e661981297984e8fd', 5, 3))" coro=<Worker.execute() done, defined at /work/ab0246/a270092/software/miniforge3/envs/pycmor_env/lib/python3.9/site-packages/distributed/worker_state_machine.py:3615>> ended with CancelledError
2026-03-13 04:14:01,842 - distributed.worker.state_machine - WARNING - Async instruction for <Task cancelled name="execute(('transpose-8c075ee1721c030e661981297984e8fd', 11, 0))" coro=<Worker.execute() done, defined at /work/ab0246/a270092/software/miniforge3/envs/pycmor_env/lib/python3.9/site-packages/distributed/worker_state_machine.py:3615>> ended with CancelledError
2026-03-13 04:14:01,842 - distributed.worker.state_machine - WARNING - Async instruction for <Task cancelled name="execute(('transpose-8c075ee1721c030e661981297984e8fd', 5, 2))" coro=<Worker.execute() done, defined at /work/ab0246/a270092/software/miniforge3/envs/pycmor_env/lib/python3.9/site-packages/distributed/worker_state_machine.py:3615>> ended with CancelledError
2026-03-13 04:14:01,842 - distributed.worker.state_machine - WARNING - Async instruction for <Task cancelled name="execute(('transpose-8c075ee1721c030e661981297984e8fd', 5, 0))" coro=<Worker.execute() done, defined at /work/ab0246/a270092/software/miniforge3/envs/pycmor_env/lib/python3.9/site-packages/distributed/worker_state_machine.py:3615>> ended with CancelledError
2026-03-13 04:14:01,842 - distributed.worker.state_machine - WARNING - Async instruction for <Task cancelled name="execute(('transpose-8c075ee1721c030e661981297984e8fd', 5, 1))" coro=<Worker.execute() done, defined at /work/ab0246/a270092/software/miniforge3/envs/pycmor_env/lib/python3.9/site-packages/distributed/worker_state_machine.py:3615>> ended with CancelledError
2026-03-13 04:14:01,842 - distributed.worker - ERROR - Could not close executor <distributed.threadpoolexecutor.ThreadPoolExecutor object at 0x7fb676a1e820> by dispatching to thread. Trying synchronously.
Traceback (most recent call last):
  File "/work/ab0246/a270092/software/miniforge3/envs/pycmor_env/lib/python3.9/site-packages/distributed/worker.py", line 1639, in close
    await asyncio.to_thread(
  File "/work/ab0246/a270092/software/miniforge3/envs/pycmor_env/lib/python3.9/asyncio/threads.py", line 25, in to_thread
    return await loop.run_in_executor(None, func_call)
  File "/work/ab0246/a270092/software/miniforge3/envs/pycmor_env/lib/python3.9/concurrent/futures/thread.py", line 58, in run
    result = self.fn(*self.args, **self.kwargs)
  File "/work/ab0246/a270092/software/miniforge3/envs/pycmor_env/lib/python3.9/site-packages/distributed/worker.py", line 1623, in _close
    executor.shutdown(wait=wait, timeout=timeout)
  File "/work/ab0246/a270092/software/miniforge3/envs/pycmor_env/lib/python3.9/site-packages/distributed/threadpoolexecutor.py", line 107, in shutdown
    t.join(timeout=timeout2)
  File "/work/ab0246/a270092/software/miniforge3/envs/pycmor_env/lib/python3.9/threading.py", line 1055, in join
    raise RuntimeError("cannot join thread before it is started")
RuntimeError: cannot join thread before it is started
2026-03-13 04:14:01,847 - distributed.worker - ERROR - cannot join thread before it is started
Traceback (most recent call last):
  File "/work/ab0246/a270092/software/miniforge3/envs/pycmor_env/lib/python3.9/site-packages/distributed/worker.py", line 1639, in close
    await asyncio.to_thread(
  File "/work/ab0246/a270092/software/miniforge3/envs/pycmor_env/lib/python3.9/asyncio/threads.py", line 25, in to_thread
    return await loop.run_in_executor(None, func_call)
  File "/work/ab0246/a270092/software/miniforge3/envs/pycmor_env/lib/python3.9/concurrent/futures/thread.py", line 58, in run
    result = self.fn(*self.args, **self.kwargs)
  File "/work/ab0246/a270092/software/miniforge3/envs/pycmor_env/lib/python3.9/site-packages/distributed/worker.py", line 1623, in _close
    executor.shutdown(wait=wait, timeout=timeout)
  File "/work/ab0246/a270092/software/miniforge3/envs/pycmor_env/lib/python3.9/site-packages/distributed/threadpoolexecutor.py", line 107, in shutdown
    t.join(timeout=timeout2)
  File "/work/ab0246/a270092/software/miniforge3/envs/pycmor_env/lib/python3.9/threading.py", line 1055, in join
    raise RuntimeError("cannot join thread before it is started")
RuntimeError: cannot join thread before it is started

During handling of the above exception, another exception occurred:

Traceback (most recent call last):
  File "/work/ab0246/a270092/software/miniforge3/envs/pycmor_env/lib/python3.9/site-packages/distributed/utils.py", line 837, in wrapper
    return await func(*args, **kwargs)
  File "/work/ab0246/a270092/software/miniforge3/envs/pycmor_env/lib/python3.9/site-packages/distributed/worker.py", line 1648, in close
    _close(
  File "/work/ab0246/a270092/software/miniforge3/envs/pycmor_env/lib/python3.9/site-packages/distributed/worker.py", line 1623, in _close
    executor.shutdown(wait=wait, timeout=timeout)
  File "/work/ab0246/a270092/software/miniforge3/envs/pycmor_env/lib/python3.9/site-packages/distributed/threadpoolexecutor.py", line 107, in shutdown
    t.join(timeout=timeout2)
  File "/work/ab0246/a270092/software/miniforge3/envs/pycmor_env/lib/python3.9/threading.py", line 1055, in join
    raise RuntimeError("cannot join thread before it is started")
RuntimeError: cannot join thread before it is started
2026-03-13 04:14:01,847 - tornado.application - ERROR - Exception in callback functools.partial(<bound method IOLoop._discard_future_result of <tornado.platform.asyncio.AsyncIOMainLoop object at 0x7fb676a13280>>, <Task finished name='Task-3035' coro=<WorkerProcess._run.<locals>.do_stop() done, defined at /work/ab0246/a270092/software/miniforge3/envs/pycmor_env/lib/python3.9/site-packages/distributed/nanny.py:912> exception=RuntimeError('cannot join thread before it is started')>)
Traceback (most recent call last):
  File "/work/ab0246/a270092/software/miniforge3/envs/pycmor_env/lib/python3.9/site-packages/distributed/worker.py", line 1639, in close
    await asyncio.to_thread(
  File "/work/ab0246/a270092/software/miniforge3/envs/pycmor_env/lib/python3.9/asyncio/threads.py", line 25, in to_thread
    return await loop.run_in_executor(None, func_call)
  File "/work/ab0246/a270092/software/miniforge3/envs/pycmor_env/lib/python3.9/concurrent/futures/thread.py", line 58, in run
    result = self.fn(*self.args, **self.kwargs)
  File "/work/ab0246/a270092/software/miniforge3/envs/pycmor_env/lib/python3.9/site-packages/distributed/worker.py", line 1623, in _close
    executor.shutdown(wait=wait, timeout=timeout)
  File "/work/ab0246/a270092/software/miniforge3/envs/pycmor_env/lib/python3.9/site-packages/distributed/threadpoolexecutor.py", line 107, in shutdown
    t.join(timeout=timeout2)
  File "/work/ab0246/a270092/software/miniforge3/envs/pycmor_env/lib/python3.9/threading.py", line 1055, in join
    raise RuntimeError("cannot join thread before it is started")
RuntimeError: cannot join thread before it is started

During handling of the above exception, another exception occurred:

Traceback (most recent call last):
  File "/work/ab0246/a270092/software/miniforge3/envs/pycmor_env/lib/python3.9/site-packages/tornado/ioloop.py", line 758, in _run_callback
    ret = callback()
  File "/work/ab0246/a270092/software/miniforge3/envs/pycmor_env/lib/python3.9/site-packages/tornado/ioloop.py", line 782, in _discard_future_result
    future.result()
  File "/work/ab0246/a270092/software/miniforge3/envs/pycmor_env/lib/python3.9/site-packages/distributed/nanny.py", line 919, in do_stop
    await worker.close(
  File "/work/ab0246/a270092/software/miniforge3/envs/pycmor_env/lib/python3.9/site-packages/distributed/utils.py", line 837, in wrapper
    return await func(*args, **kwargs)
  File "/work/ab0246/a270092/software/miniforge3/envs/pycmor_env/lib/python3.9/site-packages/distributed/worker.py", line 1648, in close
    _close(
  File "/work/ab0246/a270092/software/miniforge3/envs/pycmor_env/lib/python3.9/site-packages/distributed/worker.py", line 1623, in _close
    executor.shutdown(wait=wait, timeout=timeout)
  File "/work/ab0246/a270092/software/miniforge3/envs/pycmor_env/lib/python3.9/site-packages/distributed/threadpoolexecutor.py", line 107, in shutdown
    t.join(timeout=timeout2)
  File "/work/ab0246/a270092/software/miniforge3/envs/pycmor_env/lib/python3.9/threading.py", line 1055, in join
    raise RuntimeError("cannot join thread before it is started")
RuntimeError: cannot join thread before it is started
04:14:05.302 | WARNING | pint.util - Redefining 'percent' (<class 'pint.delegates.txt_defparser.plain.UnitDefinition'>)
04:14:05.305 | WARNING | pint.util - Redefining '%' (<class 'pint.delegates.txt_defparser.plain.UnitDefinition'>)
04:14:05.305 | WARNING | pint.util - Redefining 'year' (<class 'pint.delegates.txt_defparser.plain.UnitDefinition'>)
04:14:05.305 | WARNING | pint.util - Redefining 'yr' (<class 'pint.delegates.txt_defparser.plain.UnitDefinition'>)
04:14:05.306 | WARNING | pint.util - Redefining 'C' (<class 'pint.delegates.txt_defparser.plain.UnitDefinition'>)
04:14:05.306 | WARNING | pint.util - Redefining 'd' (<class 'pint.delegates.txt_defparser.plain.UnitDefinition'>)
04:14:05.307 | WARNING | pint.util - Redefining 'h' (<class 'pint.delegates.txt_defparser.plain.UnitDefinition'>)
04:14:05.307 | WARNING | pint.util - Redefining 'degrees_north' (<class 'pint.delegates.txt_defparser.plain.UnitDefinition'>)
04:14:05.307 | WARNING | pint.util - Redefining 'degrees_east' (<class 'pint.delegates.txt_defparser.plain.UnitDefinition'>)
04:14:05.308 | WARNING | pint.util - Redefining 'degrees' (<class 'pint.delegates.txt_defparser.plain.UnitDefinition'>)
04:14:05.308 | WARNING | pint.util - Redefining '[speed]' (<class 'pint.delegates.txt_defparser.plain.DerivedDimensionDefinition'>)
[03/13/26 04:14:05] WARNING  Import(s) unavailable to set up matplotlib support...skipping this portion of the setup.                                                                                                                    logging.py:10
04:14:05.313 | WARNING | pint.util - Redefining 'percent' (<class 'pint.delegates.txt_defparser.plain.UnitDefinition'>)
04:14:05.315 | WARNING | pint.util - Redefining '%' (<class 'pint.delegates.txt_defparser.plain.UnitDefinition'>)
04:14:05.316 | WARNING | pint.util - Redefining 'year' (<class 'pint.delegates.txt_defparser.plain.UnitDefinition'>)
04:14:05.316 | WARNING | pint.util - Redefining 'yr' (<class 'pint.delegates.txt_defparser.plain.UnitDefinition'>)
04:14:05.316 | WARNING | pint.util - Redefining 'C' (<class 'pint.delegates.txt_defparser.plain.UnitDefinition'>)
04:14:05.317 | WARNING | pint.util - Redefining 'd' (<class 'pint.delegates.txt_defparser.plain.UnitDefinition'>)
04:14:05.317 | WARNING | pint.util - Redefining 'h' (<class 'pint.delegates.txt_defparser.plain.UnitDefinition'>)
04:14:05.318 | WARNING | pint.util - Redefining 'degrees_north' (<class 'pint.delegates.txt_defparser.plain.UnitDefinition'>)
04:14:05.318 | WARNING | pint.util - Redefining 'degrees_east' (<class 'pint.delegates.txt_defparser.plain.UnitDefinition'>)
04:14:05.318 | WARNING | pint.util - Redefining 'degrees' (<class 'pint.delegates.txt_defparser.plain.UnitDefinition'>)
04:14:05.319 | WARNING | pint.util - Redefining '[speed]' (<class 'pint.delegates.txt_defparser.plain.DerivedDimensionDefinition'>)
[03/13/26 04:14:05] WARNING  Import(s) unavailable to set up matplotlib support...skipping this portion of the setup.                                                                                                                    logging.py:10
04:14:05.426 | WARNING | pint.util - Redefining 'percent' (<class 'pint.delegates.txt_defparser.plain.UnitDefinition'>)
04:14:05.428 | WARNING | pint.util - Redefining '%' (<class 'pint.delegates.txt_defparser.plain.UnitDefinition'>)
04:14:05.429 | WARNING | pint.util - Redefining 'year' (<class 'pint.delegates.txt_defparser.plain.UnitDefinition'>)
04:14:05.429 | WARNING | pint.util - Redefining 'yr' (<class 'pint.delegates.txt_defparser.plain.UnitDefinition'>)
04:14:05.428 | WARNING | pint.util - Redefining 'percent' (<class 'pint.delegates.txt_defparser.plain.UnitDefinition'>)
04:14:05.429 | WARNING | pint.util - Redefining 'C' (<class 'pint.delegates.txt_defparser.plain.UnitDefinition'>)
04:14:05.430 | WARNING | pint.util - Redefining '%' (<class 'pint.delegates.txt_defparser.plain.UnitDefinition'>)
04:14:05.430 | WARNING | pint.util - Redefining 'd' (<class 'pint.delegates.txt_defparser.plain.UnitDefinition'>)
04:14:05.430 | WARNING | pint.util - Redefining 'h' (<class 'pint.delegates.txt_defparser.plain.UnitDefinition'>)
04:14:05.430 | WARNING | pint.util - Redefining 'year' (<class 'pint.delegates.txt_defparser.plain.UnitDefinition'>)
04:14:05.430 | WARNING | pint.util - Redefining 'yr' (<class 'pint.delegates.txt_defparser.plain.UnitDefinition'>)
04:14:05.431 | WARNING | pint.util - Redefining 'degrees_north' (<class 'pint.delegates.txt_defparser.plain.UnitDefinition'>)
04:14:05.431 | WARNING | pint.util - Redefining 'C' (<class 'pint.delegates.txt_defparser.plain.UnitDefinition'>)
04:14:05.431 | WARNING | pint.util - Redefining 'degrees_east' (<class 'pint.delegates.txt_defparser.plain.UnitDefinition'>)
04:14:05.431 | WARNING | pint.util - Redefining 'd' (<class 'pint.delegates.txt_defparser.plain.UnitDefinition'>)
04:14:05.431 | WARNING | pint.util - Redefining 'degrees' (<class 'pint.delegates.txt_defparser.plain.UnitDefinition'>)
04:14:05.432 | WARNING | pint.util - Redefining 'h' (<class 'pint.delegates.txt_defparser.plain.UnitDefinition'>)
04:14:05.432 | WARNING | pint.util - Redefining '[speed]' (<class 'pint.delegates.txt_defparser.plain.DerivedDimensionDefinition'>)
04:14:05.432 | WARNING | pint.util - Redefining 'degrees_north' (<class 'pint.delegates.txt_defparser.plain.UnitDefinition'>)
04:14:05.432 | WARNING | pint.util - Redefining 'degrees_east' (<class 'pint.delegates.txt_defparser.plain.UnitDefinition'>)
04:14:05.433 | WARNING | pint.util - Redefining 'degrees' (<class 'pint.delegates.txt_defparser.plain.UnitDefinition'>)
04:14:05.433 | WARNING | pint.util - Redefining '[speed]' (<class 'pint.delegates.txt_defparser.plain.DerivedDimensionDefinition'>)
[03/13/26 04:14:05] WARNING  Import(s) unavailable to set up matplotlib support...skipping this portion of the setup.                                                                                                                    logging.py:10
[03/13/26 04:14:05] WARNING  Import(s) unavailable to set up matplotlib support...skipping this portion of the setup.                                                                                                                    logging.py:10
04:14:05.447 | WARNING | pint.util - Redefining 'percent' (<class 'pint.delegates.txt_defparser.plain.UnitDefinition'>)
04:14:05.449 | WARNING | pint.util - Redefining '%' (<class 'pint.delegates.txt_defparser.plain.UnitDefinition'>)
04:14:05.450 | WARNING | pint.util - Redefining 'year' (<class 'pint.delegates.txt_defparser.plain.UnitDefinition'>)
04:14:05.450 | WARNING | pint.util - Redefining 'yr' (<class 'pint.delegates.txt_defparser.plain.UnitDefinition'>)
04:14:05.451 | WARNING | pint.util - Redefining 'C' (<class 'pint.delegates.txt_defparser.plain.UnitDefinition'>)
04:14:05.451 | WARNING | pint.util - Redefining 'd' (<class 'pint.delegates.txt_defparser.plain.UnitDefinition'>)
04:14:05.452 | WARNING | pint.util - Redefining 'h' (<class 'pint.delegates.txt_defparser.plain.UnitDefinition'>)
04:14:05.452 | WARNING | pint.util - Redefining 'degrees_north' (<class 'pint.delegates.txt_defparser.plain.UnitDefinition'>)
04:14:05.452 | WARNING | pint.util - Redefining 'degrees_east' (<class 'pint.delegates.txt_defparser.plain.UnitDefinition'>)
04:14:05.453 | WARNING | pint.util - Redefining 'degrees' (<class 'pint.delegates.txt_defparser.plain.UnitDefinition'>)
04:14:05.453 | WARNING | pint.util - Redefining '[speed]' (<class 'pint.delegates.txt_defparser.plain.DerivedDimensionDefinition'>)
[03/13/26 04:14:05] WARNING  Import(s) unavailable to set up matplotlib support...skipping this portion of the setup.                                                                                                                    logging.py:10
04:14:05.460 | WARNING | pint.util - Redefining 'percent' (<class 'pint.delegates.txt_defparser.plain.UnitDefinition'>)
04:14:05.462 | WARNING | pint.util - Redefining '%' (<class 'pint.delegates.txt_defparser.plain.UnitDefinition'>)
04:14:05.462 | WARNING | pint.util - Redefining 'year' (<class 'pint.delegates.txt_defparser.plain.UnitDefinition'>)
04:14:05.463 | WARNING | pint.util - Redefining 'yr' (<class 'pint.delegates.txt_defparser.plain.UnitDefinition'>)
04:14:05.463 | WARNING | pint.util - Redefining 'C' (<class 'pint.delegates.txt_defparser.plain.UnitDefinition'>)
04:14:05.463 | WARNING | pint.util - Redefining 'd' (<class 'pint.delegates.txt_defparser.plain.UnitDefinition'>)
04:14:05.464 | WARNING | pint.util - Redefining 'h' (<class 'pint.delegates.txt_defparser.plain.UnitDefinition'>)
04:14:05.464 | WARNING | pint.util - Redefining 'degrees_north' (<class 'pint.delegates.txt_defparser.plain.UnitDefinition'>)
04:14:05.465 | WARNING | pint.util - Redefining 'degrees_east' (<class 'pint.delegates.txt_defparser.plain.UnitDefinition'>)
04:14:05.465 | WARNING | pint.util - Redefining 'degrees' (<class 'pint.delegates.txt_defparser.plain.UnitDefinition'>)
04:14:05.465 | WARNING | pint.util - Redefining '[speed]' (<class 'pint.delegates.txt_defparser.plain.DerivedDimensionDefinition'>)
[03/13/26 04:14:05] WARNING  Import(s) unavailable to set up matplotlib support...skipping this portion of the setup.                                                                                                                    logging.py:10
04:14:05.627 | WARNING | pint.util - Redefining 'percent' (<class 'pint.delegates.txt_defparser.plain.UnitDefinition'>)
04:14:05.629 | WARNING | pint.util - Redefining '%' (<class 'pint.delegates.txt_defparser.plain.UnitDefinition'>)
04:14:05.630 | WARNING | pint.util - Redefining 'year' (<class 'pint.delegates.txt_defparser.plain.UnitDefinition'>)
04:14:05.630 | WARNING | pint.util - Redefining 'yr' (<class 'pint.delegates.txt_defparser.plain.UnitDefinition'>)
04:14:05.631 | WARNING | pint.util - Redefining 'C' (<class 'pint.delegates.txt_defparser.plain.UnitDefinition'>)
04:14:05.631 | WARNING | pint.util - Redefining 'd' (<class 'pint.delegates.txt_defparser.plain.UnitDefinition'>)
04:14:05.631 | WARNING | pint.util - Redefining 'h' (<class 'pint.delegates.txt_defparser.plain.UnitDefinition'>)
04:14:05.632 | WARNING | pint.util - Redefining 'degrees_north' (<class 'pint.delegates.txt_defparser.plain.UnitDefinition'>)
04:14:05.632 | WARNING | pint.util - Redefining 'degrees_east' (<class 'pint.delegates.txt_defparser.plain.UnitDefinition'>)
04:14:05.633 | WARNING | pint.util - Redefining 'degrees' (<class 'pint.delegates.txt_defparser.plain.UnitDefinition'>)
04:14:05.633 | WARNING | pint.util - Redefining '[speed]' (<class 'pint.delegates.txt_defparser.plain.DerivedDimensionDefinition'>)
[03/13/26 04:14:05] WARNING  Import(s) unavailable to set up matplotlib support...skipping this portion of the setup.                                                                                                                    logging.py:10
04:14:05.655 | WARNING | pint.util - Redefining 'percent' (<class 'pint.delegates.txt_defparser.plain.UnitDefinition'>)
04:14:05.657 | WARNING | pint.util - Redefining '%' (<class 'pint.delegates.txt_defparser.plain.UnitDefinition'>)
04:14:05.657 | WARNING | pint.util - Redefining 'year' (<class 'pint.delegates.txt_defparser.plain.UnitDefinition'>)
04:14:05.658 | WARNING | pint.util - Redefining 'yr' (<class 'pint.delegates.txt_defparser.plain.UnitDefinition'>)
04:14:05.658 | WARNING | pint.util - Redefining 'C' (<class 'pint.delegates.txt_defparser.plain.UnitDefinition'>)
04:14:05.658 | WARNING | pint.util - Redefining 'd' (<class 'pint.delegates.txt_defparser.plain.UnitDefinition'>)
04:14:05.659 | WARNING | pint.util - Redefining 'h' (<class 'pint.delegates.txt_defparser.plain.UnitDefinition'>)
04:14:05.659 | WARNING | pint.util - Redefining 'degrees_north' (<class 'pint.delegates.txt_defparser.plain.UnitDefinition'>)
04:14:05.660 | WARNING | pint.util - Redefining 'degrees_east' (<class 'pint.delegates.txt_defparser.plain.UnitDefinition'>)
04:14:05.660 | WARNING | pint.util - Redefining 'degrees' (<class 'pint.delegates.txt_defparser.plain.UnitDefinition'>)
04:14:05.660 | WARNING | pint.util - Redefining '[speed]' (<class 'pint.delegates.txt_defparser.plain.DerivedDimensionDefinition'>)
[03/13/26 04:14:05] WARNING  Import(s) unavailable to set up matplotlib support...skipping this portion of the setup.                                                                                                                    logging.py:10
04:14:05.769 | WARNING | pint.util - Redefining 'percent' (<class 'pint.delegates.txt_defparser.plain.UnitDefinition'>)
04:14:05.771 | WARNING | pint.util - Redefining '%' (<class 'pint.delegates.txt_defparser.plain.UnitDefinition'>)
04:14:05.772 | WARNING | pint.util - Redefining 'year' (<class 'pint.delegates.txt_defparser.plain.UnitDefinition'>)
04:14:05.772 | WARNING | pint.util - Redefining 'yr' (<class 'pint.delegates.txt_defparser.plain.UnitDefinition'>)
04:14:05.772 | WARNING | pint.util - Redefining 'C' (<class 'pint.delegates.txt_defparser.plain.UnitDefinition'>)
04:14:05.773 | WARNING | pint.util - Redefining 'd' (<class 'pint.delegates.txt_defparser.plain.UnitDefinition'>)
04:14:05.773 | WARNING | pint.util - Redefining 'h' (<class 'pint.delegates.txt_defparser.plain.UnitDefinition'>)
04:14:05.773 | WARNING | pint.util - Redefining 'degrees_north' (<class 'pint.delegates.txt_defparser.plain.UnitDefinition'>)
04:14:05.774 | WARNING | pint.util - Redefining 'degrees_east' (<class 'pint.delegates.txt_defparser.plain.UnitDefinition'>)
04:14:05.774 | WARNING | pint.util - Redefining 'degrees' (<class 'pint.delegates.txt_defparser.plain.UnitDefinition'>)
04:14:05.775 | WARNING | pint.util - Redefining '[speed]' (<class 'pint.delegates.txt_defparser.plain.DerivedDimensionDefinition'>)
[03/13/26 04:14:05] WARNING  Import(s) unavailable to set up matplotlib support...skipping this portion of the setup.                                                                                                                    logging.py:10
04:14:05.788 | WARNING | pint.util - Redefining 'percent' (<class 'pint.delegates.txt_defparser.plain.UnitDefinition'>)
04:14:05.790 | WARNING | pint.util - Redefining '%' (<class 'pint.delegates.txt_defparser.plain.UnitDefinition'>)
04:14:05.790 | WARNING | pint.util - Redefining 'year' (<class 'pint.delegates.txt_defparser.plain.UnitDefinition'>)
04:14:05.791 | WARNING | pint.util - Redefining 'yr' (<class 'pint.delegates.txt_defparser.plain.UnitDefinition'>)
04:14:05.791 | WARNING | pint.util - Redefining 'C' (<class 'pint.delegates.txt_defparser.plain.UnitDefinition'>)
04:14:05.791 | WARNING | pint.util - Redefining 'd' (<class 'pint.delegates.txt_defparser.plain.UnitDefinition'>)
04:14:05.792 | WARNING | pint.util - Redefining 'h' (<class 'pint.delegates.txt_defparser.plain.UnitDefinition'>)
04:14:05.792 | WARNING | pint.util - Redefining 'degrees_north' (<class 'pint.delegates.txt_defparser.plain.UnitDefinition'>)
04:14:05.793 | WARNING | pint.util - Redefining 'degrees_east' (<class 'pint.delegates.txt_defparser.plain.UnitDefinition'>)
04:14:05.793 | WARNING | pint.util - Redefining 'degrees' (<class 'pint.delegates.txt_defparser.plain.UnitDefinition'>)
04:14:05.794 | WARNING | pint.util - Redefining '[speed]' (<class 'pint.delegates.txt_defparser.plain.DerivedDimensionDefinition'>)
[03/13/26 04:14:05] WARNING  Import(s) unavailable to set up matplotlib support...skipping this portion of the setup.                                                                                                                    logging.py:10
2026-03-13 04:14:05,839 - distributed.nanny - WARNING - Worker process still alive after 4.0 seconds, killing
2026-03-13 04:14:05,844 - distributed.nanny - WARNING - Worker process still alive after 4.0 seconds, killing
2026-03-13 04:14:05,844 - distributed.nanny - WARNING - Worker process still alive after 4.0 seconds, killing
2026-03-13 04:14:05,844 - distributed.nanny - WARNING - Worker process still alive after 4.0 seconds, killing
04:14:05.932 | WARNING | pint.util - Redefining 'percent' (<class 'pint.delegates.txt_defparser.plain.UnitDefinition'>)
04:14:05.934 | WARNING | pint.util - Redefining '%' (<class 'pint.delegates.txt_defparser.plain.UnitDefinition'>)
04:14:05.934 | WARNING | pint.util - Redefining 'year' (<class 'pint.delegates.txt_defparser.plain.UnitDefinition'>)
04:14:05.935 | WARNING | pint.util - Redefining 'yr' (<class 'pint.delegates.txt_defparser.plain.UnitDefinition'>)
04:14:05.935 | WARNING | pint.util - Redefining 'C' (<class 'pint.delegates.txt_defparser.plain.UnitDefinition'>)
04:14:05.935 | WARNING | pint.util - Redefining 'd' (<class 'pint.delegates.txt_defparser.plain.UnitDefinition'>)
04:14:05.936 | WARNING | pint.util - Redefining 'h' (<class 'pint.delegates.txt_defparser.plain.UnitDefinition'>)
04:14:05.936 | WARNING | pint.util - Redefining 'degrees_north' (<class 'pint.delegates.txt_defparser.plain.UnitDefinition'>)
04:14:05.937 | WARNING | pint.util - Redefining 'degrees_east' (<class 'pint.delegates.txt_defparser.plain.UnitDefinition'>)
04:14:05.937 | WARNING | pint.util - Redefining 'degrees' (<class 'pint.delegates.txt_defparser.plain.UnitDefinition'>)
04:14:05.937 | WARNING | pint.util - Redefining '[speed]' (<class 'pint.delegates.txt_defparser.plain.DerivedDimensionDefinition'>)
[03/13/26 04:14:05] WARNING  Import(s) unavailable to set up matplotlib support...skipping this portion of the setup.                                                                                                                    logging.py:10
04:14:06.117 | WARNING | pint.util - Redefining 'percent' (<class 'pint.delegates.txt_defparser.plain.UnitDefinition'>)
04:14:06.119 | WARNING | pint.util - Redefining '%' (<class 'pint.delegates.txt_defparser.plain.UnitDefinition'>)
04:14:06.120 | WARNING | pint.util - Redefining 'year' (<class 'pint.delegates.txt_defparser.plain.UnitDefinition'>)
04:14:06.120 | WARNING | pint.util - Redefining 'yr' (<class 'pint.delegates.txt_defparser.plain.UnitDefinition'>)
04:14:06.120 | WARNING | pint.util - Redefining 'C' (<class 'pint.delegates.txt_defparser.plain.UnitDefinition'>)
04:14:06.121 | WARNING | pint.util - Redefining 'd' (<class 'pint.delegates.txt_defparser.plain.UnitDefinition'>)
04:14:06.121 | WARNING | pint.util - Redefining 'h' (<class 'pint.delegates.txt_defparser.plain.UnitDefinition'>)
04:14:06.121 | WARNING | pint.util - Redefining 'degrees_north' (<class 'pint.delegates.txt_defparser.plain.UnitDefinition'>)
04:14:06.122 | WARNING | pint.util - Redefining 'degrees_east' (<class 'pint.delegates.txt_defparser.plain.UnitDefinition'>)
04:14:06.122 | WARNING | pint.util - Redefining 'degrees' (<class 'pint.delegates.txt_defparser.plain.UnitDefinition'>)
04:14:06.123 | WARNING | pint.util - Redefining '[speed]' (<class 'pint.delegates.txt_defparser.plain.DerivedDimensionDefinition'>)
[03/13/26 04:14:06] WARNING  Import(s) unavailable to set up matplotlib support...skipping this portion of the setup.                                                                                                                    logging.py:10
2026-03-13 04:14:14,839 - distributed.client - ERROR - 
Traceback (most recent call last):
  File "/work/ab0246/a270092/software/miniforge3/envs/pycmor_env/lib/python3.9/site-packages/distributed/utils.py", line 837, in wrapper
    return await func(*args, **kwargs)
  File "/work/ab0246/a270092/software/miniforge3/envs/pycmor_env/lib/python3.9/site-packages/distributed/client.py", line 1949, in _close
    await self.cluster.close()
  File "/work/ab0246/a270092/software/miniforge3/envs/pycmor_env/lib/python3.9/site-packages/distributed/deploy/spec.py", line 434, in _close
    await asyncio.sleep(0.1)
  File "/work/ab0246/a270092/software/miniforge3/envs/pycmor_env/lib/python3.9/asyncio/tasks.py", line 652, in sleep
    return await future
asyncio.exceptions.CancelledError
Exception ignored in: <function Client.__del__ at 0x7f1d1eb3b670>
Traceback (most recent call last):
  File "/work/ab0246/a270092/software/miniforge3/envs/pycmor_env/lib/python3.9/site-packages/distributed/client.py", line 1747, in __del__
  File "/work/ab0246/a270092/software/miniforge3/envs/pycmor_env/lib/python3.9/site-packages/distributed/client.py", line 2002, in close
  File "/work/ab0246/a270092/software/miniforge3/envs/pycmor_env/lib/python3.9/site-packages/distributed/utils.py", line 433, in sync
asyncio.exceptions.TimeoutError: timed out after 60 s.
