04:04:02.776 | WARNING | pint.util - Redefining 'percent' (<class 'pint.delegates.txt_defparser.plain.UnitDefinition'>)
04:04:02.778 | WARNING | pint.util - Redefining '%' (<class 'pint.delegates.txt_defparser.plain.UnitDefinition'>)
04:04:02.779 | WARNING | pint.util - Redefining 'year' (<class 'pint.delegates.txt_defparser.plain.UnitDefinition'>)
04:04:02.779 | WARNING | pint.util - Redefining 'yr' (<class 'pint.delegates.txt_defparser.plain.UnitDefinition'>)
04:04:02.780 | WARNING | pint.util - Redefining 'C' (<class 'pint.delegates.txt_defparser.plain.UnitDefinition'>)
04:04:02.780 | WARNING | pint.util - Redefining 'd' (<class 'pint.delegates.txt_defparser.plain.UnitDefinition'>)
04:04:02.781 | WARNING | pint.util - Redefining 'h' (<class 'pint.delegates.txt_defparser.plain.UnitDefinition'>)
04:04:02.781 | WARNING | pint.util - Redefining 'degrees_north' (<class 'pint.delegates.txt_defparser.plain.UnitDefinition'>)
04:04:02.781 | WARNING | pint.util - Redefining 'degrees_east' (<class 'pint.delegates.txt_defparser.plain.UnitDefinition'>)
04:04:02.782 | WARNING | pint.util - Redefining 'degrees' (<class 'pint.delegates.txt_defparser.plain.UnitDefinition'>)
04:04:02.782 | WARNING | pint.util - Redefining '[speed]' (<class 'pint.delegates.txt_defparser.plain.DerivedDimensionDefinition'>)
[03/13/26 04:04:02] WARNING  Import(s) unavailable to set up matplotlib support...skipping this portion of the setup.                                                                                                                    logging.py:10
Command line: "/work/ab0246/a270092/software/miniforge3/envs/pycmor_env/bin/pycmor --verbose process cmorize_sst.yaml"
pycmor version 1.0.2+21.ge41f007.dirty
Run started at 2026-03-13 04:04:03
Processing cmorize_sst.yaml
################################################################################
---------------------
General Configuration
---------------------
CMIP_Tables_Dir: /work/ab0246/a270092/software/pycmor/src/pycmor/data/cmip7
CV_Dir: /work/ab0246/a270077/SciComp/Projects/pycmor/cmip6-cmor-tables/CMIP6_CVs
cmor_version: CMIP7
description: CMIP7 CMORization of SST for AWI-ESM3-VEG-LR piControl experiment
email: jan.streffing@awi.de
maintainer: Jan Streffing
mip: CMIP
name: AWI-ESM3-VEG-LR PI Control SST

--------------------
PyCMOR Configuration:
--------------------
DASK_CLUSTER: local
DASK_CLUSTER_SCALING_FIXED_JOBS: '5'
DASK_CLUSTER_SCALING_MAXIMUM_JOBS: '10'
DASK_CLUSTER_SCALING_MINIMUM_JOBS: '1'
DASK_CLUSTER_SCALING_MODE: adapt
DIMENSIONLESS_MAPPING_TABLE: /work/ab0246/a270092/software/pycmor/src/pycmor/data/dimensionless_mappings.yaml
ENABLE_DASK: 'False'
ENABLE_FLOX: 'yes'
ENABLE_OUTPUT_SUBDIRS: 'no'
FILE_TIMESPAN: 1YS
PARALLEL: 'False'
PARALLEL_BACKEND: dask
PIPELINE_WORKFLOW_ORCHESTRATOR: native
PREFECT_TASK_RUNNER: thread_pool
QUIET: 'False'
RAISE_ON_NO_RULE: 'no'
WARN_ON_NO_RULE: 'False'
XARRAY_DEFAULT_MISSING_VALUE: 1e+30
XARRAY_OPEN_MFDATASET_ENGINE: netcdf4
XARRAY_OPEN_MFDATASET_PARALLEL: 'yes'
XARRAY_SKIP_UNIT_ATTR_FROM_DRV: 'yes'
XARRAY_TIME_DTYPE: float64
XARRAY_TIME_ENABLE_SET_AXIS: 'yes'
XARRAY_TIME_REMOVE_FILL_VALUE_ATTR: 'yes'
XARRAY_TIME_SET_LONG_NAME: 'yes'
XARRAY_TIME_SET_STANDARD_NAME: 'yes'
XARRAY_TIME_TAXIS_STR: T
XARRAY_TIME_UNLIMITED: 'yes'

################################################################################
Setting Dask cluster cluster=None in context!
Removing Dask cluster from context!
...post-init done!
Importing module 'pycmor.core.gather_inputs' to get callable 'load_mfdataset'
Importing module 'pycmor.std_lib' to get callable 'get_variable'
Importing module 'pycmor.std_lib' to get callable 'time_average'
Importing module 'pycmor.std_lib' to get callable 'convert_units'
Importing module 'pycmor.std_lib.setgrid' to get callable 'setgrid'
Importing module 'pycmor.std_lib' to get callable 'set_global_attributes'
Importing module 'pycmor.std_lib' to get callable 'trigger_compute'
Importing module 'pycmor.std_lib.files' to get callable 'save_dataset'
Setting Dask cluster cluster=None in context!
Removing Dask cluster from context!
Object creation done!
04:04:09.351 | WARNING | pint.util - Redefining 'percent' (<class 'pint.delegates.txt_defparser.plain.UnitDefinition'>)
04:04:09.353 | WARNING | pint.util - Redefining '%' (<class 'pint.delegates.txt_defparser.plain.UnitDefinition'>)
04:04:09.354 | WARNING | pint.util - Redefining 'year' (<class 'pint.delegates.txt_defparser.plain.UnitDefinition'>)
04:04:09.354 | WARNING | pint.util - Redefining 'yr' (<class 'pint.delegates.txt_defparser.plain.UnitDefinition'>)
04:04:09.354 | WARNING | pint.util - Redefining 'C' (<class 'pint.delegates.txt_defparser.plain.UnitDefinition'>)
04:04:09.355 | WARNING | pint.util - Redefining 'd' (<class 'pint.delegates.txt_defparser.plain.UnitDefinition'>)
04:04:09.355 | WARNING | pint.util - Redefining 'h' (<class 'pint.delegates.txt_defparser.plain.UnitDefinition'>)
04:04:09.355 | WARNING | pint.util - Redefining 'degrees_north' (<class 'pint.delegates.txt_defparser.plain.UnitDefinition'>)
04:04:09.356 | WARNING | pint.util - Redefining 'degrees_east' (<class 'pint.delegates.txt_defparser.plain.UnitDefinition'>)
04:04:09.356 | WARNING | pint.util - Redefining 'degrees' (<class 'pint.delegates.txt_defparser.plain.UnitDefinition'>)
04:04:09.357 | WARNING | pint.util - Redefining '[speed]' (<class 'pint.delegates.txt_defparser.plain.DerivedDimensionDefinition'>)
04:04:09.356 | WARNING | pint.util - Redefining 'percent' (<class 'pint.delegates.txt_defparser.plain.UnitDefinition'>)
04:04:09.359 | WARNING | pint.util - Redefining '%' (<class 'pint.delegates.txt_defparser.plain.UnitDefinition'>)
04:04:09.359 | WARNING | pint.util - Redefining 'year' (<class 'pint.delegates.txt_defparser.plain.UnitDefinition'>)
04:04:09.360 | WARNING | pint.util - Redefining 'yr' (<class 'pint.delegates.txt_defparser.plain.UnitDefinition'>)
04:04:09.360 | WARNING | pint.util - Redefining 'C' (<class 'pint.delegates.txt_defparser.plain.UnitDefinition'>)
04:04:09.360 | WARNING | pint.util - Redefining 'd' (<class 'pint.delegates.txt_defparser.plain.UnitDefinition'>)
04:04:09.361 | WARNING | pint.util - Redefining 'h' (<class 'pint.delegates.txt_defparser.plain.UnitDefinition'>)
04:04:09.361 | WARNING | pint.util - Redefining 'degrees_north' (<class 'pint.delegates.txt_defparser.plain.UnitDefinition'>)
04:04:09.362 | WARNING | pint.util - Redefining 'degrees_east' (<class 'pint.delegates.txt_defparser.plain.UnitDefinition'>)
[03/13/26 04:04:09] WARNING  Import(s) unavailable to set up matplotlib support...skipping this portion of the setup.                                                                                                                    logging.py:10
04:04:09.362 | WARNING | pint.util - Redefining 'degrees' (<class 'pint.delegates.txt_defparser.plain.UnitDefinition'>)
04:04:09.363 | WARNING | pint.util - Redefining '[speed]' (<class 'pint.delegates.txt_defparser.plain.DerivedDimensionDefinition'>)
[03/13/26 04:04:09] WARNING  Import(s) unavailable to set up matplotlib support...skipping this portion of the setup.                                                                                                                    logging.py:10
04:04:09.448 | WARNING | pint.util - Redefining 'percent' (<class 'pint.delegates.txt_defparser.plain.UnitDefinition'>)
04:04:09.450 | WARNING | pint.util - Redefining '%' (<class 'pint.delegates.txt_defparser.plain.UnitDefinition'>)
04:04:09.451 | WARNING | pint.util - Redefining 'year' (<class 'pint.delegates.txt_defparser.plain.UnitDefinition'>)
04:04:09.451 | WARNING | pint.util - Redefining 'yr' (<class 'pint.delegates.txt_defparser.plain.UnitDefinition'>)
04:04:09.452 | WARNING | pint.util - Redefining 'C' (<class 'pint.delegates.txt_defparser.plain.UnitDefinition'>)
04:04:09.452 | WARNING | pint.util - Redefining 'd' (<class 'pint.delegates.txt_defparser.plain.UnitDefinition'>)
04:04:09.452 | WARNING | pint.util - Redefining 'h' (<class 'pint.delegates.txt_defparser.plain.UnitDefinition'>)
04:04:09.453 | WARNING | pint.util - Redefining 'degrees_north' (<class 'pint.delegates.txt_defparser.plain.UnitDefinition'>)
04:04:09.453 | WARNING | pint.util - Redefining 'degrees_east' (<class 'pint.delegates.txt_defparser.plain.UnitDefinition'>)
04:04:09.451 | WARNING | pint.util - Redefining 'percent' (<class 'pint.delegates.txt_defparser.plain.UnitDefinition'>)
04:04:09.452 | WARNING | pint.util - Redefining 'percent' (<class 'pint.delegates.txt_defparser.plain.UnitDefinition'>)
04:04:09.453 | WARNING | pint.util - Redefining '%' (<class 'pint.delegates.txt_defparser.plain.UnitDefinition'>)
04:04:09.454 | WARNING | pint.util - Redefining 'degrees' (<class 'pint.delegates.txt_defparser.plain.UnitDefinition'>)
04:04:09.454 | WARNING | pint.util - Redefining '%' (<class 'pint.delegates.txt_defparser.plain.UnitDefinition'>)
04:04:09.454 | WARNING | pint.util - Redefining '[speed]' (<class 'pint.delegates.txt_defparser.plain.DerivedDimensionDefinition'>)
04:04:09.454 | WARNING | pint.util - Redefining 'year' (<class 'pint.delegates.txt_defparser.plain.UnitDefinition'>)
04:04:09.454 | WARNING | pint.util - Redefining 'year' (<class 'pint.delegates.txt_defparser.plain.UnitDefinition'>)
04:04:09.454 | WARNING | pint.util - Redefining 'yr' (<class 'pint.delegates.txt_defparser.plain.UnitDefinition'>)
04:04:09.455 | WARNING | pint.util - Redefining 'yr' (<class 'pint.delegates.txt_defparser.plain.UnitDefinition'>)
04:04:09.455 | WARNING | pint.util - Redefining 'C' (<class 'pint.delegates.txt_defparser.plain.UnitDefinition'>)
04:04:09.455 | WARNING | pint.util - Redefining 'C' (<class 'pint.delegates.txt_defparser.plain.UnitDefinition'>)
04:04:09.455 | WARNING | pint.util - Redefining 'd' (<class 'pint.delegates.txt_defparser.plain.UnitDefinition'>)
04:04:09.455 | WARNING | pint.util - Redefining 'd' (<class 'pint.delegates.txt_defparser.plain.UnitDefinition'>)
04:04:09.456 | WARNING | pint.util - Redefining 'h' (<class 'pint.delegates.txt_defparser.plain.UnitDefinition'>)
04:04:09.456 | WARNING | pint.util - Redefining 'h' (<class 'pint.delegates.txt_defparser.plain.UnitDefinition'>)
04:04:09.456 | WARNING | pint.util - Redefining 'degrees_north' (<class 'pint.delegates.txt_defparser.plain.UnitDefinition'>)
04:04:09.456 | WARNING | pint.util - Redefining 'degrees_north' (<class 'pint.delegates.txt_defparser.plain.UnitDefinition'>)
04:04:09.456 | WARNING | pint.util - Redefining 'degrees_east' (<class 'pint.delegates.txt_defparser.plain.UnitDefinition'>)
04:04:09.457 | WARNING | pint.util - Redefining 'degrees_east' (<class 'pint.delegates.txt_defparser.plain.UnitDefinition'>)
04:04:09.457 | WARNING | pint.util - Redefining 'degrees' (<class 'pint.delegates.txt_defparser.plain.UnitDefinition'>)
04:04:09.457 | WARNING | pint.util - Redefining 'degrees' (<class 'pint.delegates.txt_defparser.plain.UnitDefinition'>)
04:04:09.457 | WARNING | pint.util - Redefining '[speed]' (<class 'pint.delegates.txt_defparser.plain.DerivedDimensionDefinition'>)
04:04:09.458 | WARNING | pint.util - Redefining '[speed]' (<class 'pint.delegates.txt_defparser.plain.DerivedDimensionDefinition'>)
[03/13/26 04:04:09] WARNING  Import(s) unavailable to set up matplotlib support...skipping this portion of the setup.                                                                                                                    logging.py:10
[03/13/26 04:04:09] WARNING  Import(s) unavailable to set up matplotlib support...skipping this portion of the setup.                                                                                                                    logging.py:10
[03/13/26 04:04:09] WARNING  Import(s) unavailable to set up matplotlib support...skipping this portion of the setup.                                                                                                                    logging.py:10
04:04:09.466 | WARNING | pint.util - Redefining 'percent' (<class 'pint.delegates.txt_defparser.plain.UnitDefinition'>)
04:04:09.468 | WARNING | pint.util - Redefining '%' (<class 'pint.delegates.txt_defparser.plain.UnitDefinition'>)
04:04:09.469 | WARNING | pint.util - Redefining 'year' (<class 'pint.delegates.txt_defparser.plain.UnitDefinition'>)
04:04:09.469 | WARNING | pint.util - Redefining 'yr' (<class 'pint.delegates.txt_defparser.plain.UnitDefinition'>)
04:04:09.470 | WARNING | pint.util - Redefining 'C' (<class 'pint.delegates.txt_defparser.plain.UnitDefinition'>)
04:04:09.470 | WARNING | pint.util - Redefining 'd' (<class 'pint.delegates.txt_defparser.plain.UnitDefinition'>)
04:04:09.470 | WARNING | pint.util - Redefining 'h' (<class 'pint.delegates.txt_defparser.plain.UnitDefinition'>)
04:04:09.471 | WARNING | pint.util - Redefining 'degrees_north' (<class 'pint.delegates.txt_defparser.plain.UnitDefinition'>)
04:04:09.471 | WARNING | pint.util - Redefining 'degrees_east' (<class 'pint.delegates.txt_defparser.plain.UnitDefinition'>)
04:04:09.472 | WARNING | pint.util - Redefining 'degrees' (<class 'pint.delegates.txt_defparser.plain.UnitDefinition'>)
04:04:09.472 | WARNING | pint.util - Redefining '[speed]' (<class 'pint.delegates.txt_defparser.plain.DerivedDimensionDefinition'>)
[03/13/26 04:04:09] WARNING  Import(s) unavailable to set up matplotlib support...skipping this portion of the setup.                                                                                                                    logging.py:10
04:04:09.490 | WARNING | pint.util - Redefining 'percent' (<class 'pint.delegates.txt_defparser.plain.UnitDefinition'>)
04:04:09.492 | WARNING | pint.util - Redefining '%' (<class 'pint.delegates.txt_defparser.plain.UnitDefinition'>)
04:04:09.493 | WARNING | pint.util - Redefining 'year' (<class 'pint.delegates.txt_defparser.plain.UnitDefinition'>)
04:04:09.493 | WARNING | pint.util - Redefining 'yr' (<class 'pint.delegates.txt_defparser.plain.UnitDefinition'>)
04:04:09.493 | WARNING | pint.util - Redefining 'C' (<class 'pint.delegates.txt_defparser.plain.UnitDefinition'>)
04:04:09.494 | WARNING | pint.util - Redefining 'd' (<class 'pint.delegates.txt_defparser.plain.UnitDefinition'>)
04:04:09.494 | WARNING | pint.util - Redefining 'h' (<class 'pint.delegates.txt_defparser.plain.UnitDefinition'>)
04:04:09.492 | WARNING | pint.util - Redefining 'percent' (<class 'pint.delegates.txt_defparser.plain.UnitDefinition'>)
04:04:09.494 | WARNING | pint.util - Redefining '%' (<class 'pint.delegates.txt_defparser.plain.UnitDefinition'>)
04:04:09.495 | WARNING | pint.util - Redefining 'degrees_north' (<class 'pint.delegates.txt_defparser.plain.UnitDefinition'>)
04:04:09.495 | WARNING | pint.util - Redefining 'degrees_east' (<class 'pint.delegates.txt_defparser.plain.UnitDefinition'>)
04:04:09.495 | WARNING | pint.util - Redefining 'year' (<class 'pint.delegates.txt_defparser.plain.UnitDefinition'>)
04:04:09.495 | WARNING | pint.util - Redefining 'yr' (<class 'pint.delegates.txt_defparser.plain.UnitDefinition'>)
04:04:09.495 | WARNING | pint.util - Redefining 'degrees' (<class 'pint.delegates.txt_defparser.plain.UnitDefinition'>)
04:04:09.496 | WARNING | pint.util - Redefining 'C' (<class 'pint.delegates.txt_defparser.plain.UnitDefinition'>)
04:04:09.496 | WARNING | pint.util - Redefining '[speed]' (<class 'pint.delegates.txt_defparser.plain.DerivedDimensionDefinition'>)
04:04:09.496 | WARNING | pint.util - Redefining 'd' (<class 'pint.delegates.txt_defparser.plain.UnitDefinition'>)
04:04:09.497 | WARNING | pint.util - Redefining 'h' (<class 'pint.delegates.txt_defparser.plain.UnitDefinition'>)
04:04:09.497 | WARNING | pint.util - Redefining 'degrees_north' (<class 'pint.delegates.txt_defparser.plain.UnitDefinition'>)
04:04:09.497 | WARNING | pint.util - Redefining 'degrees_east' (<class 'pint.delegates.txt_defparser.plain.UnitDefinition'>)
04:04:09.498 | WARNING | pint.util - Redefining 'degrees' (<class 'pint.delegates.txt_defparser.plain.UnitDefinition'>)
04:04:09.498 | WARNING | pint.util - Redefining '[speed]' (<class 'pint.delegates.txt_defparser.plain.DerivedDimensionDefinition'>)
[03/13/26 04:04:09] WARNING  Import(s) unavailable to set up matplotlib support...skipping this portion of the setup.                                                                                                                    logging.py:10
[03/13/26 04:04:09] WARNING  Import(s) unavailable to set up matplotlib support...skipping this portion of the setup.                                                                                                                    logging.py:10
04:04:09.520 | WARNING | pint.util - Redefining 'percent' (<class 'pint.delegates.txt_defparser.plain.UnitDefinition'>)
04:04:09.523 | WARNING | pint.util - Redefining '%' (<class 'pint.delegates.txt_defparser.plain.UnitDefinition'>)
04:04:09.523 | WARNING | pint.util - Redefining 'year' (<class 'pint.delegates.txt_defparser.plain.UnitDefinition'>)
04:04:09.524 | WARNING | pint.util - Redefining 'yr' (<class 'pint.delegates.txt_defparser.plain.UnitDefinition'>)
04:04:09.524 | WARNING | pint.util - Redefining 'C' (<class 'pint.delegates.txt_defparser.plain.UnitDefinition'>)
04:04:09.524 | WARNING | pint.util - Redefining 'd' (<class 'pint.delegates.txt_defparser.plain.UnitDefinition'>)
04:04:09.525 | WARNING | pint.util - Redefining 'h' (<class 'pint.delegates.txt_defparser.plain.UnitDefinition'>)
04:04:09.525 | WARNING | pint.util - Redefining 'degrees_north' (<class 'pint.delegates.txt_defparser.plain.UnitDefinition'>)
04:04:09.526 | WARNING | pint.util - Redefining 'degrees_east' (<class 'pint.delegates.txt_defparser.plain.UnitDefinition'>)
04:04:09.526 | WARNING | pint.util - Redefining 'degrees' (<class 'pint.delegates.txt_defparser.plain.UnitDefinition'>)
04:04:09.526 | WARNING | pint.util - Redefining '[speed]' (<class 'pint.delegates.txt_defparser.plain.DerivedDimensionDefinition'>)
[03/13/26 04:04:09] WARNING  Import(s) unavailable to set up matplotlib support...skipping this portion of the setup.                                                                                                                    logging.py:10
04:04:09.541 | WARNING | pint.util - Redefining 'percent' (<class 'pint.delegates.txt_defparser.plain.UnitDefinition'>)
04:04:09.543 | WARNING | pint.util - Redefining '%' (<class 'pint.delegates.txt_defparser.plain.UnitDefinition'>)
04:04:09.544 | WARNING | pint.util - Redefining 'year' (<class 'pint.delegates.txt_defparser.plain.UnitDefinition'>)
04:04:09.544 | WARNING | pint.util - Redefining 'yr' (<class 'pint.delegates.txt_defparser.plain.UnitDefinition'>)
04:04:09.545 | WARNING | pint.util - Redefining 'C' (<class 'pint.delegates.txt_defparser.plain.UnitDefinition'>)
04:04:09.545 | WARNING | pint.util - Redefining 'd' (<class 'pint.delegates.txt_defparser.plain.UnitDefinition'>)
04:04:09.546 | WARNING | pint.util - Redefining 'h' (<class 'pint.delegates.txt_defparser.plain.UnitDefinition'>)
04:04:09.546 | WARNING | pint.util - Redefining 'degrees_north' (<class 'pint.delegates.txt_defparser.plain.UnitDefinition'>)
04:04:09.546 | WARNING | pint.util - Redefining 'degrees_east' (<class 'pint.delegates.txt_defparser.plain.UnitDefinition'>)
04:04:09.547 | WARNING | pint.util - Redefining 'degrees' (<class 'pint.delegates.txt_defparser.plain.UnitDefinition'>)
04:04:09.547 | WARNING | pint.util - Redefining '[speed]' (<class 'pint.delegates.txt_defparser.plain.DerivedDimensionDefinition'>)
04:04:09.547 | WARNING | pint.util - Redefining 'percent' (<class 'pint.delegates.txt_defparser.plain.UnitDefinition'>)
04:04:09.548 | WARNING | pint.util - Redefining '%' (<class 'pint.delegates.txt_defparser.plain.UnitDefinition'>)
04:04:09.549 | WARNING | pint.util - Redefining 'year' (<class 'pint.delegates.txt_defparser.plain.UnitDefinition'>)
04:04:09.549 | WARNING | pint.util - Redefining 'yr' (<class 'pint.delegates.txt_defparser.plain.UnitDefinition'>)
04:04:09.550 | WARNING | pint.util - Redefining 'C' (<class 'pint.delegates.txt_defparser.plain.UnitDefinition'>)
04:04:09.550 | WARNING | pint.util - Redefining 'd' (<class 'pint.delegates.txt_defparser.plain.UnitDefinition'>)
04:04:09.551 | WARNING | pint.util - Redefining 'h' (<class 'pint.delegates.txt_defparser.plain.UnitDefinition'>)
04:04:09.551 | WARNING | pint.util - Redefining 'degrees_north' (<class 'pint.delegates.txt_defparser.plain.UnitDefinition'>)
04:04:09.551 | WARNING | pint.util - Redefining 'degrees_east' (<class 'pint.delegates.txt_defparser.plain.UnitDefinition'>)
04:04:09.552 | WARNING | pint.util - Redefining 'degrees' (<class 'pint.delegates.txt_defparser.plain.UnitDefinition'>)
[03/13/26 04:04:09] WARNING  Import(s) unavailable to set up matplotlib support...skipping this portion of the setup.                                                                                                                    logging.py:10
04:04:09.552 | WARNING | pint.util - Redefining '[speed]' (<class 'pint.delegates.txt_defparser.plain.DerivedDimensionDefinition'>)
[03/13/26 04:04:09] WARNING  Import(s) unavailable to set up matplotlib support...skipping this portion of the setup.                                                                                                                    logging.py:10
04:04:09.600 | WARNING | pint.util - Redefining 'percent' (<class 'pint.delegates.txt_defparser.plain.UnitDefinition'>)
04:04:09.602 | WARNING | pint.util - Redefining '%' (<class 'pint.delegates.txt_defparser.plain.UnitDefinition'>)
04:04:09.603 | WARNING | pint.util - Redefining 'year' (<class 'pint.delegates.txt_defparser.plain.UnitDefinition'>)
04:04:09.603 | WARNING | pint.util - Redefining 'yr' (<class 'pint.delegates.txt_defparser.plain.UnitDefinition'>)
04:04:09.603 | WARNING | pint.util - Redefining 'C' (<class 'pint.delegates.txt_defparser.plain.UnitDefinition'>)
04:04:09.604 | WARNING | pint.util - Redefining 'd' (<class 'pint.delegates.txt_defparser.plain.UnitDefinition'>)
04:04:09.604 | WARNING | pint.util - Redefining 'h' (<class 'pint.delegates.txt_defparser.plain.UnitDefinition'>)
04:04:09.604 | WARNING | pint.util - Redefining 'degrees_north' (<class 'pint.delegates.txt_defparser.plain.UnitDefinition'>)
04:04:09.605 | WARNING | pint.util - Redefining 'degrees_east' (<class 'pint.delegates.txt_defparser.plain.UnitDefinition'>)
04:04:09.605 | WARNING | pint.util - Redefining 'degrees' (<class 'pint.delegates.txt_defparser.plain.UnitDefinition'>)
04:04:09.606 | WARNING | pint.util - Redefining '[speed]' (<class 'pint.delegates.txt_defparser.plain.DerivedDimensionDefinition'>)
04:04:09.606 | WARNING | pint.util - Redefining 'percent' (<class 'pint.delegates.txt_defparser.plain.UnitDefinition'>)
04:04:09.608 | WARNING | pint.util - Redefining '%' (<class 'pint.delegates.txt_defparser.plain.UnitDefinition'>)
04:04:09.609 | WARNING | pint.util - Redefining 'year' (<class 'pint.delegates.txt_defparser.plain.UnitDefinition'>)
04:04:09.609 | WARNING | pint.util - Redefining 'yr' (<class 'pint.delegates.txt_defparser.plain.UnitDefinition'>)
04:04:09.609 | WARNING | pint.util - Redefining 'C' (<class 'pint.delegates.txt_defparser.plain.UnitDefinition'>)
04:04:09.610 | WARNING | pint.util - Redefining 'd' (<class 'pint.delegates.txt_defparser.plain.UnitDefinition'>)
04:04:09.610 | WARNING | pint.util - Redefining 'h' (<class 'pint.delegates.txt_defparser.plain.UnitDefinition'>)
[03/13/26 04:04:09] WARNING  Import(s) unavailable to set up matplotlib support...skipping this portion of the setup.                                                                                                                    logging.py:10
04:04:09.611 | WARNING | pint.util - Redefining 'degrees_north' (<class 'pint.delegates.txt_defparser.plain.UnitDefinition'>)
04:04:09.611 | WARNING | pint.util - Redefining 'degrees_east' (<class 'pint.delegates.txt_defparser.plain.UnitDefinition'>)
04:04:09.612 | WARNING | pint.util - Redefining 'degrees' (<class 'pint.delegates.txt_defparser.plain.UnitDefinition'>)
04:04:09.612 | WARNING | pint.util - Redefining '[speed]' (<class 'pint.delegates.txt_defparser.plain.DerivedDimensionDefinition'>)
[03/13/26 04:04:09] WARNING  Import(s) unavailable to set up matplotlib support...skipping this portion of the setup.                                                                                                                    logging.py:10
04:04:09.635 | WARNING | pint.util - Redefining 'percent' (<class 'pint.delegates.txt_defparser.plain.UnitDefinition'>)
04:04:09.637 | WARNING | pint.util - Redefining '%' (<class 'pint.delegates.txt_defparser.plain.UnitDefinition'>)
04:04:09.637 | WARNING | pint.util - Redefining 'year' (<class 'pint.delegates.txt_defparser.plain.UnitDefinition'>)
04:04:09.638 | WARNING | pint.util - Redefining 'yr' (<class 'pint.delegates.txt_defparser.plain.UnitDefinition'>)
04:04:09.638 | WARNING | pint.util - Redefining 'C' (<class 'pint.delegates.txt_defparser.plain.UnitDefinition'>)
04:04:09.638 | WARNING | pint.util - Redefining 'd' (<class 'pint.delegates.txt_defparser.plain.UnitDefinition'>)
04:04:09.639 | WARNING | pint.util - Redefining 'h' (<class 'pint.delegates.txt_defparser.plain.UnitDefinition'>)
04:04:09.639 | WARNING | pint.util - Redefining 'degrees_north' (<class 'pint.delegates.txt_defparser.plain.UnitDefinition'>)
04:04:09.640 | WARNING | pint.util - Redefining 'degrees_east' (<class 'pint.delegates.txt_defparser.plain.UnitDefinition'>)
04:04:09.640 | WARNING | pint.util - Redefining 'degrees' (<class 'pint.delegates.txt_defparser.plain.UnitDefinition'>)
04:04:09.641 | WARNING | pint.util - Redefining '[speed]' (<class 'pint.delegates.txt_defparser.plain.DerivedDimensionDefinition'>)
[03/13/26 04:04:09] WARNING  Import(s) unavailable to set up matplotlib support...skipping this portion of the setup.                                                                                                                    logging.py:10
04:04:09.675 | WARNING | pint.util - Redefining 'percent' (<class 'pint.delegates.txt_defparser.plain.UnitDefinition'>)
04:04:09.677 | WARNING | pint.util - Redefining '%' (<class 'pint.delegates.txt_defparser.plain.UnitDefinition'>)
04:04:09.678 | WARNING | pint.util - Redefining 'year' (<class 'pint.delegates.txt_defparser.plain.UnitDefinition'>)
04:04:09.678 | WARNING | pint.util - Redefining 'yr' (<class 'pint.delegates.txt_defparser.plain.UnitDefinition'>)
04:04:09.678 | WARNING | pint.util - Redefining 'C' (<class 'pint.delegates.txt_defparser.plain.UnitDefinition'>)
04:04:09.679 | WARNING | pint.util - Redefining 'd' (<class 'pint.delegates.txt_defparser.plain.UnitDefinition'>)
04:04:09.679 | WARNING | pint.util - Redefining 'h' (<class 'pint.delegates.txt_defparser.plain.UnitDefinition'>)
04:04:09.680 | WARNING | pint.util - Redefining 'degrees_north' (<class 'pint.delegates.txt_defparser.plain.UnitDefinition'>)
04:04:09.680 | WARNING | pint.util - Redefining 'degrees_east' (<class 'pint.delegates.txt_defparser.plain.UnitDefinition'>)
04:04:09.680 | WARNING | pint.util - Redefining 'degrees' (<class 'pint.delegates.txt_defparser.plain.UnitDefinition'>)
04:04:09.681 | WARNING | pint.util - Redefining '[speed]' (<class 'pint.delegates.txt_defparser.plain.DerivedDimensionDefinition'>)
[03/13/26 04:04:09] WARNING  Import(s) unavailable to set up matplotlib support...skipping this portion of the setup.                                                                                                                    logging.py:10
04:04:09.728 | WARNING | pint.util - Redefining 'percent' (<class 'pint.delegates.txt_defparser.plain.UnitDefinition'>)
04:04:09.730 | WARNING | pint.util - Redefining '%' (<class 'pint.delegates.txt_defparser.plain.UnitDefinition'>)
04:04:09.731 | WARNING | pint.util - Redefining 'year' (<class 'pint.delegates.txt_defparser.plain.UnitDefinition'>)
04:04:09.731 | WARNING | pint.util - Redefining 'yr' (<class 'pint.delegates.txt_defparser.plain.UnitDefinition'>)
04:04:09.731 | WARNING | pint.util - Redefining 'C' (<class 'pint.delegates.txt_defparser.plain.UnitDefinition'>)
04:04:09.732 | WARNING | pint.util - Redefining 'd' (<class 'pint.delegates.txt_defparser.plain.UnitDefinition'>)
04:04:09.732 | WARNING | pint.util - Redefining 'h' (<class 'pint.delegates.txt_defparser.plain.UnitDefinition'>)
04:04:09.732 | WARNING | pint.util - Redefining 'degrees_north' (<class 'pint.delegates.txt_defparser.plain.UnitDefinition'>)
04:04:09.733 | WARNING | pint.util - Redefining 'degrees_east' (<class 'pint.delegates.txt_defparser.plain.UnitDefinition'>)
04:04:09.733 | WARNING | pint.util - Redefining 'degrees' (<class 'pint.delegates.txt_defparser.plain.UnitDefinition'>)
04:04:09.734 | WARNING | pint.util - Redefining '[speed]' (<class 'pint.delegates.txt_defparser.plain.DerivedDimensionDefinition'>)
[03/13/26 04:04:09] WARNING  Import(s) unavailable to set up matplotlib support...skipping this portion of the setup.                                                                                                                    logging.py:10
Process start!
The following pipelines are known:
default: Pipeline: default
-----------------
steps
-----
[1/8] load_mfdataset
[2/8] get_variable
[3/8] time_average
[4/8] convert_units
[5/8] setgrid
[6/8] set_global_attributes
[7/8] trigger_compute
[8/8] save_dataset
Working on: default
Starting to process rule Rule for tos with input patterns [re.compile("/work/bb1469/a270092/runtime/awiesm3-v3.4.1/human_tuning/outdata/fesom/re.compile('sst\\\\.fesom\\\\.1350\\\\.nc')")] and pipelines [<pycmor.core.pipeline.Pipeline object at 0x7f95e15f9490>]
Running Pipeline: default
-----------------
steps
-----
[1/8] load_mfdataset
[2/8] get_variable
[3/8] time_average
[4/8] convert_units
[5/8] setgrid
[6/8] set_global_attributes
[7/8] trigger_compute
[8/8] save_dataset
Loading 1 files using netcdf4 backend on xarray...
  * /work/bb1469/a270092/runtime/awiesm3-v3.4.1/human_tuning/outdata/fesom/sst.fesom.1350.nc
approx_interval=30.0 frequency_str='1MS'
[SetGrid] Starting grid merge operation
  → Grid File          : /work/ab0246/a270092/input/fesom2/core2/fesom.mesh.diag.nc
[Bounds] Checking for coordinate bounds in grid
  → Calculating 1D bounds for 'lat'
  → Added bounds variable 'lat_bnds'
  → Calculating 1D bounds for 'lon'
  → Added bounds variable 'lon_bnds'
  → Required Dimensions: ['nz', 'nz1']
  → Dimension 'nz1' : ❌ Not found, checking for size matches...
  → Dimension 'nz' : ❌ Not found, checking for size matches...
  → Merge Status       : ❌ Not possible
WARNING:   → Warning            : ❌ No compatible dimensions found!
WARNING:     Check grid and data dimension compatibility.
--------------------------------------------------

libgomp: Thread creation failed: Resource temporarily unavailable

libgomp: Thread creation failed: Resource temporarily unavailable
2026-03-13 04:04:27,796 - distributed.scheduler - WARNING - Removing worker 'tcp://127.0.0.1:43161' caused the cluster to lose already computed task(s), which will be recomputed elsewhere: {('array-afefd4d773daaa53628d9e9a477a9f97', 11)} (stimulus_id='handle-worker-cleanup-1773371067.7963934')
2026-03-13 04:04:27,810 - distributed.nanny - WARNING - Restarting worker
2026-03-13 04:04:27,815 - distributed.scheduler - WARNING - Removing worker 'tcp://127.0.0.1:45589' caused the cluster to lose already computed task(s), which will be recomputed elsewhere: {('array-afefd4d773daaa53628d9e9a477a9f97', 1)} (stimulus_id='handle-worker-cleanup-1773371067.815481')
2026-03-13 04:04:27,843 - distributed.nanny - WARNING - Restarting worker

libgomp: Thread creation failed: Resource temporarily unavailable
2026-03-13 04:04:28,118 - distributed.nanny - WARNING - Restarting worker

libgomp: Thread creation failed: Resource temporarily unavailable

libgomp: Thread creation failed: Resource temporarily unavailable
2026-03-13 04:04:28,543 - distributed.nanny - WARNING - Restarting worker
2026-03-13 04:04:28,547 - distributed.nanny - WARNING - Restarting worker

libgomp: Thread creation failed: Resource temporarily unavailable

libgomp: Thread creation failed: Resource temporarily unavailable
2026-03-13 04:04:28,629 - distributed.scheduler - WARNING - Removing worker 'tcp://127.0.0.1:42657' caused the cluster to lose already computed task(s), which will be recomputed elsewhere: {('array-afefd4d773daaa53628d9e9a477a9f97', 2)} (stimulus_id='handle-worker-cleanup-1773371068.6291227')

libgomp: Thread creation failed: Resource temporarily unavailable
2026-03-13 04:04:28,647 - distributed.nanny - WARNING - Restarting worker

libgomp: Thread creation failed: Resource temporarily unavailable
2026-03-13 04:04:28,690 - distributed.scheduler - WARNING - Removing worker 'tcp://127.0.0.1:41337' caused the cluster to lose already computed task(s), which will be recomputed elsewhere: {('array-afefd4d773daaa53628d9e9a477a9f97', 4)} (stimulus_id='handle-worker-cleanup-1773371068.6902826')
2026-03-13 04:04:28,694 - distributed.scheduler - WARNING - Removing worker 'tcp://127.0.0.1:46331' caused the cluster to lose already computed task(s), which will be recomputed elsewhere: {('array-afefd4d773daaa53628d9e9a477a9f97', 0)} (stimulus_id='handle-worker-cleanup-1773371068.694017')
2026-03-13 04:04:28,712 - distributed.nanny - WARNING - Restarting worker
2026-03-13 04:04:28,714 - distributed.nanny - WARNING - Restarting worker

libgomp: Thread creation failed: Resource temporarily unavailable

libgomp: Thread creation failed: Resource temporarily unavailable
2026-03-13 04:04:28,733 - distributed.nanny - ERROR - Failed to start process
Traceback (most recent call last):
  File "/work/ab0246/a270092/software/miniforge3/envs/pycmor_env/lib/python3.9/site-packages/distributed/nanny.py", line 452, in instantiate
    result = await self.process.start()
  File "/work/ab0246/a270092/software/miniforge3/envs/pycmor_env/lib/python3.9/site-packages/distributed/nanny.py", line 723, in start
    self.process = AsyncProcess(
  File "/work/ab0246/a270092/software/miniforge3/envs/pycmor_env/lib/python3.9/site-packages/distributed/process.py", line 118, in __init__
    self._start_threads()
  File "/work/ab0246/a270092/software/miniforge3/envs/pycmor_env/lib/python3.9/site-packages/distributed/process.py", line 141, in _start_threads
    self._watch_message_thread.start()
  File "/work/ab0246/a270092/software/miniforge3/envs/pycmor_env/lib/python3.9/threading.py", line 899, in start
    _start_new_thread(self._bootstrap, ())
RuntimeError: can't start new thread

libgomp: Thread creation failed: Resource temporarily unavailable
2026-03-13 04:04:28,740 - distributed.nanny - ERROR - Failed to start process
Traceback (most recent call last):
  File "/work/ab0246/a270092/software/miniforge3/envs/pycmor_env/lib/python3.9/site-packages/distributed/nanny.py", line 452, in instantiate
    result = await self.process.start()
  File "/work/ab0246/a270092/software/miniforge3/envs/pycmor_env/lib/python3.9/site-packages/distributed/nanny.py", line 748, in start
    await self.process.start()
  File "/work/ab0246/a270092/software/miniforge3/envs/pycmor_env/lib/python3.9/site-packages/distributed/process.py", line 55, in _call_and_set_future
    res = func(*args, **kwargs)
  File "/work/ab0246/a270092/software/miniforge3/envs/pycmor_env/lib/python3.9/site-packages/distributed/process.py", line 223, in _start
    thread.start()
  File "/work/ab0246/a270092/software/miniforge3/envs/pycmor_env/lib/python3.9/threading.py", line 899, in start
    _start_new_thread(self._bootstrap, ())
RuntimeError: can't start new thread
2026-03-13 04:04:28,741 - distributed.scheduler - WARNING - Removing worker 'tcp://127.0.0.1:41485' caused the cluster to lose already computed task(s), which will be recomputed elsewhere: {('array-afefd4d773daaa53628d9e9a477a9f97', 3)} (stimulus_id='handle-worker-cleanup-1773371068.741041')
2026-03-13 04:04:28,743 - distributed.nanny - ERROR - Failed to restart worker after its process exited
Traceback (most recent call last):
  File "/work/ab0246/a270092/software/miniforge3/envs/pycmor_env/lib/python3.9/site-packages/distributed/nanny.py", line 569, in _on_worker_exit
    await self.instantiate()
  File "/work/ab0246/a270092/software/miniforge3/envs/pycmor_env/lib/python3.9/site-packages/distributed/nanny.py", line 452, in instantiate
    result = await self.process.start()
  File "/work/ab0246/a270092/software/miniforge3/envs/pycmor_env/lib/python3.9/site-packages/distributed/nanny.py", line 723, in start
    self.process = AsyncProcess(
  File "/work/ab0246/a270092/software/miniforge3/envs/pycmor_env/lib/python3.9/site-packages/distributed/process.py", line 118, in __init__
    self._start_threads()
  File "/work/ab0246/a270092/software/miniforge3/envs/pycmor_env/lib/python3.9/site-packages/distributed/process.py", line 141, in _start_threads
    self._watch_message_thread.start()
  File "/work/ab0246/a270092/software/miniforge3/envs/pycmor_env/lib/python3.9/threading.py", line 899, in start
    _start_new_thread(self._bootstrap, ())
RuntimeError: can't start new thread
2026-03-13 04:04:28,748 - distributed.nanny - WARNING - Restarting worker
2026-03-13 04:04:28,785 - distributed.scheduler - ERROR - Task ('transpose-df1af79839f63a8f120846092f08ca42', 7, 1) marked as failed because 4 workers died while trying to run it
2026-03-13 04:04:28,791 - distributed.scheduler - WARNING - Removing worker 'tcp://127.0.0.1:40403' caused the cluster to lose already computed task(s), which will be recomputed elsewhere: {('array-afefd4d773daaa53628d9e9a477a9f97', 5)} (stimulus_id='handle-worker-cleanup-1773371068.791355')
Processing rules                                            0% -:--:--
2026-03-13 04:04:28,823 - distributed.scheduler - ERROR - Task ('transpose-df1af79839f63a8f120846092f08ca42', 7, 3) marked as failed because 4 workers died while trying to run it
2026-03-13 04:04:28,823 - distributed.scheduler - WARNING - Removing worker 'tcp://127.0.0.1:40361' caused the cluster to lose already computed task(s), which will be recomputed elsewhere: {('array-afefd4d773daaa53628d9e9a477a9f97', 6), ('array-afefd4d773daaa53628d9e9a477a9f97', 7)} (stimulus_id='handle-worker-cleanup-1773371068.8230076')
╭─────────────────────────────── Traceback (most recent call last) ────────────────────────────────╮
│ /work/ab0246/a270092/software/miniforge3/envs/pycmor_env/bin/pycmor:7 in <module>                │
│                                                                                                  │
│   4 if __name__ == '__main__':                                                                   │
│   5 │   if sys.argv[0].endswith('.exe'):                                                         │
│   6 │   │   sys.argv[0] = sys.argv[0][:-4]                                                       │
│ ❱ 7 │   sys.exit(main())                                                                         │
│   8                                                                                              │
│                                                                                                  │
│ ╭──────────── locals ─────────────╮                                                              │
│ │ sys = <module 'sys' (built-in)> │                                                              │
│ ╰─────────────────────────────────╯                                                              │
│                                                                                                  │
│ /work/ab0246/a270092/software/pycmor/src/pycmor/cli.py:359 in main                               │
│                                                                                                  │
│   356 │   for entry_point_name, entry_point in find_subcommands().items():                       │
│   357 │   │   cli.add_command(entry_point["callable"], name=entry_point_name)                    │
│   358 │   # Prefer new env var prefix, but keep backward compatibility                           │
│ ❱ 359 │   cli(auto_envvar_prefix="PYCMOR")                                                       │
│   360                                                                                            │
│   361                                                                                            │
│   362 if __name__ == "__main__":                                                                 │
│                                                                                                  │
│ ╭─────────────────────────────────── locals ────────────────────────────────────╮                │
│ │      entry_point = {'plugin_name': 'pycmor', 'callable': <RichGroup plugins>} │                │
│ │ entry_point_name = 'plugins'                                                  │                │
│ ╰───────────────────────────────────────────────────────────────────────────────╯                │
│                                                                                                  │
│                                     ... 18 frames hidden ...                                     │
│                                                                                                  │
│ /work/ab0246/a270092/software/miniforge3/envs/pycmor_env/lib/python3.9/site-packages/dask/base.p │
│ y:662 in compute                                                                                 │
│                                                                                                  │
│    659 │   │   postcomputes.append(x.__dask_postcompute__())                                     │
│    660 │                                                                                         │
│    661 │   with shorten_traceback():                                                             │
│ ❱  662 │   │   results = schedule(dsk, keys, **kwargs)                                           │
│    663 │                                                                                         │
│    664 │   return repack([f(r, *a) for r, (f, a) in zip(results, postcomputes)])                 │
│    665                                                                                           │
│                                                                                                  │
│ ╭─────────────────────────────────────────── locals ───────────────────────────────────────────╮ │
│ │           args = (                                                                           │ │
│ │                  │   dask.array<transpose, shape=(12, 3146761), dtype=float32, chunksize=(1, │ │
│ │                  786691), chunktype=numpy.ndarray>,                                          │ │
│ │                  )                                                                           │ │
│ │    collections = [                                                                           │ │
│ │                  │   dask.array<transpose, shape=(12, 3146761), dtype=float32, chunksize=(1, │ │
│ │                  786691), chunktype=numpy.ndarray>                                           │ │
│ │                  ]                                                                           │ │
│ │            dsk = {                                                                           │ │
│ │                  │   ('transpose-df1af79839f63a8f120846092f08ca42', 5, 0): (                 │ │
│ │                  │   │   subgraph_callable-c6edcb27ab645654b6aa24dee1cf3c4f,                 │ │
│ │                  │   │   ('array-afefd4d773daaa53628d9e9a477a9f97', 5),                      │ │
│ │                  │   │   'original-open_dataset-sst-0846c67f194b44591ab7e430225a8b1f',       │ │
│ │                  │   │   (slice(5, 6, None), slice(0, 786691, None))                         │ │
│ │                  │   ),                                                                      │ │
│ │                  │   ('transpose-df1af79839f63a8f120846092f08ca42', 5, 3): (                 │ │
│ │                  │   │   subgraph_callable-c6edcb27ab645654b6aa24dee1cf3c4f,                 │ │
│ │                  │   │   ('array-afefd4d773daaa53628d9e9a477a9f97', 5),                      │ │
│ │                  │   │   'original-open_dataset-sst-0846c67f194b44591ab7e430225a8b1f',       │ │
│ │                  │   │   (slice(5, 6, None), slice(2360073, 3146761, None))                  │ │
│ │                  │   ),                                                                      │ │
│ │                  │   ('transpose-df1af79839f63a8f120846092f08ca42', 4, 1): (                 │ │
│ │                  │   │   subgraph_callable-c6edcb27ab645654b6aa24dee1cf3c4f,                 │ │
│ │                  │   │   ('array-afefd4d773daaa53628d9e9a477a9f97', 4),                      │ │
│ │                  │   │   'original-open_dataset-sst-0846c67f194b44591ab7e430225a8b1f',       │ │
│ │                  │   │   (slice(4, 5, None), slice(786691, 1573382, None))                   │ │
│ │                  │   ),                                                                      │ │
│ │                  │   ('transpose-df1af79839f63a8f120846092f08ca42', 6, 1): (                 │ │
│ │                  │   │   subgraph_callable-c6edcb27ab645654b6aa24dee1cf3c4f,                 │ │
│ │                  │   │   ('array-afefd4d773daaa53628d9e9a477a9f97', 6),                      │ │
│ │                  │   │   'original-open_dataset-sst-0846c67f194b44591ab7e430225a8b1f',       │ │
│ │                  │   │   (slice(6, 7, None), slice(786691, 1573382, None))                   │ │
│ │                  │   ),                                                                      │ │
│ │                  │   ('transpose-df1af79839f63a8f120846092f08ca42', 9, 0): (                 │ │
│ │                  │   │   subgraph_callable-c6edcb27ab645654b6aa24dee1cf3c4f,                 │ │
│ │                  │   │   ('array-afefd4d773daaa53628d9e9a477a9f97', 9),                      │ │
│ │                  │   │   'original-open_dataset-sst-0846c67f194b44591ab7e430225a8b1f',       │ │
│ │                  │   │   (slice(9, 10, None), slice(0, 786691, None))                        │ │
│ │                  │   ),                                                                      │ │
│ │                  │   ('transpose-df1af79839f63a8f120846092f08ca42', 9, 3): (                 │ │
│ │                  │   │   subgraph_callable-c6edcb27ab645654b6aa24dee1cf3c4f,                 │ │
│ │                  │   │   ('array-afefd4d773daaa53628d9e9a477a9f97', 9),                      │ │
│ │                  │   │   'original-open_dataset-sst-0846c67f194b44591ab7e430225a8b1f',       │ │
│ │                  │   │   (slice(9, 10, None), slice(2360073, 3146761, None))                 │ │
│ │                  │   ),                                                                      │ │
│ │                  │   ('transpose-df1af79839f63a8f120846092f08ca42', 0, 0): (                 │ │
│ │                  │   │   subgraph_callable-c6edcb27ab645654b6aa24dee1cf3c4f,                 │ │
│ │                  │   │   ('array-afefd4d773daaa53628d9e9a477a9f97', 0),                      │ │
│ │                  │   │   'original-open_dataset-sst-0846c67f194b44591ab7e430225a8b1f',       │ │
│ │                  │   │   (slice(0, 1, None), slice(0, 786691, None))                         │ │
│ │                  │   ),                                                                      │ │
│ │                  │   ('transpose-df1af79839f63a8f120846092f08ca42', 10, 2): (                │ │
│ │                  │   │   subgraph_callable-c6edcb27ab645654b6aa24dee1cf3c4f,                 │ │
│ │                  │   │   ('array-afefd4d773daaa53628d9e9a477a9f97', 10),                     │ │
│ │                  │   │   'original-open_dataset-sst-0846c67f194b44591ab7e430225a8b1f',       │ │
│ │                  │   │   (slice(10, 11, None), slice(1573382, 2360073, None))                │ │
│ │                  │   ),                                                                      │ │
│ │                  │   ('transpose-df1af79839f63a8f120846092f08ca42', 11, 0): (                │ │
│ │                  │   │   subgraph_callable-c6edcb27ab645654b6aa24dee1cf3c4f,                 │ │
│ │                  │   │   ('array-afefd4d773daaa53628d9e9a477a9f97', 11),                     │ │
│ │                  │   │   'original-open_dataset-sst-0846c67f194b44591ab7e430225a8b1f',       │ │
│ │                  │   │   (slice(11, 12, None), slice(0, 786691, None))                       │ │
│ │                  │   ),                                                                      │ │
│ │                  │   ('array-afefd4d773daaa53628d9e9a477a9f97', 4): array([4]),              │ │
│ │                  │   ... +51                                                                 │ │
│ │                  }                                                                           │ │
│ │            get = None                                                                        │ │
│ │           keys = [                                                                           │ │
│ │                  │   [                                                                       │ │
│ │                  │   │   [                                                                   │ │
│ │                  │   │   │   ('transpose-df1af79839f63a8f120846092f08ca42', 0, 0),           │ │
│ │                  │   │   │   ('transpose-df1af79839f63a8f120846092f08ca42', 0, 1),           │ │
│ │                  │   │   │   ('transpose-df1af79839f63a8f120846092f08ca42', 0, 2),           │ │
│ │                  │   │   │   ('transpose-df1af79839f63a8f120846092f08ca42', 0, 3)            │ │
│ │                  │   │   ],                                                                  │ │
│ │                  │   │   [                                                                   │ │
│ │                  │   │   │   ('transpose-df1af79839f63a8f120846092f08ca42', 1, 0),           │ │
│ │                  │   │   │   ('transpose-df1af79839f63a8f120846092f08ca42', 1, 1),           │ │
│ │                  │   │   │   ('transpose-df1af79839f63a8f120846092f08ca42', 1, 2),           │ │
│ │                  │   │   │   ('transpose-df1af79839f63a8f120846092f08ca42', 1, 3)            │ │
│ │                  │   │   ],                                                                  │ │
│ │                  │   │   [                                                                   │ │
│ │                  │   │   │   ('transpose-df1af79839f63a8f120846092f08ca42', 2, 0),           │ │
│ │                  │   │   │   ('transpose-df1af79839f63a8f120846092f08ca42', 2, 1),           │ │
│ │                  │   │   │   ('transpose-df1af79839f63a8f120846092f08ca42', 2, 2),           │ │
│ │                  │   │   │   ('transpose-df1af79839f63a8f120846092f08ca42', 2, 3)            │ │
│ │                  │   │   ],                                                                  │ │
│ │                  │   │   [                                                                   │ │
│ │                  │   │   │   ('transpose-df1af79839f63a8f120846092f08ca42', 3, 0),           │ │
│ │                  │   │   │   ('transpose-df1af79839f63a8f120846092f08ca42', 3, 1),           │ │
│ │                  │   │   │   ('transpose-df1af79839f63a8f120846092f08ca42', 3, 2),           │ │
│ │                  │   │   │   ('transpose-df1af79839f63a8f120846092f08ca42', 3, 3)            │ │
│ │                  │   │   ],                                                                  │ │
│ │                  │   │   [                                                                   │ │
│ │                  │   │   │   ('transpose-df1af79839f63a8f120846092f08ca42', 4, 0),           │ │
│ │                  │   │   │   ('transpose-df1af79839f63a8f120846092f08ca42', 4, 1),           │ │
│ │                  │   │   │   ('transpose-df1af79839f63a8f120846092f08ca42', 4, 2),           │ │
│ │                  │   │   │   ('transpose-df1af79839f63a8f120846092f08ca42', 4, 3)            │ │
│ │                  │   │   ],                                                                  │ │
│ │                  │   │   [                                                                   │ │
│ │                  │   │   │   ('transpose-df1af79839f63a8f120846092f08ca42', 5, 0),           │ │
│ │                  │   │   │   ('transpose-df1af79839f63a8f120846092f08ca42', 5, 1),           │ │
│ │                  │   │   │   ('transpose-df1af79839f63a8f120846092f08ca42', 5, 2),           │ │
│ │                  │   │   │   ('transpose-df1af79839f63a8f120846092f08ca42', 5, 3)            │ │
│ │                  │   │   ],                                                                  │ │
│ │                  │   │   [                                                                   │ │
│ │                  │   │   │   ('transpose-df1af79839f63a8f120846092f08ca42', 6, 0),           │ │
│ │                  │   │   │   ('transpose-df1af79839f63a8f120846092f08ca42', 6, 1),           │ │
│ │                  │   │   │   ('transpose-df1af79839f63a8f120846092f08ca42', 6, 2),           │ │
│ │                  │   │   │   ('transpose-df1af79839f63a8f120846092f08ca42', 6, 3)            │ │
│ │                  │   │   ],                                                                  │ │
│ │                  │   │   [                                                                   │ │
│ │                  │   │   │   ('transpose-df1af79839f63a8f120846092f08ca42', 7, 0),           │ │
│ │                  │   │   │   ('transpose-df1af79839f63a8f120846092f08ca42', 7, 1),           │ │
│ │                  │   │   │   ('transpose-df1af79839f63a8f120846092f08ca42', 7, 2),           │ │
│ │                  │   │   │   ('transpose-df1af79839f63a8f120846092f08ca42', 7, 3)            │ │
│ │                  │   │   ],                                                                  │ │
│ │                  │   │   [                                                                   │ │
│ │                  │   │   │   ('transpose-df1af79839f63a8f120846092f08ca42', 8, 0),           │ │
│ │                  │   │   │   ('transpose-df1af79839f63a8f120846092f08ca42', 8, 1),           │ │
│ │                  │   │   │   ('transpose-df1af79839f63a8f120846092f08ca42', 8, 2),           │ │
│ │                  │   │   │   ('transpose-df1af79839f63a8f120846092f08ca42', 8, 3)            │ │
│ │                  │   │   ],                                                                  │ │
│ │                  │   │   [                                                                   │ │
│ │                  │   │   │   ('transpose-df1af79839f63a8f120846092f08ca42', 9, 0),           │ │
│ │                  │   │   │   ('transpose-df1af79839f63a8f120846092f08ca42', 9, 1),           │ │
│ │                  │   │   │   ('transpose-df1af79839f63a8f120846092f08ca42', 9, 2),           │ │
│ │                  │   │   │   ('transpose-df1af79839f63a8f120846092f08ca42', 9, 3)            │ │
│ │                  │   │   ],                                                                  │ │
│ │                  │   │   ... +2                                                              │ │
│ │                  │   ]                                                                       │ │
│ │                  ]                                                                           │ │
│ │         kwargs = {}                                                                          │ │
│ │ optimize_graph = True                                                                        │ │
│ │   postcomputes = [(<function finalize at 0x7f94af93cd30>, ())]                               │ │
│ │       schedule = <bound method Client.get of <Client: 'tcp://127.0.0.1:36975' processes=14   │ │
│ │                  threads=224, memory=439.14 GiB>>                                            │ │
│ │      scheduler = None                                                                        │ │
│ │       traverse = True                                                                        │ │
│ │              x = dask.array<transpose, shape=(12, 3146761), dtype=float32, chunksize=(1,     │ │
│ │                  786691), chunktype=numpy.ndarray>                                           │ │
│ ╰──────────────────────────────────────────────────────────────────────────────────────────────╯ │
│                                                                                                  │
│ /work/ab0246/a270092/software/miniforge3/envs/pycmor_env/lib/python3.9/site-packages/distributed │
│ /client.py:2428 in _gather                                                                       │
│                                                                                                  │
│   2425 │   │   │   │   │   │   st = future._state                                                │
│   2426 │   │   │   │   │   │   exception = st.exception                                          │
│   2427 │   │   │   │   │   │   traceback = st.traceback                                          │
│ ❱ 2428 │   │   │   │   │   │   raise exception.with_traceback(traceback)                         │
│   2429 │   │   │   │   │   if errors == "skip":                                                  │
│   2430 │   │   │   │   │   │   bad_keys.add(key)                                                 │
│   2431 │   │   │   │   │   │   bad_data[key] = None                                              │
│                                                                                                  │
│ ╭─────────────────────────────────────────── locals ───────────────────────────────────────────╮ │
│ │           bad_data = {}                                                                      │ │
│ │           bad_keys = set()                                                                   │ │
│ │               data = {}                                                                      │ │
│ │             direct = False                                                                   │ │
│ │             errors = 'raise'                                                                 │ │
│ │          exception = KilledWorker(('transpose-df1af79839f63a8f120846092f08ca42', 7, 1),      │ │
│ │                      <WorkerState 'tcp://127.0.0.1:35017', name: 6, status: closed, memory:  │ │
│ │                      0, processing: 0>, 3)                                                   │ │
│ │         exceptions = {('transpose-df1af79839f63a8f120846092f08ca42', 7, 1)}                  │ │
│ │             failed = ('error', 'cancelled')                                                  │ │
│ │             future = <Future: cancelled, key: ('transpose-df1af79839f63a8f120846092f08ca42', │ │
│ │                      7, 1)>                                                                  │ │
│ │         future_set = {                                                                       │ │
│ │                      │   <Future: cancelled, key:                                            │ │
│ │                      ('transpose-df1af79839f63a8f120846092f08ca42', 8, 1)>,                  │ │
│ │                      │   <Future: cancelled, key:                                            │ │
│ │                      ('transpose-df1af79839f63a8f120846092f08ca42', 8, 3)>,                  │ │
│ │                      │   <Future: cancelled, key:                                            │ │
│ │                      ('transpose-df1af79839f63a8f120846092f08ca42', 6, 2)>,                  │ │
│ │                      │   <Future: cancelled, key:                                            │ │
│ │                      ('transpose-df1af79839f63a8f120846092f08ca42', 9, 3)>,                  │ │
│ │                      │   <Future: cancelled, key:                                            │ │
│ │                      ('transpose-df1af79839f63a8f120846092f08ca42', 1, 1)>,                  │ │
│ │                      │   <Future: cancelled, key:                                            │ │
│ │                      ('transpose-df1af79839f63a8f120846092f08ca42', 10, 3)>,                 │ │
│ │                      │   <Future: cancelled, key:                                            │ │
│ │                      ('transpose-df1af79839f63a8f120846092f08ca42', 11, 1)>,                 │ │
│ │                      │   <Future: cancelled, key:                                            │ │
│ │                      ('transpose-df1af79839f63a8f120846092f08ca42', 1, 0)>,                  │ │
│ │                      │   <Future: cancelled, key:                                            │ │
│ │                      ('transpose-df1af79839f63a8f120846092f08ca42', 7, 1)>,                  │ │
│ │                      │   <Future: cancelled, key:                                            │ │
│ │                      ('transpose-df1af79839f63a8f120846092f08ca42', 11, 2)>,                 │ │
│ │                      │   ... +38                                                             │ │
│ │                      }                                                                       │ │
│ │            futures = [                                                                       │ │
│ │                      │   [                                                                   │ │
│ │                      │   │   [                                                               │ │
│ │                      │   │   │   <Future: cancelled, key:                                    │ │
│ │                      ('transpose-df1af79839f63a8f120846092f08ca42', 0, 0)>,                  │ │
│ │                      │   │   │   <Future: cancelled, key:                                    │ │
│ │                      ('transpose-df1af79839f63a8f120846092f08ca42', 0, 1)>,                  │ │
│ │                      │   │   │   <Future: cancelled, key:                                    │ │
│ │                      ('transpose-df1af79839f63a8f120846092f08ca42', 0, 2)>,                  │ │
│ │                      │   │   │   <Future: cancelled, key:                                    │ │
│ │                      ('transpose-df1af79839f63a8f120846092f08ca42', 0, 3)>                   │ │
│ │                      │   │   ],                                                              │ │
│ │                      │   │   [                                                               │ │
│ │                      │   │   │   <Future: cancelled, key:                                    │ │
│ │                      ('transpose-df1af79839f63a8f120846092f08ca42', 1, 0)>,                  │ │
│ │                      │   │   │   <Future: cancelled, key:                                    │ │
│ │                      ('transpose-df1af79839f63a8f120846092f08ca42', 1, 1)>,                  │ │
│ │                      │   │   │   <Future: cancelled, key:                                    │ │
│ │                      ('transpose-df1af79839f63a8f120846092f08ca42', 1, 2)>,                  │ │
│ │                      │   │   │   <Future: cancelled, key:                                    │ │
│ │                      ('transpose-df1af79839f63a8f120846092f08ca42', 1, 3)>                   │ │
│ │                      │   │   ],                                                              │ │
│ │                      │   │   [                                                               │ │
│ │                      │   │   │   <Future: cancelled, key:                                    │ │
│ │                      ('transpose-df1af79839f63a8f120846092f08ca42', 2, 0)>,                  │ │
│ │                      │   │   │   <Future: cancelled, key:                                    │ │
│ │                      ('transpose-df1af79839f63a8f120846092f08ca42', 2, 1)>,                  │ │
│ │                      │   │   │   <Future: cancelled, key:                                    │ │
│ │                      ('transpose-df1af79839f63a8f120846092f08ca42', 2, 2)>,                  │ │
│ │                      │   │   │   <Future: cancelled, key:                                    │ │
│ │                      ('transpose-df1af79839f63a8f120846092f08ca42', 2, 3)>                   │ │
│ │                      │   │   ],                                                              │ │
│ │                      │   │   [                                                               │ │
│ │                      │   │   │   <Future: cancelled, key:                                    │ │
│ │                      ('transpose-df1af79839f63a8f120846092f08ca42', 3, 0)>,                  │ │
│ │                      │   │   │   <Future: cancelled, key:                                    │ │
│ │                      ('transpose-df1af79839f63a8f120846092f08ca42', 3, 1)>,                  │ │
│ │                      │   │   │   <Future: cancelled, key:                                    │ │
│ │                      ('transpose-df1af79839f63a8f120846092f08ca42', 3, 2)>,                  │ │
│ │                      │   │   │   <Future: cancelled, key:                                    │ │
│ │                      ('transpose-df1af79839f63a8f120846092f08ca42', 3, 3)>                   │ │
│ │                      │   │   ],                                                              │ │
│ │                      │   │   [                                                               │ │
│ │                      │   │   │   <Future: cancelled, key:                                    │ │
│ │                      ('transpose-df1af79839f63a8f120846092f08ca42', 4, 0)>,                  │ │
│ │                      │   │   │   <Future: cancelled, key:                                    │ │
│ │                      ('transpose-df1af79839f63a8f120846092f08ca42', 4, 1)>,                  │ │
│ │                      │   │   │   <Future: cancelled, key:                                    │ │
│ │                      ('transpose-df1af79839f63a8f120846092f08ca42', 4, 2)>,                  │ │
│ │                      │   │   │   <Future: cancelled, key:                                    │ │
│ │                      ('transpose-df1af79839f63a8f120846092f08ca42', 4, 3)>                   │ │
│ │                      │   │   ],                                                              │ │
│ │                      │   │   [                                                               │ │
│ │                      │   │   │   <Future: cancelled, key:                                    │ │
│ │                      ('transpose-df1af79839f63a8f120846092f08ca42', 5, 0)>,                  │ │
│ │                      │   │   │   <Future: cancelled, key:                                    │ │
│ │                      ('transpose-df1af79839f63a8f120846092f08ca42', 5, 1)>,                  │ │
│ │                      │   │   │   <Future: cancelled, key:                                    │ │
│ │                      ('transpose-df1af79839f63a8f120846092f08ca42', 5, 2)>,                  │ │
│ │                      │   │   │   <Future: cancelled, key:                                    │ │
│ │                      ('transpose-df1af79839f63a8f120846092f08ca42', 5, 3)>                   │ │
│ │                      │   │   ],                                                              │ │
│ │                      │   │   [                                                               │ │
│ │                      │   │   │   <Future: cancelled, key:                                    │ │
│ │                      ('transpose-df1af79839f63a8f120846092f08ca42', 6, 0)>,                  │ │
│ │                      │   │   │   <Future: cancelled, key:                                    │ │
│ │                      ('transpose-df1af79839f63a8f120846092f08ca42', 6, 1)>,                  │ │
│ │                      │   │   │   <Future: cancelled, key:                                    │ │
│ │                      ('transpose-df1af79839f63a8f120846092f08ca42', 6, 2)>,                  │ │
│ │                      │   │   │   <Future: cancelled, key:                                    │ │
│ │                      ('transpose-df1af79839f63a8f120846092f08ca42', 6, 3)>                   │ │
│ │                      │   │   ],                                                              │ │
│ │                      │   │   [                                                               │ │
│ │                      │   │   │   <Future: cancelled, key:                                    │ │
│ │                      ('transpose-df1af79839f63a8f120846092f08ca42', 7, 0)>,                  │ │
│ │                      │   │   │   <Future: cancelled, key:                                    │ │
│ │                      ('transpose-df1af79839f63a8f120846092f08ca42', 7, 1)>,                  │ │
│ │                      │   │   │   <Future: cancelled, key:                                    │ │
│ │                      ('transpose-df1af79839f63a8f120846092f08ca42', 7, 2)>,                  │ │
│ │                      │   │   │   <Future: cancelled, key:                                    │ │
│ │                      ('transpose-df1af79839f63a8f120846092f08ca42', 7, 3)>                   │ │
│ │                      │   │   ],                                                              │ │
│ │                      │   │   [                                                               │ │
│ │                      │   │   │   <Future: cancelled, key:                                    │ │
│ │                      ('transpose-df1af79839f63a8f120846092f08ca42', 8, 0)>,                  │ │
│ │                      │   │   │   <Future: cancelled, key:                                    │ │
│ │                      ('transpose-df1af79839f63a8f120846092f08ca42', 8, 1)>,                  │ │
│ │                      │   │   │   <Future: cancelled, key:                                    │ │
│ │                      ('transpose-df1af79839f63a8f120846092f08ca42', 8, 2)>,                  │ │
│ │                      │   │   │   <Future: cancelled, key:                                    │ │
│ │                      ('transpose-df1af79839f63a8f120846092f08ca42', 8, 3)>                   │ │
│ │                      │   │   ],                                                              │ │
│ │                      │   │   [                                                               │ │
│ │                      │   │   │   <Future: cancelled, key:                                    │ │
│ │                      ('transpose-df1af79839f63a8f120846092f08ca42', 9, 0)>,                  │ │
│ │                      │   │   │   <Future: cancelled, key:                                    │ │
│ │                      ('transpose-df1af79839f63a8f120846092f08ca42', 9, 1)>,                  │ │
│ │                      │   │   │   <Future: cancelled, key:                                    │ │
│ │                      ('transpose-df1af79839f63a8f120846092f08ca42', 9, 2)>,                  │ │
│ │                      │   │   │   <Future: cancelled, key:                                    │ │
│ │                      ('transpose-df1af79839f63a8f120846092f08ca42', 9, 3)>                   │ │
│ │                      │   │   ],                                                              │ │
│ │                      │   │   ... +2                                                          │ │
│ │                      │   ]                                                                   │ │
│ │                      ]                                                                       │ │
│ │                key = ('transpose-df1af79839f63a8f120846092f08ca42', 7, 1)                    │ │
│ │               keys = [                                                                       │ │
│ │                      │   ('transpose-df1af79839f63a8f120846092f08ca42', 8, 1),               │ │
│ │                      │   ('transpose-df1af79839f63a8f120846092f08ca42', 8, 3),               │ │
│ │                      │   ('transpose-df1af79839f63a8f120846092f08ca42', 6, 2),               │ │
│ │                      │   ('transpose-df1af79839f63a8f120846092f08ca42', 9, 3),               │ │
│ │                      │   ('transpose-df1af79839f63a8f120846092f08ca42', 1, 1),               │ │
│ │                      │   ('transpose-df1af79839f63a8f120846092f08ca42', 10, 3),              │ │
│ │                      │   ('transpose-df1af79839f63a8f120846092f08ca42', 11, 1),              │ │
│ │                      │   ('transpose-df1af79839f63a8f120846092f08ca42', 1, 0),               │ │
│ │                      │   ('transpose-df1af79839f63a8f120846092f08ca42', 7, 1),               │ │
│ │                      │   ('transpose-df1af79839f63a8f120846092f08ca42', 11, 2),              │ │
│ │                      │   ... +38                                                             │ │
│ │                      ]                                                                       │ │
│ │       local_worker = None                                                                    │ │
│ │ mismatched_futures = []                                                                      │ │
│ │               self = <Client: 'tcp://127.0.0.1:36975' processes=14 threads=224,              │ │
│ │                      memory=439.14 GiB>                                                      │ │
│ │                 st = <FutureState: cancelled>                                                │ │
│ │          traceback = None                                                                    │ │
│ │           unpacked = [                                                                       │ │
│ │                      │   [                                                                   │ │
│ │                      │   │   [                                                               │ │
│ │                      │   │   │   ('transpose-df1af79839f63a8f120846092f08ca42', 0, 0),       │ │
│ │                      │   │   │   ('transpose-df1af79839f63a8f120846092f08ca42', 0, 1),       │ │
│ │                      │   │   │   ('transpose-df1af79839f63a8f120846092f08ca42', 0, 2),       │ │
│ │                      │   │   │   ('transpose-df1af79839f63a8f120846092f08ca42', 0, 3)        │ │
│ │                      │   │   ],                                                              │ │
│ │                      │   │   [                                                               │ │
│ │                      │   │   │   ('transpose-df1af79839f63a8f120846092f08ca42', 1, 0),       │ │
│ │                      │   │   │   ('transpose-df1af79839f63a8f120846092f08ca42', 1, 1),       │ │
│ │                      │   │   │   ('transpose-df1af79839f63a8f120846092f08ca42', 1, 2),       │ │
│ │                      │   │   │   ('transpose-df1af79839f63a8f120846092f08ca42', 1, 3)        │ │
│ │                      │   │   ],                                                              │ │
│ │                      │   │   [                                                               │ │
│ │                      │   │   │   ('transpose-df1af79839f63a8f120846092f08ca42', 2, 0),       │ │
│ │                      │   │   │   ('transpose-df1af79839f63a8f120846092f08ca42', 2, 1),       │ │
│ │                      │   │   │   ('transpose-df1af79839f63a8f120846092f08ca42', 2, 2),       │ │
│ │                      │   │   │   ('transpose-df1af79839f63a8f120846092f08ca42', 2, 3)        │ │
│ │                      │   │   ],                                                              │ │
│ │                      │   │   [                                                               │ │
│ │                      │   │   │   ('transpose-df1af79839f63a8f120846092f08ca42', 3, 0),       │ │
│ │                      │   │   │   ('transpose-df1af79839f63a8f120846092f08ca42', 3, 1),       │ │
│ │                      │   │   │   ('transpose-df1af79839f63a8f120846092f08ca42', 3, 2),       │ │
│ │                      │   │   │   ('transpose-df1af79839f63a8f120846092f08ca42', 3, 3)        │ │
│ │                      │   │   ],                                                              │ │
│ │                      │   │   [                                                               │ │
│ │                      │   │   │   ('transpose-df1af79839f63a8f120846092f08ca42', 4, 0),       │ │
│ │                      │   │   │   ('transpose-df1af79839f63a8f120846092f08ca42', 4, 1),       │ │
│ │                      │   │   │   ('transpose-df1af79839f63a8f120846092f08ca42', 4, 2),       │ │
│ │                      │   │   │   ('transpose-df1af79839f63a8f120846092f08ca42', 4, 3)        │ │
│ │                      │   │   ],                                                              │ │
│ │                      │   │   [                                                               │ │
│ │                      │   │   │   ('transpose-df1af79839f63a8f120846092f08ca42', 5, 0),       │ │
│ │                      │   │   │   ('transpose-df1af79839f63a8f120846092f08ca42', 5, 1),       │ │
│ │                      │   │   │   ('transpose-df1af79839f63a8f120846092f08ca42', 5, 2),       │ │
│ │                      │   │   │   ('transpose-df1af79839f63a8f120846092f08ca42', 5, 3)        │ │
│ │                      │   │   ],                                                              │ │
│ │                      │   │   [                                                               │ │
│ │                      │   │   │   ('transpose-df1af79839f63a8f120846092f08ca42', 6, 0),       │ │
│ │                      │   │   │   ('transpose-df1af79839f63a8f120846092f08ca42', 6, 1),       │ │
│ │                      │   │   │   ('transpose-df1af79839f63a8f120846092f08ca42', 6, 2),       │ │
│ │                      │   │   │   ('transpose-df1af79839f63a8f120846092f08ca42', 6, 3)        │ │
│ │                      │   │   ],                                                              │ │
│ │                      │   │   [                                                               │ │
│ │                      │   │   │   ('transpose-df1af79839f63a8f120846092f08ca42', 7, 0),       │ │
│ │                      │   │   │   ('transpose-df1af79839f63a8f120846092f08ca42', 7, 1),       │ │
│ │                      │   │   │   ('transpose-df1af79839f63a8f120846092f08ca42', 7, 2),       │ │
│ │                      │   │   │   ('transpose-df1af79839f63a8f120846092f08ca42', 7, 3)        │ │
│ │                      │   │   ],                                                              │ │
│ │                      │   │   [                                                               │ │
│ │                      │   │   │   ('transpose-df1af79839f63a8f120846092f08ca42', 8, 0),       │ │
│ │                      │   │   │   ('transpose-df1af79839f63a8f120846092f08ca42', 8, 1),       │ │
│ │                      │   │   │   ('transpose-df1af79839f63a8f120846092f08ca42', 8, 2),       │ │
│ │                      │   │   │   ('transpose-df1af79839f63a8f120846092f08ca42', 8, 3)        │ │
│ │                      │   │   ],                                                              │ │
│ │                      │   │   [                                                               │ │
│ │                      │   │   │   ('transpose-df1af79839f63a8f120846092f08ca42', 9, 0),       │ │
│ │                      │   │   │   ('transpose-df1af79839f63a8f120846092f08ca42', 9, 1),       │ │
│ │                      │   │   │   ('transpose-df1af79839f63a8f120846092f08ca42', 9, 2),       │ │
│ │                      │   │   │   ('transpose-df1af79839f63a8f120846092f08ca42', 9, 3)        │ │
│ │                      │   │   ],                                                              │ │
│ │                      │   │   ... +2                                                          │ │
│ │                      │   ]                                                                   │ │
│ │                      ]                                                                       │ │
│ ╰──────────────────────────────────────────────────────────────────────────────────────────────╯ │
╰──────────────────────────────────────────────────────────────────────────────────────────────────╯
KilledWorker: Attempted to run task ('transpose-df1af79839f63a8f120846092f08ca42', 7, 1) on 4 different workers, but all those workers died while running it. The last worker that attempt to run the task was tcp://127.0.0.1:35017. Inspecting 
worker logs is often a good next step to diagnose what went wrong. For more information see https://distributed.dask.org/en/stable/killed.html.
2026-03-13 04:04:29,433 - distributed.nanny - WARNING - Restarting worker
2026-03-13 04:04:29,450 - distributed.nanny - WARNING - Restarting worker
2026-03-13 04:04:29,472 - distributed.worker.state_machine - WARNING - Async instruction for <Task cancelled name="execute(('transpose-df1af79839f63a8f120846092f08ca42', 10, 0))" coro=<Worker.execute() done, defined at /work/ab0246/a270092/software/miniforge3/envs/pycmor_env/lib/python3.9/site-packages/distributed/worker_state_machine.py:3615>> ended with CancelledError
2026-03-13 04:04:29,473 - distributed.worker.state_machine - WARNING - Async instruction for <Task cancelled name="execute(('transpose-df1af79839f63a8f120846092f08ca42', 10, 2))" coro=<Worker.execute() done, defined at /work/ab0246/a270092/software/miniforge3/envs/pycmor_env/lib/python3.9/site-packages/distributed/worker_state_machine.py:3615>> ended with CancelledError
2026-03-13 04:04:29,473 - distributed.worker.state_machine - WARNING - Async instruction for <Task cancelled name="execute(('transpose-df1af79839f63a8f120846092f08ca42', 8, 0))" coro=<Worker.execute() done, defined at /work/ab0246/a270092/software/miniforge3/envs/pycmor_env/lib/python3.9/site-packages/distributed/worker_state_machine.py:3615>> ended with CancelledError
2026-03-13 04:04:29,473 - distributed.worker.state_machine - WARNING - Async instruction for <Task cancelled name="execute(('transpose-df1af79839f63a8f120846092f08ca42', 4, 3))" coro=<Worker.execute() done, defined at /work/ab0246/a270092/software/miniforge3/envs/pycmor_env/lib/python3.9/site-packages/distributed/worker_state_machine.py:3615>> ended with CancelledError
2026-03-13 04:04:29,473 - distributed.worker.state_machine - WARNING - Async instruction for <Task cancelled name="execute(('transpose-df1af79839f63a8f120846092f08ca42', 10, 1))" coro=<Worker.execute() done, defined at /work/ab0246/a270092/software/miniforge3/envs/pycmor_env/lib/python3.9/site-packages/distributed/worker_state_machine.py:3615>> ended with CancelledError
2026-03-13 04:04:29,473 - distributed.worker.state_machine - WARNING - Async instruction for <Task cancelled name="execute(('transpose-df1af79839f63a8f120846092f08ca42', 8, 3))" coro=<Worker.execute() done, defined at /work/ab0246/a270092/software/miniforge3/envs/pycmor_env/lib/python3.9/site-packages/distributed/worker_state_machine.py:3615>> ended with CancelledError
2026-03-13 04:04:29,473 - distributed.worker.state_machine - WARNING - Async instruction for <Task cancelled name="execute(('transpose-df1af79839f63a8f120846092f08ca42', 10, 3))" coro=<Worker.execute() done, defined at /work/ab0246/a270092/software/miniforge3/envs/pycmor_env/lib/python3.9/site-packages/distributed/worker_state_machine.py:3615>> ended with CancelledError
2026-03-13 04:04:29,473 - distributed.worker.state_machine - WARNING - Async instruction for <Task cancelled name="execute(('transpose-df1af79839f63a8f120846092f08ca42', 4, 2))" coro=<Worker.execute() done, defined at /work/ab0246/a270092/software/miniforge3/envs/pycmor_env/lib/python3.9/site-packages/distributed/worker_state_machine.py:3615>> ended with CancelledError
2026-03-13 04:04:29,481 - distributed.worker.state_machine - WARNING - Async instruction for <Task cancelled name="execute(('transpose-df1af79839f63a8f120846092f08ca42', 2, 2))" coro=<Worker.execute() done, defined at /work/ab0246/a270092/software/miniforge3/envs/pycmor_env/lib/python3.9/site-packages/distributed/worker_state_machine.py:3615>> ended with CancelledError
2026-03-13 04:04:29,481 - distributed.worker.state_machine - WARNING - Async instruction for <Task cancelled name="execute(('transpose-df1af79839f63a8f120846092f08ca42', 2, 1))" coro=<Worker.execute() done, defined at /work/ab0246/a270092/software/miniforge3/envs/pycmor_env/lib/python3.9/site-packages/distributed/worker_state_machine.py:3615>> ended with CancelledError
2026-03-13 04:04:29,481 - distributed.worker.state_machine - WARNING - Async instruction for <Task cancelled name="execute(('transpose-df1af79839f63a8f120846092f08ca42', 2, 0))" coro=<Worker.execute() done, defined at /work/ab0246/a270092/software/miniforge3/envs/pycmor_env/lib/python3.9/site-packages/distributed/worker_state_machine.py:3615>> ended with CancelledError
2026-03-13 04:04:29,481 - distributed.worker.state_machine - WARNING - Async instruction for <Task cancelled name="execute(('transpose-df1af79839f63a8f120846092f08ca42', 2, 3))" coro=<Worker.execute() done, defined at /work/ab0246/a270092/software/miniforge3/envs/pycmor_env/lib/python3.9/site-packages/distributed/worker_state_machine.py:3615>> ended with CancelledError
2026-03-13 04:04:29,489 - distributed.worker.state_machine - WARNING - Async instruction for <Task cancelled name='gather_dep(tcp://127.0.0.1:34297, {...})' coro=<Worker.gather_dep() done, defined at /work/ab0246/a270092/software/miniforge3/envs/pycmor_env/lib/python3.9/site-packages/distributed/worker_state_machine.py:3615>> ended with CancelledError
2026-03-13 04:04:29,489 - distributed.worker.state_machine - WARNING - Async instruction for <Task cancelled name="execute(('transpose-df1af79839f63a8f120846092f08ca42', 9, 1))" coro=<Worker.execute() done, defined at /work/ab0246/a270092/software/miniforge3/envs/pycmor_env/lib/python3.9/site-packages/distributed/worker_state_machine.py:3615>> ended with CancelledError
2026-03-13 04:04:29,489 - distributed.worker.state_machine - WARNING - Async instruction for <Task cancelled name="execute(('transpose-df1af79839f63a8f120846092f08ca42', 9, 3))" coro=<Worker.execute() done, defined at /work/ab0246/a270092/software/miniforge3/envs/pycmor_env/lib/python3.9/site-packages/distributed/worker_state_machine.py:3615>> ended with CancelledError
2026-03-13 04:04:29,489 - distributed.worker.state_machine - WARNING - Async instruction for <Task cancelled name="execute(('transpose-df1af79839f63a8f120846092f08ca42', 11, 3))" coro=<Worker.execute() done, defined at /work/ab0246/a270092/software/miniforge3/envs/pycmor_env/lib/python3.9/site-packages/distributed/worker_state_machine.py:3615>> ended with CancelledError
2026-03-13 04:04:29,489 - distributed.worker.state_machine - WARNING - Async instruction for <Task cancelled name="execute(('transpose-df1af79839f63a8f120846092f08ca42', 9, 2))" coro=<Worker.execute() done, defined at /work/ab0246/a270092/software/miniforge3/envs/pycmor_env/lib/python3.9/site-packages/distributed/worker_state_machine.py:3615>> ended with CancelledError
2026-03-13 04:04:29,489 - distributed.worker.state_machine - WARNING - Async instruction for <Task cancelled name="execute(('transpose-df1af79839f63a8f120846092f08ca42', 9, 0))" coro=<Worker.execute() done, defined at /work/ab0246/a270092/software/miniforge3/envs/pycmor_env/lib/python3.9/site-packages/distributed/worker_state_machine.py:3615>> ended with CancelledError
2026-03-13 04:04:29,489 - distributed.worker.state_machine - WARNING - Async instruction for <Task cancelled name="execute(('transpose-df1af79839f63a8f120846092f08ca42', 11, 1))" coro=<Worker.execute() done, defined at /work/ab0246/a270092/software/miniforge3/envs/pycmor_env/lib/python3.9/site-packages/distributed/worker_state_machine.py:3615>> ended with CancelledError
2026-03-13 04:04:29,489 - distributed.worker.state_machine - WARNING - Async instruction for <Task cancelled name="execute(('transpose-df1af79839f63a8f120846092f08ca42', 11, 2))" coro=<Worker.execute() done, defined at /work/ab0246/a270092/software/miniforge3/envs/pycmor_env/lib/python3.9/site-packages/distributed/worker_state_machine.py:3615>> ended with CancelledError
2026-03-13 04:04:29,489 - distributed.worker.state_machine - WARNING - Async instruction for <Task cancelled name="execute(('transpose-df1af79839f63a8f120846092f08ca42', 11, 0))" coro=<Worker.execute() done, defined at /work/ab0246/a270092/software/miniforge3/envs/pycmor_env/lib/python3.9/site-packages/distributed/worker_state_machine.py:3615>> ended with CancelledError
2026-03-13 04:04:29,507 - distributed.worker.state_machine - WARNING - Async instruction for <Task cancelled name='gather_dep(tcp://127.0.0.1:34297, {...})' coro=<Worker.gather_dep() done, defined at /work/ab0246/a270092/software/miniforge3/envs/pycmor_env/lib/python3.9/site-packages/distributed/worker_state_machine.py:3615>> ended with CancelledError
2026-03-13 04:04:29,508 - distributed.worker.state_machine - WARNING - Async instruction for <Task cancelled name="execute(('transpose-df1af79839f63a8f120846092f08ca42', 8, 2))" coro=<Worker.execute() done, defined at /work/ab0246/a270092/software/miniforge3/envs/pycmor_env/lib/python3.9/site-packages/distributed/worker_state_machine.py:3615>> ended with CancelledError
2026-03-13 04:04:29,508 - distributed.worker.state_machine - WARNING - Async instruction for <Task cancelled name="execute(('transpose-df1af79839f63a8f120846092f08ca42', 1, 0))" coro=<Worker.execute() done, defined at /work/ab0246/a270092/software/miniforge3/envs/pycmor_env/lib/python3.9/site-packages/distributed/worker_state_machine.py:3615>> ended with CancelledError
2026-03-13 04:04:29,508 - distributed.worker.state_machine - WARNING - Async instruction for <Task cancelled name="execute(('transpose-df1af79839f63a8f120846092f08ca42', 8, 1))" coro=<Worker.execute() done, defined at /work/ab0246/a270092/software/miniforge3/envs/pycmor_env/lib/python3.9/site-packages/distributed/worker_state_machine.py:3615>> ended with CancelledError
2026-03-13 04:04:29,508 - distributed.worker.state_machine - WARNING - Async instruction for <Task cancelled name="execute(('transpose-df1af79839f63a8f120846092f08ca42', 1, 1))" coro=<Worker.execute() done, defined at /work/ab0246/a270092/software/miniforge3/envs/pycmor_env/lib/python3.9/site-packages/distributed/worker_state_machine.py:3615>> ended with CancelledError
2026-03-13 04:04:29,508 - distributed.worker.state_machine - WARNING - Async instruction for <Task cancelled name="execute(('transpose-df1af79839f63a8f120846092f08ca42', 1, 2))" coro=<Worker.execute() done, defined at /work/ab0246/a270092/software/miniforge3/envs/pycmor_env/lib/python3.9/site-packages/distributed/worker_state_machine.py:3615>> ended with CancelledError
2026-03-13 04:04:29,508 - distributed.worker.state_machine - WARNING - Async instruction for <Task cancelled name="execute(('transpose-df1af79839f63a8f120846092f08ca42', 1, 3))" coro=<Worker.execute() done, defined at /work/ab0246/a270092/software/miniforge3/envs/pycmor_env/lib/python3.9/site-packages/distributed/worker_state_machine.py:3615>> ended with CancelledError
2026-03-13 04:04:29,508 - distributed.worker.state_machine - WARNING - Async instruction for <Task cancelled name='gather_dep(tcp://127.0.0.1:40403, {...})' coro=<Worker.gather_dep() done, defined at /work/ab0246/a270092/software/miniforge3/envs/pycmor_env/lib/python3.9/site-packages/distributed/worker_state_machine.py:3615>> ended with CancelledError
04:04:32.575 | WARNING | pint.util - Redefining 'percent' (<class 'pint.delegates.txt_defparser.plain.UnitDefinition'>)
04:04:32.577 | WARNING | pint.util - Redefining '%' (<class 'pint.delegates.txt_defparser.plain.UnitDefinition'>)
04:04:32.578 | WARNING | pint.util - Redefining 'year' (<class 'pint.delegates.txt_defparser.plain.UnitDefinition'>)
04:04:32.578 | WARNING | pint.util - Redefining 'yr' (<class 'pint.delegates.txt_defparser.plain.UnitDefinition'>)
04:04:32.578 | WARNING | pint.util - Redefining 'C' (<class 'pint.delegates.txt_defparser.plain.UnitDefinition'>)
04:04:32.579 | WARNING | pint.util - Redefining 'd' (<class 'pint.delegates.txt_defparser.plain.UnitDefinition'>)
04:04:32.579 | WARNING | pint.util - Redefining 'h' (<class 'pint.delegates.txt_defparser.plain.UnitDefinition'>)
04:04:32.580 | WARNING | pint.util - Redefining 'degrees_north' (<class 'pint.delegates.txt_defparser.plain.UnitDefinition'>)
04:04:32.580 | WARNING | pint.util - Redefining 'degrees_east' (<class 'pint.delegates.txt_defparser.plain.UnitDefinition'>)
04:04:32.580 | WARNING | pint.util - Redefining 'degrees' (<class 'pint.delegates.txt_defparser.plain.UnitDefinition'>)
04:04:32.581 | WARNING | pint.util - Redefining '[speed]' (<class 'pint.delegates.txt_defparser.plain.DerivedDimensionDefinition'>)
[03/13/26 04:04:32] WARNING  Import(s) unavailable to set up matplotlib support...skipping this portion of the setup.                                                                                                                    logging.py:10
04:04:32.598 | WARNING | pint.util - Redefining 'percent' (<class 'pint.delegates.txt_defparser.plain.UnitDefinition'>)
04:04:32.601 | WARNING | pint.util - Redefining '%' (<class 'pint.delegates.txt_defparser.plain.UnitDefinition'>)
04:04:32.602 | WARNING | pint.util - Redefining 'year' (<class 'pint.delegates.txt_defparser.plain.UnitDefinition'>)
04:04:32.602 | WARNING | pint.util - Redefining 'yr' (<class 'pint.delegates.txt_defparser.plain.UnitDefinition'>)
04:04:32.602 | WARNING | pint.util - Redefining 'C' (<class 'pint.delegates.txt_defparser.plain.UnitDefinition'>)
04:04:32.603 | WARNING | pint.util - Redefining 'd' (<class 'pint.delegates.txt_defparser.plain.UnitDefinition'>)
04:04:32.603 | WARNING | pint.util - Redefining 'h' (<class 'pint.delegates.txt_defparser.plain.UnitDefinition'>)
04:04:32.604 | WARNING | pint.util - Redefining 'degrees_north' (<class 'pint.delegates.txt_defparser.plain.UnitDefinition'>)
04:04:32.604 | WARNING | pint.util - Redefining 'degrees_east' (<class 'pint.delegates.txt_defparser.plain.UnitDefinition'>)
04:04:32.605 | WARNING | pint.util - Redefining 'degrees' (<class 'pint.delegates.txt_defparser.plain.UnitDefinition'>)
04:04:32.605 | WARNING | pint.util - Redefining '[speed]' (<class 'pint.delegates.txt_defparser.plain.DerivedDimensionDefinition'>)
[03/13/26 04:04:32] WARNING  Import(s) unavailable to set up matplotlib support...skipping this portion of the setup.                                                                                                                    logging.py:10
04:04:32.861 | WARNING | pint.util - Redefining 'percent' (<class 'pint.delegates.txt_defparser.plain.UnitDefinition'>)
04:04:32.863 | WARNING | pint.util - Redefining '%' (<class 'pint.delegates.txt_defparser.plain.UnitDefinition'>)
04:04:32.864 | WARNING | pint.util - Redefining 'year' (<class 'pint.delegates.txt_defparser.plain.UnitDefinition'>)
04:04:32.864 | WARNING | pint.util - Redefining 'yr' (<class 'pint.delegates.txt_defparser.plain.UnitDefinition'>)
04:04:32.863 | WARNING | pint.util - Redefining 'percent' (<class 'pint.delegates.txt_defparser.plain.UnitDefinition'>)
04:04:32.865 | WARNING | pint.util - Redefining 'C' (<class 'pint.delegates.txt_defparser.plain.UnitDefinition'>)
04:04:32.865 | WARNING | pint.util - Redefining '%' (<class 'pint.delegates.txt_defparser.plain.UnitDefinition'>)
04:04:32.865 | WARNING | pint.util - Redefining 'd' (<class 'pint.delegates.txt_defparser.plain.UnitDefinition'>)
04:04:32.866 | WARNING | pint.util - Redefining 'h' (<class 'pint.delegates.txt_defparser.plain.UnitDefinition'>)
04:04:32.866 | WARNING | pint.util - Redefining 'degrees_north' (<class 'pint.delegates.txt_defparser.plain.UnitDefinition'>)
04:04:32.866 | WARNING | pint.util - Redefining 'year' (<class 'pint.delegates.txt_defparser.plain.UnitDefinition'>)
04:04:32.866 | WARNING | pint.util - Redefining 'degrees_east' (<class 'pint.delegates.txt_defparser.plain.UnitDefinition'>)
04:04:32.867 | WARNING | pint.util - Redefining 'yr' (<class 'pint.delegates.txt_defparser.plain.UnitDefinition'>)
04:04:32.867 | WARNING | pint.util - Redefining 'degrees' (<class 'pint.delegates.txt_defparser.plain.UnitDefinition'>)
04:04:32.867 | WARNING | pint.util - Redefining 'C' (<class 'pint.delegates.txt_defparser.plain.UnitDefinition'>)
04:04:32.867 | WARNING | pint.util - Redefining '[speed]' (<class 'pint.delegates.txt_defparser.plain.DerivedDimensionDefinition'>)
04:04:32.867 | WARNING | pint.util - Redefining 'd' (<class 'pint.delegates.txt_defparser.plain.UnitDefinition'>)
04:04:32.868 | WARNING | pint.util - Redefining 'h' (<class 'pint.delegates.txt_defparser.plain.UnitDefinition'>)
04:04:32.868 | WARNING | pint.util - Redefining 'degrees_north' (<class 'pint.delegates.txt_defparser.plain.UnitDefinition'>)
04:04:32.869 | WARNING | pint.util - Redefining 'degrees_east' (<class 'pint.delegates.txt_defparser.plain.UnitDefinition'>)
04:04:32.869 | WARNING | pint.util - Redefining 'degrees' (<class 'pint.delegates.txt_defparser.plain.UnitDefinition'>)
04:04:32.869 | WARNING | pint.util - Redefining '[speed]' (<class 'pint.delegates.txt_defparser.plain.DerivedDimensionDefinition'>)
[03/13/26 04:04:32] WARNING  Import(s) unavailable to set up matplotlib support...skipping this portion of the setup.                                                                                                                    logging.py:10
[03/13/26 04:04:32] WARNING  Import(s) unavailable to set up matplotlib support...skipping this portion of the setup.                                                                                                                    logging.py:10
04:04:32.988 | WARNING | pint.util - Redefining 'percent' (<class 'pint.delegates.txt_defparser.plain.UnitDefinition'>)
04:04:32.990 | WARNING | pint.util - Redefining '%' (<class 'pint.delegates.txt_defparser.plain.UnitDefinition'>)
04:04:32.990 | WARNING | pint.util - Redefining 'year' (<class 'pint.delegates.txt_defparser.plain.UnitDefinition'>)
04:04:32.991 | WARNING | pint.util - Redefining 'yr' (<class 'pint.delegates.txt_defparser.plain.UnitDefinition'>)
04:04:32.991 | WARNING | pint.util - Redefining 'C' (<class 'pint.delegates.txt_defparser.plain.UnitDefinition'>)
04:04:32.992 | WARNING | pint.util - Redefining 'd' (<class 'pint.delegates.txt_defparser.plain.UnitDefinition'>)
04:04:32.992 | WARNING | pint.util - Redefining 'h' (<class 'pint.delegates.txt_defparser.plain.UnitDefinition'>)
04:04:32.992 | WARNING | pint.util - Redefining 'degrees_north' (<class 'pint.delegates.txt_defparser.plain.UnitDefinition'>)
04:04:32.993 | WARNING | pint.util - Redefining 'degrees_east' (<class 'pint.delegates.txt_defparser.plain.UnitDefinition'>)
04:04:32.993 | WARNING | pint.util - Redefining 'degrees' (<class 'pint.delegates.txt_defparser.plain.UnitDefinition'>)
04:04:32.994 | WARNING | pint.util - Redefining '[speed]' (<class 'pint.delegates.txt_defparser.plain.DerivedDimensionDefinition'>)
[03/13/26 04:04:32] WARNING  Import(s) unavailable to set up matplotlib support...skipping this portion of the setup.                                                                                                                    logging.py:10
04:04:33.004 | WARNING | pint.util - Redefining 'percent' (<class 'pint.delegates.txt_defparser.plain.UnitDefinition'>)
04:04:33.006 | WARNING | pint.util - Redefining '%' (<class 'pint.delegates.txt_defparser.plain.UnitDefinition'>)
04:04:33.007 | WARNING | pint.util - Redefining 'year' (<class 'pint.delegates.txt_defparser.plain.UnitDefinition'>)
04:04:33.007 | WARNING | pint.util - Redefining 'yr' (<class 'pint.delegates.txt_defparser.plain.UnitDefinition'>)
04:04:33.008 | WARNING | pint.util - Redefining 'C' (<class 'pint.delegates.txt_defparser.plain.UnitDefinition'>)
04:04:33.008 | WARNING | pint.util - Redefining 'd' (<class 'pint.delegates.txt_defparser.plain.UnitDefinition'>)
04:04:33.009 | WARNING | pint.util - Redefining 'h' (<class 'pint.delegates.txt_defparser.plain.UnitDefinition'>)
04:04:33.009 | WARNING | pint.util - Redefining 'degrees_north' (<class 'pint.delegates.txt_defparser.plain.UnitDefinition'>)
04:04:33.010 | WARNING | pint.util - Redefining 'degrees_east' (<class 'pint.delegates.txt_defparser.plain.UnitDefinition'>)
04:04:33.010 | WARNING | pint.util - Redefining 'degrees' (<class 'pint.delegates.txt_defparser.plain.UnitDefinition'>)
04:04:33.010 | WARNING | pint.util - Redefining '[speed]' (<class 'pint.delegates.txt_defparser.plain.DerivedDimensionDefinition'>)
[03/13/26 04:04:33] WARNING  Import(s) unavailable to set up matplotlib support...skipping this portion of the setup.                                                                                                                    logging.py:10
04:04:33.087 | WARNING | pint.util - Redefining 'percent' (<class 'pint.delegates.txt_defparser.plain.UnitDefinition'>)
04:04:33.089 | WARNING | pint.util - Redefining '%' (<class 'pint.delegates.txt_defparser.plain.UnitDefinition'>)
04:04:33.089 | WARNING | pint.util - Redefining 'year' (<class 'pint.delegates.txt_defparser.plain.UnitDefinition'>)
04:04:33.090 | WARNING | pint.util - Redefining 'yr' (<class 'pint.delegates.txt_defparser.plain.UnitDefinition'>)
04:04:33.090 | WARNING | pint.util - Redefining 'C' (<class 'pint.delegates.txt_defparser.plain.UnitDefinition'>)
04:04:33.091 | WARNING | pint.util - Redefining 'd' (<class 'pint.delegates.txt_defparser.plain.UnitDefinition'>)
04:04:33.091 | WARNING | pint.util - Redefining 'h' (<class 'pint.delegates.txt_defparser.plain.UnitDefinition'>)
04:04:33.091 | WARNING | pint.util - Redefining 'degrees_north' (<class 'pint.delegates.txt_defparser.plain.UnitDefinition'>)
04:04:33.092 | WARNING | pint.util - Redefining 'degrees_east' (<class 'pint.delegates.txt_defparser.plain.UnitDefinition'>)
04:04:33.092 | WARNING | pint.util - Redefining 'degrees' (<class 'pint.delegates.txt_defparser.plain.UnitDefinition'>)
04:04:33.093 | WARNING | pint.util - Redefining '[speed]' (<class 'pint.delegates.txt_defparser.plain.DerivedDimensionDefinition'>)
[03/13/26 04:04:33] WARNING  Import(s) unavailable to set up matplotlib support...skipping this portion of the setup.                                                                                                                    logging.py:10
04:04:33.100 | WARNING | pint.util - Redefining 'percent' (<class 'pint.delegates.txt_defparser.plain.UnitDefinition'>)
04:04:33.102 | WARNING | pint.util - Redefining '%' (<class 'pint.delegates.txt_defparser.plain.UnitDefinition'>)
04:04:33.103 | WARNING | pint.util - Redefining 'year' (<class 'pint.delegates.txt_defparser.plain.UnitDefinition'>)
04:04:33.103 | WARNING | pint.util - Redefining 'yr' (<class 'pint.delegates.txt_defparser.plain.UnitDefinition'>)
04:04:33.104 | WARNING | pint.util - Redefining 'C' (<class 'pint.delegates.txt_defparser.plain.UnitDefinition'>)
04:04:33.104 | WARNING | pint.util - Redefining 'd' (<class 'pint.delegates.txt_defparser.plain.UnitDefinition'>)
04:04:33.105 | WARNING | pint.util - Redefining 'h' (<class 'pint.delegates.txt_defparser.plain.UnitDefinition'>)
04:04:33.105 | WARNING | pint.util - Redefining 'degrees_north' (<class 'pint.delegates.txt_defparser.plain.UnitDefinition'>)
04:04:33.106 | WARNING | pint.util - Redefining 'degrees_east' (<class 'pint.delegates.txt_defparser.plain.UnitDefinition'>)
04:04:33.106 | WARNING | pint.util - Redefining 'degrees' (<class 'pint.delegates.txt_defparser.plain.UnitDefinition'>)
04:04:33.106 | WARNING | pint.util - Redefining '[speed]' (<class 'pint.delegates.txt_defparser.plain.DerivedDimensionDefinition'>)
[03/13/26 04:04:33] WARNING  Import(s) unavailable to set up matplotlib support...skipping this portion of the setup.                                                                                                                    logging.py:10
2026-03-13 04:04:33,458 - distributed.nanny - WARNING - Worker process still alive after 4.0 seconds, killing
2026-03-13 04:04:33,472 - distributed.nanny - WARNING - Worker process still alive after 4.0 seconds, killing
2026-03-13 04:04:33,472 - distributed.nanny - WARNING - Worker process still alive after 4.0 seconds, killing
2026-03-13 04:04:33,472 - distributed.nanny - WARNING - Worker process still alive after 4.0 seconds, killing
2026-03-13 04:04:42,449 - distributed.client - ERROR - 
Traceback (most recent call last):
  File "/work/ab0246/a270092/software/miniforge3/envs/pycmor_env/lib/python3.9/site-packages/distributed/utils.py", line 837, in wrapper
    return await func(*args, **kwargs)
  File "/work/ab0246/a270092/software/miniforge3/envs/pycmor_env/lib/python3.9/site-packages/distributed/client.py", line 1949, in _close
    await self.cluster.close()
  File "/work/ab0246/a270092/software/miniforge3/envs/pycmor_env/lib/python3.9/site-packages/distributed/deploy/spec.py", line 434, in _close
    await asyncio.sleep(0.1)
  File "/work/ab0246/a270092/software/miniforge3/envs/pycmor_env/lib/python3.9/asyncio/tasks.py", line 652, in sleep
    return await future
asyncio.exceptions.CancelledError
