,name,frequency,modeling_realm,standard_name,units,cell_methods,cell_measures,long_name,comment,processing_note,dimensions,out_name,type,positive,spatial_shape,temporal_shape,cmip6_table,physical_parameter_name,variableRootDD,branding_label,branded_variable_name,region,cmip6_compound_name,cmip7_compound_name,uid,priority,flag_values,flag_meanings
144,ocean.absscint.tavg-op4-hxy-sea.mon.glb,mon,ocean,integral_wrt_depth_of_sea_water_absolute_salinity_expressed_as_salt_mass_content,kg m-2,area: time: mean where sea,area: areacello,Integral wrt depth of seawater absolute salinity expressed as salt mass content,"This is a fundamental aspect of the changes in the hydrological cycle and their impact on the oceans, and due to new numerical schemes and vertical discretizations, it is important to calculate it consistently with the model formulation.","CHANGE: This is a new variable, which aids in understanding hydrological change. It is preferable to calculate it online, due to difficulties with vertical discretizations. It is calculated as an integral over hydrostatic pressure ranges, which makes it directly comparable with observations.",longitude latitude oplayer4 time,absscint,real,,XY-B,time-intv,Omon,absscint,absscint,tavg-op4-hxy-sea,absscint_tavg-op4-hxy-sea,glb,Omon.absscint,ocean.absscint.tavg-op4-hxy-sea.mon.glb,80ab72a5-a698-11ef-914a-613c0433d878,high,,
145,ocean.agessc.tavg-ol-hxy-sea.mon.glb,mon,ocean,sea_water_age_since_surface_contact,yr,area: mean where sea time: mean,area: areacello volume: volcello,Sea Water Age Since Surface Contact,Time elapsed since water was last in surface layer of the ocean.,Report on native horizontal grid as well as on a spherical latitude/longitude grid. Online mapping to depth/pressure vertical grid if depth or pressure are not native.,longitude latitude olevel time,agessc,real,,XY-O,time-intv,Omon,agessc,agessc,tavg-ol-hxy-sea,agessc_tavg-ol-hxy-sea,glb,Omon.agessc,ocean.agessc.tavg-ol-hxy-sea.mon.glb,baa56de6-e5dd-11e5-8482-ac72891c3257,high,,
148,ocean.bigthetao.tavg-ol-hm-sea.mon.glb,mon,ocean,sea_water_conservative_temperature,degC,area: mean where sea time: mean,,Global Average Sea Water Conservative Temperature,Diagnostic should be contributed only for models using conservative temperature as prognostic field.,"CHANGE SINCE CMIP6 in Dimensions - CMIP6:time CMIP7:olevel time,",olevel time,bigthetao,real,,na-O,time-intv,Omon,bigthetaoga,bigthetao,tavg-ol-hm-sea,bigthetao_tavg-ol-hm-sea,glb,Omon.bigthetaoga,ocean.bigthetao.tavg-ol-hm-sea.mon.glb,baa52994-e5dd-11e5-8482-ac72891c3257,high,,
149,ocean.bigthetao.tavg-ol-hxy-sea.dec.glb,dec,ocean,sea_water_conservative_temperature,degC,area: mean where sea time: mean,area: areacello volume: volcello,Sea Water Conservative Temperature,Diagnostic should be contributed only for models using conservative temperature as prognostic field.,,longitude latitude olevel time,bigthetao,real,,XY-O,time-intv,Odec,bigthetao,bigthetao,tavg-ol-hxy-sea,bigthetao_tavg-ol-hxy-sea,glb,Odec.bigthetao,ocean.bigthetao.tavg-ol-hxy-sea.dec.glb,134c7db2-1026-11e8-9d87-1c4d70487308,high,,
151,ocean.chcint.tavg-op4-hxy-sea.mon.glb,mon,ocean,integral_wrt_depth_of_sea_water_conservative_temperature_expressed_as_heat_content,J m-2,area: time: mean where sea,area: areacello,Depth Integrated Seawater Conservative Temperature Expressed As Heat Content,This is the vertically-integrated heat content derived from conservative temperature (bigthetao).,"CHANGE: This is a new variable, which aids in calculation of energy budgets. It is preferable to calculate it online, due to difficulties with vertical discretizations. It is calculated as an integral over hydrostatic pressure ranges, which makes it directly comparable with observations so long as integrals are over 0-300m, 300m-700m, 700m-2000m, total depth.",longitude latitude oplayer4 time,chcint,real,,XY-B,time-intv,Omon,chcint,chcint,tavg-op4-hxy-sea,chcint_tavg-op4-hxy-sea,glb,Omon.chcint,ocean.chcint.tavg-op4-hxy-sea.mon.glb,80ab72a2-a698-11ef-914a-613c0433d878,high,,
153,ocean.difmxybo.tavg-ol-hxy-sea.yr.glb,yr,ocean,ocean_momentum_xy_biharmonic_diffusivity,m4 s-1,area: mean where sea time: mean,area: areacello volume: volcello,Ocean Momentum XY Biharmonic Diffusivity,Lateral biharmonic viscosity applied to the momentum equations.,Report on native horizontal grid. Online mapping to depth/pressure vertical grid if depth or pressure are not native.,longitude latitude olevel time,difmxybo,real,,XY-O,time-intv,Oyr,difmxybo,difmxybo,tavg-ol-hxy-sea,difmxybo_tavg-ol-hxy-sea,glb,Oyr.difmxybo,ocean.difmxybo.tavg-ol-hxy-sea.yr.glb,baa4e8ee-e5dd-11e5-8482-ac72891c3257,low,,
154,ocean.difmxylo.tavg-ol-hxy-sea.yr.glb,yr,ocean,ocean_momentum_xy_laplacian_diffusivity,m2 s-1,area: mean where sea time: mean,area: areacello volume: volcello,Ocean Momentum XY Laplacian Diffusivity,Lateral Laplacian viscosity applied to the momentum equations.,Report on native horizontal grid. Online mapping to depth/pressure vertical grid if depth or pressure are not native.,longitude latitude olevel time,difmxylo,real,,XY-O,time-intv,Oyr,difmxylo,difmxylo,tavg-ol-hxy-sea,difmxylo_tavg-ol-hxy-sea,glb,Oyr.difmxylo,ocean.difmxylo.tavg-ol-hxy-sea.yr.glb,baa4e4a2-e5dd-11e5-8482-ac72891c3257,low,,
155,ocean.diftrblo.tavg-ol-hxy-sea.yr.glb,yr,ocean,ocean_tracer_laplacian_diffusivity_due_to_parameterized_mesoscale_eddy_advection,m2 s-1,area: mean where sea time: mean,area: areacello volume: volcello,Ocean Tracer Diffusivity Due to Parameterized Mesoscale Advection,"Ocean tracer diffusivity associated with parameterized eddy-induced advective transport. Sometimes this diffusivity is called the ""thickness"" diffusivity. For CMIP5, this diagnostic was called ""ocean tracer bolus laplacian diffusivity"".  The CMIP6 name is physically more relevant.",Report on native horizontal grid. Online mapping to depth/pressure vertical grid if depth or pressure are not native.,longitude latitude olevel time,diftrblo,real,,XY-O,time-intv,Oyr,diftrblo,diftrblo,tavg-ol-hxy-sea,diftrblo_tavg-ol-hxy-sea,glb,Oyr.diftrblo,ocean.diftrblo.tavg-ol-hxy-sea.yr.glb,baa4d82c-e5dd-11e5-8482-ac72891c3257,low,,
156,ocean.diftrelo.tavg-ol-hxy-sea.yr.glb,yr,ocean,ocean_tracer_epineutral_laplacian_diffusivity,m2 s-1,area: mean where sea time: mean,area: areacello volume: volcello,Ocean Tracer Epineutral Laplacian Diffusivity,Ocean tracer diffusivity associated with parameterized eddy-induced diffusive transport oriented along neutral or isopycnal directions. Sometimes this diffusivity is called the neutral diffusivity or isopycnal diffusivity or Redi diffusivity.,Report on native horizontal grid. Online mapping to depth/pressure vertical grid if depth or pressure are not native.,longitude latitude olevel time,diftrelo,real,,XY-O,time-intv,Oyr,diftrelo,diftrelo,tavg-ol-hxy-sea,diftrelo_tavg-ol-hxy-sea,glb,Oyr.diftrelo,ocean.diftrelo.tavg-ol-hxy-sea.yr.glb,baa4dc50-e5dd-11e5-8482-ac72891c3257,low,,
157,ocean.difvho.tavg-ol-hxy-sea.yr.glb,yr,ocean,ocean_vertical_heat_diffusivity,m2 s-1,area: mean where sea time: mean,area: areacello volume: volcello,Ocean Vertical Heat Diffusivity,Vertical/dianeutral diffusivity applied to prognostic temperature field.,Report on native horizontal grid as well. Online mapping to depth/pressure vertical grid if depth or pressure are not native.,longitude latitude olevel time,difvho,real,,XY-O,time-intv,Oyr,difvho,difvho,tavg-ol-hxy-sea,difvho_tavg-ol-hxy-sea,glb,Oyr.difvho,ocean.difvho.tavg-ol-hxy-sea.yr.glb,baa4ac8a-e5dd-11e5-8482-ac72891c3257,low,,
158,ocean.difvso.tavg-ol-hxy-sea.yr.glb,yr,ocean,ocean_vertical_salt_diffusivity,m2 s-1,area: mean where sea time: mean,area: areacello volume: volcello,Ocean Vertical Salt Diffusivity,Vertical/dianeutral diffusivity applied to prognostic salinity field.,Report on native horizontal grid. Online mapping to depth/pressure vertical grid if depth or pressure are not native.,longitude latitude olevel time,difvso,real,,XY-O,time-intv,Oyr,difvso,difvso,tavg-ol-hxy-sea,difvso_tavg-ol-hxy-sea,glb,Oyr.difvso,ocean.difvso.tavg-ol-hxy-sea.yr.glb,baa4b0b8-e5dd-11e5-8482-ac72891c3257,low,,
159,ocean.dispkexyfo.tavg-u-hxy-sea.yr.glb,yr,ocean,ocean_kinetic_energy_dissipation_per_unit_area_due_to_xy_friction,W m-2,area: mean where sea time: mean,area: areacello,Ocean Kinetic Energy Dissipation per Unit Area Due to XY Friction,"Depth integrated impacts on kinetic energy arising from lateral frictional dissipation associated with Laplacian and/or biharmonic viscosity. For CMIP5, this diagnostic was 3d, whereas the CMIP6 depth integrated diagnostic is sufficient for many purposes and reduces archive requirements.",,longitude latitude time,dispkexyfo,real,,XY-int,time-intv,Oyr,dispkexyfo,dispkexyfo,tavg-u-hxy-sea,dispkexyfo_tavg-u-hxy-sea,glb,Oyr.dispkexyfo,ocean.dispkexyfo.tavg-u-hxy-sea.yr.glb,baa4ed3a-e5dd-11e5-8482-ac72891c3257,low,,
160,ocean.dxto.ti-u-hxy-u.fx.glb,fx,ocean,cell_x_length,m,area: point,--MODEL,Cell Length in the X Direction at t-points,"The linear extent of the cell in the x direction of the horizontal grid centered at t-points (points for tracers such as temperature, salinity, etc.). Not applicable to unstructured grids.",,longitude latitude,dxto,real,,XY-na,None,Ofx,dxto,dxto,ti-u-hxy-u,dxto_ti-u-hxy-u,glb,Ofx.dxto,ocean.dxto.ti-u-hxy-u.fx.glb,83bbfb67-7f07-11ef-9308-b1dd71e64bec,low,,
161,ocean.dxuo.ti-u-hxy-u.fx.glb,fx,ocean,cell_x_length,m,area: point,--MODEL,Cell Length in the X Direction at u-points,The linear extent of the cell in the x direction of the horizontal grid centered at u-points (points for velocity in the x-direction). Not applicable to unstructured grids.,,longitude latitude,dxuo,real,,XY-na,None,Ofx,dxuo,dxuo,ti-u-hxy-u,dxuo_ti-u-hxy-u,glb,Ofx.dxuo,ocean.dxuo.ti-u-hxy-u.fx.glb,83bbfb66-7f07-11ef-9308-b1dd71e64bec,low,,
162,ocean.dxvo.ti-u-hxy-u.fx.glb,fx,ocean,cell_x_length,m,area: point,--MODEL,Cell Length in the X Direction at v-points,The linear extent of the cell in the x direction of the horizontal grid centered at v-points (points for velocity in the y-direction). Not applicable to unstructured grids.,,longitude latitude,dxvo,real,,XY-na,None,Ofx,dxvo,dxvo,ti-u-hxy-u,dxvo_ti-u-hxy-u,glb,Ofx.dxvo,ocean.dxvo.ti-u-hxy-u.fx.glb,83bbfb65-7f07-11ef-9308-b1dd71e64bec,low,,
163,ocean.dyto.ti-u-hxy-u.fx.glb,fx,ocean,cell_y_length,m,area: point,--MODEL,Cell Length in the Y Direction at t-points,"The linear extent of the cell in the y direction of the horizontal grid centered at t-points (points for tracers such as temperature, salinity, etc.). Not applicable to unstructured grids.",,longitude latitude,dyto,real,,XY-na,None,Ofx,dyto,dyto,ti-u-hxy-u,dyto_ti-u-hxy-u,glb,Ofx.dyto,ocean.dyto.ti-u-hxy-u.fx.glb,83bbfb64-7f07-11ef-9308-b1dd71e64bec,low,,
164,ocean.dyuo.ti-u-hxy-u.fx.glb,fx,ocean,cell_y_length,m,area: point,--MODEL,Cell Length in the Y Direction at u-points,The linear extent of the cell in the y direction of the horizontal grid centered at u-points (points for velocity in the x-direction). Not applicable to unstructured grids.,,longitude latitude,dyuo,real,,XY-na,None,Ofx,dyuo,dyuo,ti-u-hxy-u,dyuo_ti-u-hxy-u,glb,Ofx.dyuo,ocean.dyuo.ti-u-hxy-u.fx.glb,83bbfb63-7f07-11ef-9308-b1dd71e64bec,low,,
165,ocean.dyvo.ti-u-hxy-u.fx.glb,fx,ocean,cell_y_length,m,area: point,--MODEL,Cell Length in the Y Direction at v-points,The linear extent of the cell in the y direction of the horizontal grid centered at v-points (points for velocity in the y-direction). Not applicable to unstructured grids.,,longitude latitude,dyvo,real,,XY-na,None,Ofx,dyvo,dyvo,ti-u-hxy-u,dyvo_ti-u-hxy-u,glb,Ofx.dyvo,ocean.dyvo.ti-u-hxy-u.fx.glb,83bbfb62-7f07-11ef-9308-b1dd71e64bec,low,,
166,ocean.evspsbl.tavg-u-hxy-ifs.mon.glb,mon,ocean,water_evapotranspiration_flux,kg m-2 s-1,area: mean where ice_free_sea over sea time: mean,area: areacello,Water Evaporation Flux Where Ice Free Ocean over Sea,computed as the total mass of water vapor evaporating from the ice-free portion of the ocean  divided by the area of the ocean portion of the grid cell.,,longitude latitude time,evspsbl,real,,XY-na,time-intv,Omon,evs,evspsbl,tavg-u-hxy-ifs,evspsbl_tavg-u-hxy-ifs,glb,Omon.evs,ocean.evspsbl.tavg-u-hxy-ifs.mon.glb,baa6204c-e5dd-11e5-8482-ac72891c3257,medium,,
168,ocean.ficeberg.tavg-u-hxy-sea.mon.glb,mon,ocean,water_flux_into_sea_water_from_icebergs,kg m-2 s-1,area: mean where sea time: mean,area: areacello,Water Flux into Sea Water from Icebergs,computed as the iceberg melt water flux into the ocean divided by the area of the ocean portion of the grid cell.,"If only the vertically integrated melt water flux is available, report as this 2-d field; otherwise ficeberg should be used.",longitude latitude time,ficeberg,real,,XY-na,time-intv,Omon,ficeberg,ficeberg,tavg-u-hxy-sea,ficeberg_tavg-u-hxy-sea,glb,Omon.ficeberg2d,ocean.ficeberg.tavg-u-hxy-sea.mon.glb,baa62cea-e5dd-11e5-8482-ac72891c3257,high,,
169,ocean.flandice.tavg-u-hxy-sea.mon.glb,mon,ocean,water_flux_into_sea_water_from_land_ice,kg m-2 s-1,area: mean where sea time: mean,area: areacello,Water Flux into Sea Water from Land Ice,Computed as the water flux into the ocean due to land ice (runoff water from surface and base of land ice or melt from base of ice shelf or vertical ice front) into the ocean divided by the area ocean portion of the grid cell,,longitude latitude time,flandice,real,,XY-na,time-intv,Emon,flandice,flandice,tavg-u-hxy-sea,flandice_tavg-u-hxy-sea,glb,Emon.flandice,ocean.flandice.tavg-u-hxy-sea.mon.glb,d2234af2-4a9f-11e6-b84e-ac72891c3257,high,,
171,ocean.hfacrossline.tavg-u-ht-sea.mon.glb,mon,ocean,ocean_heat_transport_across_line,W,area: mean where sea depth: sum where sea time: mean,,Ocean Heat Transport across Lines,"Depth-integrated total heat transport from resolved and parameterized processes across different lines on the Earth's surface (based on appendix J and table J1 of Griffies et al., 2016). Formally, this means the integral along the line of the normal component of the heat transport. Positive and negative numbers refer to total northward/eastward and southward/westward transports, respectively. The transport should be evaluated for the full depth of the ocean, except for the Pacific Equatorial Undercurrent, which is averaged from the surface to 350m. Use Celsius for temperature scale.",,oline time,hfacrossline,real,,TR-na,time-intv,Omon,hfacrossline,hfacrossline,tavg-u-ht-sea,hfacrossline_tavg-u-ht-sea,glb,Omon.hfacrossline,ocean.hfacrossline.tavg-u-ht-sea.mon.glb,80ab7446-a698-11ef-914a-613c0433d878,medium,,
173,ocean.hfbasinpadv.tavg-u-hyb-sea.mon.glb,mon,ocean,northward_ocean_heat_transport_due_to_parameterized_eddy_advection,W,depth: longitude: sum where sea (along a zig-zag grid path spanning a basin) where sea time: mean,,Northward Ocean Heat Transport Due to Parameterized Eddy Advection,Contributions to heat transport from parameterized eddy-induced advective transport due to any subgrid advective process. Diagnosed here as a function of latitude and basin.  Use Celsius for temperature scale.,"For models which do not have a Cartesian lat-long grid, this transport can be approximated as the transport across zig-zag paths corresponding to latitudes with spacing between latitudes appropriate to the model's resolution, as is done for the ocean meridional overturning mass streamfunction. CHANGE SINCE CMIP6 in Cell Methods - CMIP6:longitude: sum (comment: basin sum [along zig-zag grid path]) depth: sum time: mean CMIP7:depth: longitude: sum where sea (along a zig-zag grid path spanning a basin) where sea time: mean,",latitude basin time,hfbasinpadv,real,,YB-na,time-intv,Omon,hfbasinpadv,hfbasinpadv,tavg-u-hyb-sea,hfbasinpadv_tavg-u-hyb-sea,glb,Omon.hfbasinpadv,ocean.hfbasinpadv.tavg-u-hyb-sea.mon.glb,baa5d952-e5dd-11e5-8482-ac72891c3257,high,,
174,ocean.hfbasinpmadv.tavg-u-hyb-sea.mon.glb,mon,ocean,northward_ocean_heat_transport_due_to_parameterized_mesoscale_eddy_advection,W,depth: longitude: sum where sea (along a zig-zag grid path spanning a basin) where sea time: mean,,Northward Ocean Heat Transport Due to Parameterized Mesoscale Advection,Contributions to heat transport from parameterized mesoscale eddy-induced advective transport. Diagnosed here as a function of latitude and basin.  Use Celsius for temperature scale.,"For models which do not have a Cartesian lat-long grid, this transport can be approximated as the transport across zig-zag paths corresponding to latitudes with spacing between latitudes appropriate to the model's resolution, as is done for the ocean meridional overturning mass streamfunction. CHANGE SINCE CMIP6 in Cell Methods - CMIP6:longitude: sum (comment: basin sum [along zig-zag grid path]) depth: sum time: mean CMIP7:depth: longitude: sum where sea (along a zig-zag grid path spanning a basin) where sea time: mean,",latitude basin time,hfbasinpmadv,real,,YB-na,time-intv,Omon,hfbasinpmadv,hfbasinpmadv,tavg-u-hyb-sea,hfbasinpmadv_tavg-u-hyb-sea,glb,Omon.hfbasinpmadv,ocean.hfbasinpmadv.tavg-u-hyb-sea.mon.glb,baa5ccb4-e5dd-11e5-8482-ac72891c3257,high,,
175,ocean.hfbasinpmdiff.tavg-u-hyb-sea.mon.glb,mon,ocean,northward_ocean_heat_transport_due_to_parameterized_mesoscale_eddy_diffusion,W,depth: longitude: sum where sea (along a zig-zag grid path spanning a basin) where sea time: mean,,Northward Ocean Heat Transport Due to Parameterized Mesoscale Diffusion,"Contributions to heat transport from parameterized mesoscale eddy-induced diffusive transport (i.e., neutral diffusion). Diagnosed here as a function of latitude and basin.","For models which do not have a Cartesian lat-long grid, this transport can be approximated as the transport across zig-zag paths corresponding to latitudes with spacing between latitudes appropriate to the model's resolution, as is done for the ocean meridional overturning mass streamfunction. CHANGE SINCE CMIP6 in Cell Methods - CMIP6:longitude: sum (comment: basin sum [along zig-zag grid path]) depth: sum time: mean CMIP7:depth: longitude: sum where sea (along a zig-zag grid path spanning a basin) where sea time: mean,",latitude basin time,hfbasinpmdiff,real,,YB-na,time-intv,Omon,hfbasinpmdiff,hfbasinpmdiff,tavg-u-hyb-sea,hfbasinpmdiff_tavg-u-hyb-sea,glb,Omon.hfbasinpmdiff,ocean.hfbasinpmdiff.tavg-u-hyb-sea.mon.glb,baa5d0ec-e5dd-11e5-8482-ac72891c3257,high,,
176,ocean.hfbasinpsmadv.tavg-u-hyb-sea.mon.glb,mon,ocean,northward_ocean_heat_transport_due_to_parameterized_submesoscale_eddy_advection,W,depth: longitude: sum where sea (along a zig-zag grid path spanning a basin) where sea time: mean,,Northward Ocean Heat Transport Due to Parameterized Submesoscale Advection,Contributions to heat transport from parameterized mesoscale eddy-induced advective transport. Diagnosed here as a function of latitude and basin.  Use Celsius for temperature scale.,"For models which do not have a Cartesian lat-long grid, this transport can be approximated as the transport across zig-zag paths corresponding to latitudes with spacing between latitudes appropriate to the model's resolution, as is done for the ocean meridional overturning mass streamfunction. CHANGE SINCE CMIP6 in Cell Methods - CMIP6:longitude: sum (comment: basin sum [along zig-zag grid path]) depth: sum time: mean CMIP7:depth: longitude: sum where sea (along a zig-zag grid path spanning a basin) where sea time: mean,",latitude basin time,hfbasinpsmadv,real,,YB-na,time-intv,Omon,hfbasinpsmadv,hfbasinpsmadv,tavg-u-hyb-sea,hfbasinpsmadv_tavg-u-hyb-sea,glb,Omon.hfbasinpsmadv,ocean.hfbasinpsmadv.tavg-u-hyb-sea.mon.glb,baa5d524-e5dd-11e5-8482-ac72891c3257,high,,
178,ocean.hfevapds.tavg-u-hxy-ifs.mon.glb,mon,ocean,temperature_flux_due_to_evaporation_expressed_as_heat_flux_out_of_sea_water,W m-2,area: time: mean where ice_free_sea over sea,area: areacello,Temperature Flux Due to Evaporation Expressed as Heat Flux out of Sea Water,"This is defined as ""where ice_free_sea over sea""","Report on native horizontal grid. CHANGE SINCE CMIP6 in Cell Methods - CMIP6:area: mean where ice_free_sea over sea time: mean CMIP7:area: time: mean where ice_free_sea over sea,",longitude latitude time,hfevapds,real,up,XY-na,time-intv,Omon,hfevapds,hfevapds,tavg-u-hxy-ifs,hfevapds_tavg-u-hxy-ifs,glb,Omon.hfevapds,ocean.hfevapds.tavg-u-hxy-ifs.mon.glb,baa67b8c-e5dd-11e5-8482-ac72891c3257,medium,,
179,ocean.hfgeou.tavg-u-hxy-sea.mon.glb,mon,ocean,upward_geothermal_heat_flux_at_sea_floor,W m-2,area: mean where sea time: mean,area: areacello,Upward Geothermal Heat Flux at Sea Floor,Upward geothermal heat flux per unit area on the sea floor,"Variable value should be reported as the upward flux at bottom of the deepest ocean layer
If this field is time-invariant, then save it instead as one of your ""fixed"" fields (see the fx table). Report on native horizontal grid.",longitude latitude time,hfgeou,real,up,XY-na,time-intv,Omon,hfgeou,hfgeou,tavg-u-hxy-sea,hfgeou_tavg-u-hxy-sea,glb,Omon.hfgeou,ocean.hfgeou.tavg-u-hxy-sea.mon.glb,baa67344-e5dd-11e5-8482-ac72891c3257,high,,
181,ocean.hfibthermds.tavg-ol-hxy-sea.mon.glb,mon,ocean,heat_flux_into_sea_water_due_to_iceberg_thermodynamics,W m-2,area: mean where sea time: mean,area: areacello volume: volcello,Heat Flux into Sea Water Due to Iceberg Thermodynamics,Heat Flux into Sea Water Due to Iceberg Thermodynamics,"In general this should be reported as a function of depth, (i.e.,  it will be a function of the generic ""XYZ"" dimensions).  Include enough depth levels to represent  the non-zero values of this field everywhere on the globe. Report on native horizontal grid. If a function of depth, perform online remapping to depth or pressure, if not native vertical grid.",longitude latitude olevel time,hfibthermds,real,,XY-O,time-intv,Omon,hfibthermds,hfibthermds,tavg-ol-hxy-sea,hfibthermds_tavg-ol-hxy-sea,glb,Omon.hfibthermds,ocean.hfibthermds.tavg-ol-hxy-sea.mon.glb,baa6a18e-e5dd-11e5-8482-ac72891c3257,medium,,
182,ocean.hfibthermds.tavg-u-hxy-sea.mon.glb,mon,ocean,heat_flux_into_sea_water_due_to_iceberg_thermodynamics,W m-2,area: mean where sea time: mean,area: areacello,Heat Flux into Sea Water Due to Iceberg Thermodynamics,Heat Flux into Sea Water Due to Iceberg Thermodynamics,"If only the vertically integrated heat flux is available, report as this 2-d field; otherwise hfibthermds should be used.",longitude latitude time,hfibthermds,real,,XY-na,time-intv,Omon,hfibthermds,hfibthermds,tavg-u-hxy-sea,hfibthermds_tavg-u-hxy-sea,glb,Omon.hfibthermds2d,ocean.hfibthermds.tavg-u-hxy-sea.mon.glb,baa6a5bc-e5dd-11e5-8482-ac72891c3257,medium,,
183,ocean.hfrainds.tavg-u-hxy-ifs.mon.glb,mon,ocean,temperature_flux_due_to_rainfall_expressed_as_heat_flux_into_sea_water,W m-2,area: time: mean where ice_free_sea over sea,area: areacello,Temperature Flux Due to Rainfall Expressed as Heat Flux into Sea Water,"This is defined as ""where ice_free_sea over sea""; i.e., the total flux (considered here) entering the ice-free portion of the grid cell divided by the area of the ocean portion of the grid cell.  All such heat fluxes are computed based on Celsius scale.","Report on native horizontal grid. CHANGE SINCE CMIP6 in Cell Methods - CMIP6:area: mean where ice_free_sea over sea time: mean CMIP7:area: time: mean where ice_free_sea over sea,",longitude latitude time,hfrainds,real,down,XY-na,time-intv,Omon,hfrainds,hfrainds,tavg-u-hxy-ifs,hfrainds_tavg-u-hxy-ifs,glb,Omon.hfrainds,ocean.hfrainds.tavg-u-hxy-ifs.mon.glb,baa67768-e5dd-11e5-8482-ac72891c3257,medium,,
184,ocean.hfrunoffds.tavg-ol-hxy-sea.mon.glb,mon,ocean,temperature_flux_due_to_runoff_expressed_as_heat_flux_into_sea_water,W m-2,area: mean where sea time: mean,area: areacello volume: volcello,Temperature Flux Due to Runoff Expressed as Heat Flux into Sea Water,Heat flux associated with liquid water which drains from land. It is calculated relative to the heat that would be transported by runoff water entering the sea at zero degrees Celsius.,"In general this should be reported as a function of depth, (i.e.,  it will be a function of the generic ""XYZ"" dimensions).  Include enough depth levels to represent  the non-zero values of this field everywhere on the globe. Report on native horizontal grid. If a function of depth, perform online remapping to depth or pressure, if not native vertical grid.",longitude latitude olevel time,hfrunoffds,real,,XY-O,time-intv,Omon,hfrunoffds,hfrunoffds,tavg-ol-hxy-sea,hfrunoffds_tavg-ol-hxy-sea,glb,Omon.hfrunoffds,ocean.hfrunoffds.tavg-ol-hxy-sea.mon.glb,baa68000-e5dd-11e5-8482-ac72891c3257,medium,,
185,ocean.hfrunoffds.tavg-u-hxy-sea.mon.glb,mon,ocean,temperature_flux_due_to_runoff_expressed_as_heat_flux_into_sea_water,W m-2,area: mean where sea time: mean,area: areacello,Temperature Flux Due to Runoff Expressed as Heat Flux into Sea Water,Heat flux associated with liquid water which drains from land. It is calculated relative to the heat that would be transported by runoff water entering the sea at zero degrees Celsius.,"If only the vertically integrated runoff flux is available, report as this 2-d field; otherwise hfrunoffds should be used.",longitude latitude time,hfrunoffds,real,,XY-na,time-intv,Omon,hfrunoffds,hfrunoffds,tavg-u-hxy-sea,hfrunoffds_tavg-u-hxy-sea,glb,Omon.hfrunoffds2d,ocean.hfrunoffds.tavg-u-hxy-sea.mon.glb,baa6842e-e5dd-11e5-8482-ac72891c3257,medium,,
186,ocean.hfsnthermds.tavg-ol-hxy-sea.mon.glb,mon,ocean,heat_flux_into_sea_water_due_to_snow_thermodynamics,W m-2,area: mean where sea time: mean,area: areacello volume: volcello,Heat Flux into Sea Water Due to Snow Thermodynamics,"In accordance with common usage in geophysical disciplines, ""flux"" implies per unit area, called ""flux density"" in physics.  The specification of a physical process by the phrase due_to_process means that the quantity named is a  single term in a sum of terms which together compose the general quantity  named by omitting the phrase.  ""Snow thermodynamics"" refers to the addition or subtraction of mass due to surface and basal fluxes, i.e., due to melting, sublimation and fusion.","In general this should be reported as a function of depth, (i.e.,  it will be a function of the generic ""XYZ"" dimensions).  Include enough depth levels to represent  the non-zero values of this field everywhere on the globe. Report on native horizontal grid. If a function of depth, perform online remapping to depth or pressure, if not native vertical grid.",longitude latitude olevel time,hfsnthermds,real,,XY-O,time-intv,Omon,hfsnthermds,hfsnthermds,tavg-ol-hxy-sea,hfsnthermds_tavg-ol-hxy-sea,glb,Omon.hfsnthermds,ocean.hfsnthermds.tavg-ol-hxy-sea.mon.glb,baa68852-e5dd-11e5-8482-ac72891c3257,medium,,
187,ocean.hfsnthermds.tavg-u-hxy-sea.mon.glb,mon,ocean,heat_flux_into_sea_water_due_to_snow_thermodynamics,W m-2,area: mean where sea time: mean,area: areacello,Heat Flux into Sea Water Due to Snow Thermodynamics,"In accordance with common usage in geophysical disciplines, ""flux"" implies per unit area, called ""flux density"" in physics.  The specification of a physical process by the phrase due_to_process means that the quantity named is a  single term in a sum of terms which together compose the general quantity  named by omitting the phrase.  ""Snow thermodynamics"" refers to the addition or subtraction of mass due to surface and basal fluxes, i.e., due to melting, sublimation and fusion.","If only the vertically integrated heat flux is available, report as this 2-d field; otherwise hfsnthermds should be used.",longitude latitude time,hfsnthermds,real,,XY-na,time-intv,Omon,hfsnthermds,hfsnthermds,tavg-u-hxy-sea,hfsnthermds_tavg-u-hxy-sea,glb,Omon.hfsnthermds2d,ocean.hfsnthermds.tavg-u-hxy-sea.mon.glb,baa68c80-e5dd-11e5-8482-ac72891c3257,medium,,
189,ocean.hfx.tavg-u-hxy-sea.day.glb,day,ocean,ocean_heat_x_transport,W,area: mean where sea depth: sum where sea (over entire ocean column) time: mean,area: areacello,Vertically Integrated Ocean Heat X Transport,Ocean heat x transport vertically integrated over the whole ocean depth. Contains all contributions to 'x-ward' heat transport from resolved and parameterized processes. Use Celsius for temperature scale. Report on native horizontal grid.,2d vertically integrated field. Report on native horizontal grid.,longitude latitude time,hfx,real,,XY-int,time-intv,Oday,hfx,hfx,tavg-u-hxy-sea,hfx_tavg-u-hxy-sea,glb,Oday.hfxint,ocean.hfx.tavg-u-hxy-sea.day.glb,83bbfb89-7f07-11ef-9308-b1dd71e64bec,high,,
192,ocean.hfy.tavg-u-hxy-sea.day.glb,day,ocean,ocean_heat_y_transport,W,area: mean where sea depth: sum where sea (over entire ocean column) time: mean,area: areacello,Vertically Integrated Ocean Heat Y Transport,Ocean heat y transport vertically integrated over the whole ocean depth. Contains all contributions to 'y-ward' heat transport from resolved and parameterized processes. Use Celsius for temperature scale. Report on native horizontal grid.,2d vertically integrated field. Report on native horizontal grid.,longitude latitude time,hfy,real,,XY-int,time-intv,Oday,hfy,hfy,tavg-u-hxy-sea,hfy_tavg-u-hxy-sea,glb,Oday.hfyint,ocean.hfy.tavg-u-hxy-sea.day.glb,83bbfb88-7f07-11ef-9308-b1dd71e64bec,high,,
194,ocean.htovgyre.tavg-u-hyb-sea.mon.glb,mon,ocean,northward_ocean_heat_transport_due_to_gyre,W,depth: longitude: sum where sea (along a zig-zag grid path spanning a basin)  time: mean,,Northward Ocean Heat Transport Due to Gyre,"From all advective mass transport processes, resolved and parameterized.","For models which do not have a Cartesian lat-long grid, this transport can be approximated as the transport across zig-zag paths corresponding to latitudes with spacing between latitudes appropriate to the model's resolution, as is done for the ocean meridional overturning mass streamfunction. CHANGE SINCE CMIP6 in Cell Methods - CMIP6:longitude: sum (comment: basin sum [along zig-zag grid path]) depth: sum time: mean CMIP7:depth: longitude: sum where sea (along a zig-zag grid path spanning a basin)  time: mean,",latitude basin time,htovgyre,real,,YB-na,time-intv,Omon,htovgyre,htovgyre,tavg-u-hyb-sea,htovgyre_tavg-u-hyb-sea,glb,Omon.htovgyre,ocean.htovgyre.tavg-u-hyb-sea.mon.glb,baa5ef8c-e5dd-11e5-8482-ac72891c3257,high,,
195,ocean.htovovrt.tavg-u-hyb-sea.mon.glb,mon,ocean,northward_ocean_heat_transport_due_to_overturning,W,depth: longitude: sum where sea (along a zig-zag grid path spanning a basin)  time: mean,,Northward Ocean Heat Transport Due to Overturning,"From all advective mass transport processes, resolved and parameterized.","For models which do not have a Cartesian lat-long grid, this transport can be approximated as the transport across zig-zag paths corresponding to latitudes with spacing between latitudes appropriate to the model's resolution, as is done for the ocean meridional overturning mass streamfunction. CHANGE SINCE CMIP6 in Cell Methods - CMIP6:longitude: sum (comment: basin sum [along zig-zag grid path]) depth: sum time: mean CMIP7:depth: longitude: sum where sea (along a zig-zag grid path spanning a basin)  time: mean,",latitude basin time,htovovrt,real,,YB-na,time-intv,Omon,htovovrt,htovovrt,tavg-u-hyb-sea,htovovrt_tavg-u-hyb-sea,glb,Omon.htovovrt,ocean.htovovrt.tavg-u-hyb-sea.mon.glb,baa5f3ba-e5dd-11e5-8482-ac72891c3257,high,,
196,ocean.masscello.tavg-ol-hxy-sea.dec.glb,dec,ocean,sea_water_mass_per_unit_area,kg m-2,area: mean where sea time: mean,area: areacello volume: volcello,Ocean Grid-Cell Mass per Area,"For Boussinesq models, report this diagnostic as Boussinesq reference density times grid celll volume.","Report on native horizontal grid as well as on a spherical latitude/longitude grid. Online mapping to depth/pressure vertical grid if depth or pressure are not native. Do not use this field if masscello is fixed: use Ofx.masscello instead. CHANGE SINCE CMIP6 in Cell Methods - CMIP6:area: sum where sea time: mean CMIP7:area: mean where sea time: mean,",longitude latitude olevel time,masscello,real,,XY-O,time-intv,Odec,masscello,masscello,tavg-ol-hxy-sea,masscello_tavg-ol-hxy-sea,glb,Odec.masscello,ocean.masscello.tavg-ol-hxy-sea.dec.glb,8872d1a8-1027-11e8-9d87-1c4d70487308,high,,
199,ocean.masso.tavg-u-hm-sea.dec.glb,dec,ocean,sea_water_mass,kg,area: sum where sea time: mean,,Sea Water Mass,"Total mass of liquid sea water. For Boussinesq models, report this diagnostic as Boussinesq reference density times total volume.",,time,masso,real,,na-na,time-intv,Odec,masso,masso,tavg-u-hm-sea,masso_tavg-u-hm-sea,glb,Odec.masso,ocean.masso.tavg-u-hm-sea.dec.glb,4794f818-bb0b-11e6-8316-5980f7b176d1,high,,
200,ocean.masso.tavg-u-hm-sea.mon.glb,mon,ocean,sea_water_mass,kg,area: sum where sea time: mean,,Sea Water Mass,"Total mass of liquid sea water. For Boussinesq models, report this diagnostic as Boussinesq reference density times total volume.",,time,masso,real,,na-na,time-intv,Omon,masso,masso,tavg-u-hm-sea,masso_tavg-u-hm-sea,glb,Omon.masso,ocean.masso.tavg-u-hm-sea.mon.glb,baa4f730-e5dd-11e5-8482-ac72891c3257,high,,
201,ocean.mfo.tavg-u-ht-sea.mon.glb,mon,ocean,sea_water_transport_across_line,kg s-1,depth: sum where sea time: mean,,Sea Water Transport,"Transport across_line means that which crosses a particular line on the Earth's surface (based on appendix J and table J1 of Griffies et al, 2016 (<https://doi.org/10.5194/gmd-9-3231-2016>). Formally this means the integral along the line of the normal component of the transport. The transport should be evaluated for the full depth of the ocean, except for the Pacific Equatorial Undercurrent, which is averaged from the surface to 350m.","Full depth mean, apart from Pacific Equatorial Undercurrent, which is only top 350m. CHANGE SINCE CMIP6 in Cell Methods - CMIP6:time: mean CMIP7:depth: sum where sea time: mean,",oline time,mfo,real,,TR-na,time-intv,Omon,mfo,mfo,tavg-u-ht-sea,mfo_tavg-u-ht-sea,glb,Omon.mfo,ocean.mfo.tavg-u-ht-sea.mon.glb,baa60bf2-e5dd-11e5-8482-ac72891c3257,medium,,
202,ocean.mlotst.tavg-u-hxy-sea.day.glb,day,ocean,ocean_mixed_layer_thickness_defined_by_sigma_t,m,area: mean where sea time: mean,area: areacello,Ocean Mixed Layer Thickness Defined by Delta Sigma T of 0.03 kg m-3 referenced to the model level closest to 10 m depth,Sigma T is potential density referenced to ocean surface. Defined by Sigma T of 0.03 kg m-3 wrt to model level closest to 10 m depth.,"dsigmat coordinate added to clarify definition. CHANGE SINCE CMIP6 in Dimensions - CMIP6:longitude latitude time CMIP7:longitude latitude time deltasigt,",longitude latitude time deltasigt,mlotst,real,,XY-na,time-intv,Eday,mlotst,mlotst,tavg-u-hxy-sea,mlotst_tavg-u-hxy-sea,glb,Eday.mlotst,ocean.mlotst.tavg-u-hxy-sea.day.glb,8168b848-f906-11e6-a176-5404a60d96b5,high,,
204,ocean.mlotst.tmax-u-hxy-sea.mon.glb,mon,ocean,ocean_mixed_layer_thickness_defined_by_sigma_t,m,area: mean where sea time: maximum,area: areacello,Maximum Ocean Mixed Layer Thickness Defined by Delta Sigma T of 0.03 kg m-3 referenced to the model level closest to 10 m depth,Sigma T is potential density referenced to ocean surface. Defined by Sigma T of 0.03 kg m-3 wrt to model level closest to 10 m depth.,"dsigmat coordinate added to clarify definition.Report on native horizontal grid as well as on a spherical latitude/longitude grid. CHANGE SINCE CMIP6 in Dimensions - CMIP6:longitude latitude time CMIP7:longitude latitude time deltasigt, CHANGE SINCE CMIP6 in Cell Methods - CMIP6:area: mean time: maximum CMIP7:area: mean where sea time: maximum,",longitude latitude time deltasigt,mlotst,real,,XY-na,time-intv,Omon,mlotstmax,mlotst,tmax-u-hxy-sea,mlotst_tmax-u-hxy-sea,glb,Omon.mlotstmax,ocean.mlotst.tmax-u-hxy-sea.mon.glb,1aab3e76-b006-11e6-9289-ac72891c3257,high,,
205,ocean.mlotst.tmin-u-hxy-sea.mon.glb,mon,ocean,ocean_mixed_layer_thickness_defined_by_sigma_t,m,area: mean where sea time: minimum,area: areacello,Minimum Ocean Mixed Layer Thickness Defined by Delta Sigma T of 0.03 kg m-3 referenced to the model level closest to 10 m depth,Sigma T is potential density referenced to ocean surface. Defined by Sigma T of 0.03 kg m-3 wrt to model level closest to 10 m depth.,"dsigmat coordinate added to clarify definition. CHANGE SINCE CMIP6 in Dimensions - CMIP6:longitude latitude time CMIP7:longitude latitude time deltasigt, CHANGE SINCE CMIP6 in Cell Methods - CMIP6:area: mean time: minimum CMIP7:area: mean where sea time: minimum,",longitude latitude time deltasigt,mlotst,real,,XY-na,time-intv,Omon,mlotstmin,mlotst,tmin-u-hxy-sea,mlotst_tmin-u-hxy-sea,glb,Omon.mlotstmin,ocean.mlotst.tmin-u-hxy-sea.mon.glb,1aab4e7a-b006-11e6-9289-ac72891c3257,high,,
206,ocean.mlotstsq.tavg-u-hxy-sea.mon.glb,mon,ocean,square_of_ocean_mixed_layer_thickness_defined_by_sigma_t,m2,area: mean where sea time: mean,area: areacello,Square of Ocean Mixed Layer Thickness Defined by Delta Sigma T of 0.03 kg m-3 referenced to the model level closest to 10 m depth,"Sigma T is potential density referenced to ocean surface. The phrase ""square_of_X"" means X\*X. The ocean mixed layer is the upper part of the ocean, regarded as being well-mixed. The base of the mixed layer defined by ""temperature"", ""sigma"", ""sigma_theta"", ""sigma_t"" or vertical diffusivity is the level at which the quantity indicated differs from its surface value by a certain amount. A coordinate variable or scalar coordinate variable with standard name sea_water_sigma_t_difference can be used to specify the sigma_t criterion that determines the layer thickness. Sigma-t of sea water is the density of water at atmospheric pressure (i.e. the surface) having the same temperature and salinity, minus 1000 kg m-3. ""Thickness"" means the vertical extent of a layer.","dsigmat coordinate added to clarify definition. CHANGE SINCE CMIP6 in Dimensions - CMIP6:longitude latitude time CMIP7:longitude latitude time deltasigt,",longitude latitude time deltasigt,mlotstsq,real,,XY-na,time-intv,Omon,mlotstsq,mlotstsq,tavg-u-hxy-sea,mlotstsq_tavg-u-hxy-sea,glb,Omon.mlotstsq,ocean.mlotstsq.tavg-u-hxy-sea.mon.glb,baa57ac0-e5dd-11e5-8482-ac72891c3257,low,,
207,ocean.msftbarot.tavg-u-hxy-sea.mon.glb,mon,ocean,ocean_barotropic_mass_streamfunction,kg s-1,area: mean where sea time: mean,area: areacello,Ocean Barotropic Mass Streamfunction,Streamfunction or its approximation for free surface models. See OMDP document for details.,Report on native horizontal grid as well as on a spherical latitude/longitude grid.,longitude latitude time,msftbarot,real,,XY-na,time-intv,Omon,msftbarot,msftbarot,tavg-u-hxy-sea,msftbarot_tavg-u-hxy-sea,glb,Omon.msftbarot,ocean.msftbarot.tavg-u-hxy-sea.mon.glb,baa57250-e5dd-11e5-8482-ac72891c3257,high,,
209,ocean.msftm.tavg-rho-hyb-sea.mon.glb,mon,ocean,ocean_meridional_overturning_mass_streamfunction,kg s-1,depth: longitude: sum where sea (along a zig-zag grid path spanning a basin)  time: mean,,Ocean Meridional Overturning Mass Streamfunction,"Overturning mass streamfunction arising from all advective mass transport processes, resolved and parameterized.","Function of latitude, rho, basin. For a model with a cartesian latxlon grid, this is the same as the ""Ocean Y Overturning Mass Streamfunction"" (msftyrho), which should in this case be omitted.  For other models, this transport should be approximated as the transport across zig-zag paths corresponding to latitudes with spacing between latitudes appropriate to the model's resolution. CHANGE SINCE CMIP6 in Cell Methods - CMIP6:longitude: sum (comment: basin sum [along zig-zag grid path]) depth: sum time: mean CMIP7:depth: longitude: sum where sea (along a zig-zag grid path spanning a basin)  time: mean,",latitude rho basin time,msftm,real,,YB-R,time-intv,Omon,msftmrho,msftm,tavg-rho-hyb-sea,msftm_tavg-rho-hyb-sea,glb,Omon.msftmrho,ocean.msftm.tavg-rho-hyb-sea.mon.glb,baa5a1da-e5dd-11e5-8482-ac72891c3257,high,,
210,ocean.msftmmpa.tavg-ol-hyb-sea.mon.glb,mon,ocean,ocean_meridional_overturning_mass_streamfunction_due_to_parameterized_mesoscale_eddy_advection,kg s-1,depth: longitude: sum where sea (along a zig-zag grid path spanning a basin)  time: mean,,Ocean Meridional Overturning Mass Streamfunction Due to Parameterized Mesoscale Advection,"CMIP5 called this ""due to Bolus Advection"".  Name change respects the more general physics of the mesoscale parameterizations.","Function of latitude, Z, basin. For a model with a cartesian latxlon grid, this is the same as the ""Ocean Y Overturning Mass Streamfunction"" (msftyzmpa), which should in this case be omitted.  For other models, this transport should be approximated as the transport across zig-zag paths corresponding to latitudes with spacing between latitudes appropriate to the model's resolution. CHANGE SINCE CMIP6 in Cell Methods - CMIP6:longitude: sum (comment: basin sum [along zig-zag grid path]) depth: sum time: mean CMIP7:depth: longitude: sum where sea (along a zig-zag grid path spanning a basin)  time: mean,",latitude olevel basin time,msftmmpa,real,,YB-O,time-intv,Omon,msftmzmpa,msftmmpa,tavg-ol-hyb-sea,msftmmpa_tavg-ol-hyb-sea,glb,Omon.msftmzmpa,ocean.msftmmpa.tavg-ol-hyb-sea.mon.glb,baa5af36-e5dd-11e5-8482-ac72891c3257,medium,,
211,ocean.msftmmpa.tavg-rho-hyb-sea.mon.glb,mon,ocean,ocean_meridional_overturning_mass_streamfunction_due_to_parameterized_mesoscale_eddy_advection,kg s-1,depth: longitude: sum where sea (along a zig-zag grid path spanning a basin)  time: mean,,Ocean Meridional Overturning Mass Streamfunction Due to Parameterized Mesoscale Advection,"CMIP5 called this ""due to Bolus Advection"".  Name change respects the more general physics of the mesoscale parameterizations.","Function of latitude, rho, basin. For a model with a cartesian latxlon grid, this is the same as the ""Ocean Y Overturning Mass Streamfunction"" (msftyrhompa), which should in this case be omitted.  For other models, this transport should be approximated as the transport across zig-zag paths corresponding to latitudes with spacing between latitudes appropriate to the model's resolution. CHANGE SINCE CMIP6 in Cell Methods - CMIP6:longitude: sum (comment: basin sum [along zig-zag grid path]) depth: sum time: mean CMIP7:depth: longitude: sum where sea (along a zig-zag grid path spanning a basin)  time: mean,",latitude rho basin time,msftmmpa,real,,YB-R,time-intv,Omon,msftmrhompa,msftmmpa,tavg-rho-hyb-sea,msftmmpa_tavg-rho-hyb-sea,glb,Omon.msftmrhompa,ocean.msftmmpa.tavg-rho-hyb-sea.mon.glb,baa5b364-e5dd-11e5-8482-ac72891c3257,low,,
212,ocean.msftmsmpa.tavg-ol-hyb-sea.mon.glb,mon,ocean,ocean_meridional_overturning_mass_streamfunction_due_to_parameterized_submesoscale_eddy_advection,kg s-1,depth: longitude: sum where sea (along a zig-zag grid path spanning a basin)  time: mean,,Ocean Meridional Overturning Mass Streamfunction Due to Parameterized Submesoscale Advection,Report only if there is a submesoscale eddy parameterization.,"Function of latitude, Z, basin. For a model with a cartesian latxlon grid, this is the same as the ""Ocean Y Overturning Mass Streamfunction"" (msftyzsmpa), which should in this case be omitted.  For other models, this transport should be approximated as the transport across zig-zag paths corresponding to latitudes with spacing between latitudes appropriate to the model's resolution. CHANGE SINCE CMIP6 in Cell Methods - CMIP6:longitude: sum (comment: basin sum [along zig-zag grid path]) depth: sum time: mean CMIP7:depth: longitude: sum where sea (along a zig-zag grid path spanning a basin)  time: mean,",latitude olevel basin time,msftmsmpa,real,,YB-O,time-intv,Omon,msftmzsmpa,msftmsmpa,tavg-ol-hyb-sea,msftmsmpa_tavg-ol-hyb-sea,glb,Omon.msftmzsmpa,ocean.msftmsmpa.tavg-ol-hyb-sea.mon.glb,baa5c020-e5dd-11e5-8482-ac72891c3257,low,,
214,ocean.msfty.tavg-rho-ht-sea.mon.glb,mon,ocean,ocean_y_overturning_mass_streamfunction,kg s-1,grid_longitude: sum where sea time: mean,,Ocean Y Overturning Mass Streamfunction,"Overturning mass streamfunction arising from all advective mass transport processes, resolved and parameterized.","Function of Y, rho, basin. For a model with a cartesian latxlon grid, this is the same as the ""Ocean Meridional Overturning Mass Streamfunction"" (msftmrho) and so the y-overturning variable should in this case be omitted. For a model where these are distinct, this variable should contain a grid-oriented quasi-meridional overturning, in contrast with msftmrho, which is the actual \*meridional\* overturning (with north-south flow about an east-west axis).
CHANGE SINCE CMIP6 in Cell Methods - CMIP6:time: mean grid_longitude: mean CMIP7:grid_longitude: sum where sea time: mean,",gridlatitude rho basin time,msfty,real,,GYB-R,time-intv,Omon,msftyrho,msfty,tavg-rho-ht-sea,msfty_tavg-rho-ht-sea,glb,Omon.msftyrho,ocean.msfty.tavg-rho-ht-sea.mon.glb,baa5aafe-e5dd-11e5-8482-ac72891c3257,high,,
215,ocean.msftypa.tavg-ol-ht-sea.mon.glb,mon,ocean,ocean_y_overturning_mass_streamfunction_due_to_parameterized_mesoscale_eddy_advection,kg s-1,grid_longitude: sum where sea time: mean,,Ocean Y Overturning Mass Streamfunction Due to Parameterized Mesoscale Advection,"CMIP5 called this ""due to Bolus Advection"".  Name change respects the more general physics of the mesoscale parameterizations.","Function of Y, rho, basin. For a model with a cartesian latxlon grid, this is the same as the ""Ocean Meridional Overturning Mass Streamfunction"" (msftmrho) and so the y-overturning variable should in this case be omitted. For a model where these are distinct, this variable should contain a grid-oriented quasi-meridional overturning, in contrast with msftmrho, which is the actual \*meridional\* overturning (with north-south flow about an east-west axis).
CHANGE SINCE CMIP6 in Cell Methods - CMIP6:time: mean grid_longitude: mean CMIP7:grid_longitude: sum where sea time: mean,",gridlatitude olevel basin time,msftypa,real,,GYB-O,time-intv,Omon,msftyzmpa,msftypa,tavg-ol-ht-sea,msftypa_tavg-ol-ht-sea,glb,Omon.msftyzmpa,ocean.msftypa.tavg-ol-ht-sea.mon.glb,baa5b79c-e5dd-11e5-8482-ac72891c3257,low,,
216,ocean.msftypa.tavg-rho-ht-sea.mon.glb,mon,ocean,ocean_y_overturning_mass_streamfunction_due_to_parameterized_mesoscale_eddy_advection,kg s-1,grid_longitude: sum where sea time: mean,,Ocean Y Overturning Mass Streamfunction Due to Parameterized Mesoscale Advection,"CMIP5 called this ""due to Bolus Advection"".  Name change respects the more general physics of the mesoscale parameterizations.","Function of Y, rho, basin. For a model with a cartesian latxlon grid, this is the same as the ""Ocean Meridional Overturning Mass Streamfunction"" (msftmrho) and so the y-overturning variable should in this case be omitted. For a model where these are distinct, this variable should contain a grid-oriented quasi-meridional overturning, in contrast with msftmrho, which is the actual \*meridional\* overturning (with north-south flow about an east-west axis).
CHANGE SINCE CMIP6 in Cell Methods - CMIP6:time: mean grid_longitude: mean CMIP7:grid_longitude: sum where sea time: mean,",gridlatitude rho basin time,msftypa,real,,GYB-R,time-intv,Omon,msftyrhompa,msftypa,tavg-rho-ht-sea,msftypa_tavg-rho-ht-sea,glb,Omon.msftyrhompa,ocean.msftypa.tavg-rho-ht-sea.mon.glb,baa5bbe8-e5dd-11e5-8482-ac72891c3257,low,,
217,ocean.obvfsq.tavg-ol-hxy-sea.mon.glb,mon,ocean,square_of_brunt_vaisala_frequency_in_sea_water,s-2,area: mean where sea time: mean,area: areacello volume: volcello,Square of Brunt Vaisala Frequency in Sea Water,"The phrase ""square_of_X"" means X\*X. Frequency is the number of oscillations of a wave per unit time. Brunt-Vaisala frequency is also sometimes called ""buoyancy frequency"" and is a measure of the vertical stratification of the medium.",Report on native horizontal grid as well as on a spherical latitude/longitude grid. Online mapping to depth/pressure vertical grid if depth or pressure are not native.,longitude latitude olevel time,obvfsq,real,,XY-O,time-intv,Omon,obvfsq,obvfsq,tavg-ol-hxy-sea,obvfsq_tavg-ol-hxy-sea,glb,Omon.obvfsq,ocean.obvfsq.tavg-ol-hxy-sea.mon.glb,1aab5d20-b006-11e6-9289-ac72891c3257,high,,
218,ocean.ocontempdiff.tavg-ol-hxy-sea.yr.glb,yr,ocean,tendency_of_sea_water_conservative_temperature_expressed_as_heat_content_due_to_parameterized_dianeutral_mixing,W m-2,area: mean where sea time: mean,area: areacello volume: volcello,Tendency of Sea Water Conservative Temperature Expressed as Heat Content Due to Parameterized Dianeutral Mixing,Tendency of heat content for a grid cell from parameterized dianeutral mixing. Reported only for models that use conservative temperature as prognostic field.,Report on native horizontal grid. Online mapping to depth/pressure vertical grid if depth or pressure are not native.,longitude latitude olevel time,ocontempdiff,real,,XY-O,time-intv,Oyr,ocontempdiff,ocontempdiff,tavg-ol-hxy-sea,ocontempdiff_tavg-ol-hxy-sea,glb,Oyr.ocontempdiff,ocean.ocontempdiff.tavg-ol-hxy-sea.yr.glb,baa46770-e5dd-11e5-8482-ac72891c3257,low,,
219,ocean.ocontempmint.tavg-u-hxy-sea.yr.glb,yr,ocean,integral_wrt_depth_of_product_of_conservative_temperature_and_sea_water_density,degC kg m-2,area: mean where sea time: mean,area: areacello,Depth Integral of Product of Sea Water Density and Conservative Temperature,"Full column sum of density\*cell thickness\*conservative temperature. If the model is Boussinesq, then use Boussinesq reference density for the density factor.",,longitude latitude time,ocontempmint,real,,XY-int,time-intv,Oyr,ocontempmint,ocontempmint,tavg-u-hxy-sea,ocontempmint_tavg-u-hxy-sea,glb,Oyr.ocontempmint,ocean.ocontempmint.tavg-u-hxy-sea.yr.glb,1aaf3ea4-b006-11e6-9289-ac72891c3257,low,,
220,ocean.ocontemppadvect.tavg-ol-hxy-sea.yr.glb,yr,ocean,tendency_of_sea_water_conservative_temperature_expressed_as_heat_content_due_to_parameterized_eddy_advection,W m-2,area: mean where sea time: mean,area: areacello volume: volcello,Tendency of Sea Water Conservative Temperature Expressed as Heat Content Due to Parameterized Eddy Advection,Tendency of heat content for a grid cell from parameterized eddy advection (all forms of eddy advection). Reported only for models that use conservative temperature as prognostic field.,Report on native horizontal grid. Online mapping to depth/pressure vertical grid if depth or pressure are not native.,longitude latitude olevel time,ocontemppadvect,real,,XY-O,time-intv,Oyr,ocontemppadvect,ocontemppadvect,tavg-ol-hxy-sea,ocontemppadvect_tavg-ol-hxy-sea,glb,Oyr.ocontemppadvect,ocean.ocontemppadvect.tavg-ol-hxy-sea.yr.glb,baa4569a-e5dd-11e5-8482-ac72891c3257,low,,
221,ocean.ocontemppmdiff.tavg-ol-hxy-sea.yr.glb,yr,ocean,tendency_of_sea_water_conservative_temperature_expressed_as_heat_content_due_to_parameterized_mesoscale_eddy_diffusion,W m-2,area: mean where sea time: mean,area: areacello volume: volcello,Tendency of Sea Water Conservative Temperature Expressed as Heat Content Due to Parameterized Mesoscale Diffusion,Tendency of heat content for a grid cell from parameterized mesoscale eddy diffusion. Reported only for models that use conservative temperature as prognostic field.,Report on native horizontal grid. Online mapping to depth/pressure vertical grid if depth or pressure are not native.,longitude latitude olevel time,ocontemppmdiff,real,,XY-O,time-intv,Oyr,ocontemppmdiff,ocontemppmdiff,tavg-ol-hxy-sea,ocontemppmdiff_tavg-ol-hxy-sea,glb,Oyr.ocontemppmdiff,ocean.ocontemppmdiff.tavg-ol-hxy-sea.yr.glb,baa45f14-e5dd-11e5-8482-ac72891c3257,low,,
222,ocean.ocontemppsmadvect.tavg-ol-hxy-sea.yr.glb,yr,ocean,tendency_of_sea_water_conservative_temperature_expressed_as_heat_content_due_to_parameterized_submesoscale_eddy_advection,W m-2,area: mean where sea time: mean,area: areacello volume: volcello,Tendency of Sea Water Conservative Temperature Expressed as Heat Content Due to Parameterized Submesoscale Advection,Tendency of heat content for a grid cell from parameterized submesoscale eddy advection. Reported only for models that use conservative temperature as prognostic field.,Report on native horizontal grid. Online mapping to depth/pressure vertical grid if depth or pressure are not native.,longitude latitude olevel time,ocontemppsmadvect,real,,XY-O,time-intv,Oyr,ocontemppsmadvect,ocontemppsmadvect,tavg-ol-hxy-sea,ocontemppsmadvect_tavg-ol-hxy-sea,glb,Oyr.ocontemppsmadvect,ocean.ocontemppsmadvect.tavg-ol-hxy-sea.yr.glb,baa46342-e5dd-11e5-8482-ac72891c3257,low,,
223,ocean.ocontemprmadvect.tavg-ol-hxy-sea.yr.glb,yr,ocean,tendency_of_sea_water_conservative_temperature_expressed_as_heat_content_due_to_residual_mean_advection,W m-2,area: mean where sea time: mean,area: areacello volume: volcello,Tendency of Sea Water Conservative Temperature Expressed as Heat Content Due to Residual Mean Advection,Tendency of heat content for a grid cell from residual mean  (sum of Eulerian mean + parameterized eddy-induced) advection. Reported only for models that use conservative temperature as prognostic field.,Report on native horizontal grid. Online mapping to depth/pressure vertical grid if depth or pressure are not native.,longitude latitude olevel time,ocontemprmadvect,real,,XY-O,time-intv,Oyr,ocontemprmadvect,ocontemprmadvect,tavg-ol-hxy-sea,ocontemprmadvect_tavg-ol-hxy-sea,glb,Oyr.ocontemprmadvect,ocean.ocontemprmadvect.tavg-ol-hxy-sea.yr.glb,1aafb96a-b006-11e6-9289-ac72891c3257,low,,
224,ocean.ocontemptend.tavg-ol-hxy-sea.yr.glb,yr,ocean,tendency_of_sea_water_conservative_temperature_expressed_as_heat_content,W m-2,area: mean where sea time: mean,area: areacello volume: volcello,Tendency of Sea Water Conservative Temperature Expressed as Heat Content,Tendency of heat content for a grid cell from all processes. Reported only for models that use conservative temperature as prognostic field.,Report on native horizontal grid. Online mapping to depth/pressure vertical grid if depth or pressure are not native.,longitude latitude olevel time,ocontemptend,real,,XY-O,time-intv,Oyr,ocontemptend,ocontemptend,tavg-ol-hxy-sea,ocontemptend_tavg-ol-hxy-sea,glb,Oyr.ocontemptend,ocean.ocontemptend.tavg-ol-hxy-sea.yr.glb,baa44e34-e5dd-11e5-8482-ac72891c3257,low,,
225,ocean.opottempdiff.tavg-ol-hxy-sea.yr.glb,yr,ocean,tendency_of_sea_water_potential_temperature_expressed_as_heat_content_due_to_parameterized_dianeutral_mixing,W m-2,area: mean where sea time: mean,area: areacello volume: volcello,Tendency of Sea Water Potential Temperature Expressed as Heat Content Due to Parameterized Dianeutral Mixing,Tendency of heat content for a grid cell from parameterized dianeutral mixing. Reported only for models that use potential temperature as prognostic field.,Report on native horizontal grid. Online mapping to depth/pressure vertical grid if depth or pressure are not native.,longitude latitude olevel time,opottempdiff,real,,XY-O,time-intv,Oyr,opottempdiff,opottempdiff,tavg-ol-hxy-sea,opottempdiff_tavg-ol-hxy-sea,glb,Oyr.opottempdiff,ocean.opottempdiff.tavg-ol-hxy-sea.yr.glb,baa4461e-e5dd-11e5-8482-ac72891c3257,low,,
226,ocean.opottempmint.tavg-u-hxy-sea.yr.glb,yr,ocean,integral_wrt_depth_of_product_of_potential_temperature_and_sea_water_density,degC kg m-2,area: mean where sea time: mean,area: areacello,Integral with Respect to Depth of Product of Sea Water Density and Potential Temperature,"Full column sum of density\*cell thickness\*potential temperature. If the model is Boussinesq, then use Boussinesq reference density for the density factor.",Report on native horizontal grid,longitude latitude time,opottempmint,real,,XY-int,time-intv,Oyr,opottempmint,opottempmint,tavg-u-hxy-sea,opottempmint_tavg-u-hxy-sea,glb,Oyr.opottempmint,ocean.opottempmint.tavg-u-hxy-sea.yr.glb,1aaf2e6e-b006-11e6-9289-ac72891c3257,low,,
227,ocean.opottemppadvect.tavg-ol-hxy-sea.yr.glb,yr,ocean,tendency_of_sea_water_potential_temperature_expressed_as_heat_content_due_to_parameterized_eddy_advection,W m-2,area: mean where sea time: mean,area: areacello volume: volcello,Tendency of Sea Water Potential Temperature Expressed as Heat Content Due to Parameterized Eddy Advection,Tendency of heat content for a grid cell from parameterized  eddy advection (all forms of eddy advection). Reported only for models that use potential temperature as prognostic field.,Report on native horizontal grid. Online mapping to depth/pressure vertical grid if depth or pressure are not native.,longitude latitude olevel time,opottemppadvect,real,,XY-O,time-intv,Oyr,opottemppadvect,opottemppadvect,tavg-ol-hxy-sea,opottemppadvect_tavg-ol-hxy-sea,glb,Oyr.opottemppadvect,ocean.opottemppadvect.tavg-ol-hxy-sea.yr.glb,baa4353e-e5dd-11e5-8482-ac72891c3257,low,,
228,ocean.opottemppmdiff.tavg-ol-hxy-sea.yr.glb,yr,ocean,tendency_of_sea_water_potential_temperature_expressed_as_heat_content_due_to_parameterized_mesoscale_eddy_diffusion,W m-2,area: mean where sea time: mean,area: areacello volume: volcello,Tendency of Sea Water Potential Temperature Expressed as Heat Content Due to Parameterized Mesoscale Diffusion,Tendency of heat content for a grid cell from parameterized mesoscale eddy diffusion. Reported only for models that use potential temperature as prognostic field.,Report on native horizontal grid. Online mapping to depth/pressure vertical grid if depth or pressure are not native.,longitude latitude olevel time,opottemppmdiff,real,,XY-O,time-intv,Oyr,opottemppmdiff,opottemppmdiff,tavg-ol-hxy-sea,opottemppmdiff_tavg-ol-hxy-sea,glb,Oyr.opottemppmdiff,ocean.opottemppmdiff.tavg-ol-hxy-sea.yr.glb,baa43db8-e5dd-11e5-8482-ac72891c3257,low,,
229,ocean.opottemppsmadvect.tavg-ol-hxy-sea.yr.glb,yr,ocean,tendency_of_sea_water_potential_temperature_expressed_as_heat_content_due_to_parameterized_submesoscale_eddy_advection,W m-2,area: mean where sea time: mean,area: areacello volume: volcello,Tendency of Sea Water Potential Temperature Expressed as Heat Content Due to Parameterized Submesoscale Advection,Tendency of heat content for a grid cell from parameterized submesoscale eddy advection. Reported only for models that use potential temperature as prognostic field.,Report on native horizontal grid. Online mapping to depth/pressure vertical grid if depth or pressure are not native.,longitude latitude olevel time,opottemppsmadvect,real,,XY-O,time-intv,Oyr,opottemppsmadvect,opottemppsmadvect,tavg-ol-hxy-sea,opottemppsmadvect_tavg-ol-hxy-sea,glb,Oyr.opottemppsmadvect,ocean.opottemppsmadvect.tavg-ol-hxy-sea.yr.glb,baa441f0-e5dd-11e5-8482-ac72891c3257,low,,
230,ocean.opottemprmadvect.tavg-ol-hxy-sea.yr.glb,yr,ocean,tendency_of_sea_water_potential_temperature_expressed_as_heat_content_due_to_residual_mean_advection,W m-2,area: mean where sea time: mean,area: areacello volume: volcello,Tendency of Sea Water Potential Temperature Expressed as Heat Content Due to Residual Mean Advection,Tendency of heat content for a grid cell from residual mean (sum of Eulerian mean + parameterized eddy-induced) advection. Reported only for models that use potential temperature as prognostic field.,Report on native horizontal grid. Online mapping to depth/pressure vertical grid if depth or pressure are not native.,longitude latitude olevel time,opottemprmadvect,real,,XY-O,time-intv,Oyr,opottemprmadvect,opottemprmadvect,tavg-ol-hxy-sea,opottemprmadvect_tavg-ol-hxy-sea,glb,Oyr.opottemprmadvect,ocean.opottemprmadvect.tavg-ol-hxy-sea.yr.glb,1aaf7360-b006-11e6-9289-ac72891c3257,low,,
231,ocean.opottemptend.tavg-ol-hxy-sea.dec.glb,dec,ocean,tendency_of_sea_water_potential_temperature_expressed_as_heat_content,W m-2,area: mean where sea time: mean,area: areacello volume: volcello,Tendency of Sea Water Potential Temperature Expressed as Heat Content,Tendency of heat content for a grid cell from all processes. Reported only for models that use potential temperature as prognostic field.,Report on native horizontal grid. Online mapping to depth/pressure vertical grid if depth or pressure are not native.,longitude latitude olevel time,opottemptend,real,,XY-O,time-intv,Odec,opottemptend,opottemptend,tavg-ol-hxy-sea,opottemptend_tavg-ol-hxy-sea,glb,Odec.opottemptend,ocean.opottemptend.tavg-ol-hxy-sea.dec.glb,80ab740c-a698-11ef-914a-613c0433d878,low,,
232,ocean.opottemptend.tavg-ol-hxy-sea.yr.glb,yr,ocean,tendency_of_sea_water_potential_temperature_expressed_as_heat_content,W m-2,area: mean where sea time: mean,area: areacello volume: volcello,Tendency of Sea Water Potential Temperature Expressed as Heat Content,Tendency of heat content for a grid cell from all processes. Reported only for models that use potential temperature as prognostic field.,Report on native horizontal grid. Online mapping to depth/pressure vertical grid if depth or pressure are not native.,longitude latitude olevel time,opottemptend,real,,XY-O,time-intv,Oyr,opottemptend,opottemptend,tavg-ol-hxy-sea,opottemptend_tavg-ol-hxy-sea,glb,Oyr.opottemptend,ocean.opottemptend.tavg-ol-hxy-sea.yr.glb,baa42c60-e5dd-11e5-8482-ac72891c3257,high,,
233,ocean.osaltdiff.tavg-ol-hxy-sea.yr.glb,yr,ocean,tendency_of_sea_water_salinity_expressed_as_salt_content_due_to_parameterized_dianeutral_mixing,kg m-2 s-1,area: mean where sea time: mean,area: areacello volume: volcello,Tendency of Sea Water Salinity Expressed as Salt Content Due to Parameterized Dianeutral Mixing,Tendency of salt content for a grid cell from parameterized dianeutral mixing.,Report on native horizontal grid. Online mapping to depth/pressure vertical grid if depth or pressure are not native.,longitude latitude olevel time,osaltdiff,real,,XY-O,time-intv,Oyr,osaltdiff,osaltdiff,tavg-ol-hxy-sea,osaltdiff_tavg-ol-hxy-sea,glb,Oyr.osaltdiff,ocean.osaltdiff.tavg-ol-hxy-sea.yr.glb,baa48caa-e5dd-11e5-8482-ac72891c3257,low,,
234,ocean.osaltpadvect.tavg-ol-hxy-sea.yr.glb,yr,ocean,tendency_of_sea_water_salinity_expressed_as_salt_content_due_to_parameterized_eddy_advection,kg m-2 s-1,area: mean where sea time: mean,area: areacello volume: volcello,Tendency of Sea Water Salinity Expressed as Salt Content Due to Parameterized Eddy Advection,Tendency of salt content for a grid cell from parameterized eddy advection (any form of eddy advection).,Report on native horizontal grid. Online mapping to depth/pressure vertical grid if depth or pressure are not native.,longitude latitude olevel time,osaltpadvect,real,,XY-O,time-intv,Oyr,osaltpadvect,osaltpadvect,tavg-ol-hxy-sea,osaltpadvect_tavg-ol-hxy-sea,glb,Oyr.osaltpadvect,ocean.osaltpadvect.tavg-ol-hxy-sea.yr.glb,baa47bfc-e5dd-11e5-8482-ac72891c3257,low,,
235,ocean.osaltpmdiff.tavg-ol-hxy-sea.yr.glb,yr,ocean,tendency_of_sea_water_salinity_expressed_as_salt_content_due_to_parameterized_mesoscale_eddy_diffusion,kg m-2 s-1,area: mean where sea time: mean,area: areacello volume: volcello,Tendency of Sea Water Salinity Expressed as Salt Content Due to Parameterized Mesoscale Diffusion,Tendency of salt content for a grid cell from parameterized mesoscale eddy diffusion.,Report on native horizontal grid. Online mapping to depth/pressure vertical grid if depth or pressure are not native.,longitude latitude olevel time,osaltpmdiff,real,,XY-O,time-intv,Oyr,osaltpmdiff,osaltpmdiff,tavg-ol-hxy-sea,osaltpmdiff_tavg-ol-hxy-sea,glb,Oyr.osaltpmdiff,ocean.osaltpmdiff.tavg-ol-hxy-sea.yr.glb,baa4844e-e5dd-11e5-8482-ac72891c3257,low,,
236,ocean.osaltpsmadvect.tavg-ol-hxy-sea.mon.glb,mon,ocean,tendency_of_sea_water_salinity_expressed_as_salt_content_due_to_parameterized_submesoscale_eddy_advection,kg m-2 s-1,area: mean where sea time: mean,area: areacello volume: volcello,Tendency of Sea Water Salinity Expressed as Salt Content Due to Parameterized Submesoscale Advection,Tendency of salt content for a grid cell from parameterized submesoscale eddy advection.,,longitude latitude olevel time,osaltpsmadvect,real,,XY-O,time-intv,Emon,osaltpsmadvect,osaltpsmadvect,tavg-ol-hxy-sea,osaltpsmadvect_tavg-ol-hxy-sea,glb,Emon.osaltpsmadvect,ocean.osaltpsmadvect.tavg-ol-hxy-sea.mon.glb,8b9e32d4-4a5b-11e6-9cd2-ac72891c3257,low,,
237,ocean.osaltpsmadvect.tavg-ol-hxy-sea.yr.glb,yr,ocean,tendency_of_sea_water_salinity_expressed_as_salt_content_due_to_parameterized_submesoscale_eddy_advection,kg m-2 s-1,area: mean where sea time: mean,area: areacello volume: volcello,Tendency of Sea Water Salinity Expressed as Salt Content Due to Parameterized Submesoscale Advection,Tendency of salt content for a grid cell from parameterized submesoscale eddy advection.,Report on native horizontal grid. Online mapping to depth/pressure vertical grid if depth or pressure are not native.,longitude latitude olevel time,osaltpsmadvect,real,,XY-O,time-intv,Oyr,osaltpsmadvect,osaltpsmadvect,tavg-ol-hxy-sea,osaltpsmadvect_tavg-ol-hxy-sea,glb,Oyr.osaltpsmadvect,ocean.osaltpsmadvect.tavg-ol-hxy-sea.yr.glb,baa4887c-e5dd-11e5-8482-ac72891c3257,low,,
238,ocean.osaltrmadvect.tavg-ol-hxy-sea.yr.glb,yr,ocean,tendency_of_sea_water_salinity_expressed_as_salt_content_due_to_residual_mean_advection,kg m-2 s-1,area: mean where sea time: mean,area: areacello volume: volcello,Tendency of Sea Water Salinity Expressed as Salt Content Due to Residual Mean Advection,Tendency of salt content for a grid cell from residual mean  (sum of Eulerian mean + parameterized eddy-induced)  advection.,Report on native horizontal grid. Online mapping to depth/pressure vertical grid if depth or pressure are not native.,longitude latitude olevel time,osaltrmadvect,real,,XY-O,time-intv,Oyr,osaltrmadvect,osaltrmadvect,tavg-ol-hxy-sea,osaltrmadvect_tavg-ol-hxy-sea,glb,Oyr.osaltrmadvect,ocean.osaltrmadvect.tavg-ol-hxy-sea.yr.glb,1aaffce0-b006-11e6-9289-ac72891c3257,low,,
239,ocean.osalttend.tavg-ol-hxy-sea.yr.glb,yr,ocean,tendency_of_sea_water_salinity_expressed_as_salt_content,kg m-2 s-1,area: mean where sea time: mean,area: areacello volume: volcello,Tendency of Sea Water Salinity Expressed as Salt Content,Tendency of salt content for a grid cell from all processes.,Report on native horizontal grid. Online mapping to depth/pressure vertical grid if depth or pressure are not native.,longitude latitude olevel time,osalttend,real,,XY-O,time-intv,Oyr,osalttend,osalttend,tavg-ol-hxy-sea,osalttend_tavg-ol-hxy-sea,glb,Oyr.osalttend,ocean.osalttend.tavg-ol-hxy-sea.yr.glb,baa47378-e5dd-11e5-8482-ac72891c3257,low,,
240,ocean.pbo.tavg-u-hxy-sea.mon.glb,mon,ocean,sea_water_pressure_at_sea_floor,Pa,area: mean where sea time: mean,area: areacello,Sea Water Pressure at Sea Floor,"""Sea water pressure"" is the pressure that exists in the medium of sea water.  It includes the pressure due to overlying sea water, sea ice, air and any other medium that may be present.",CMIP5 had units of dbar.  CMIP6 uses Pa. Report on native horizontal grid as well as on a spherical latitude/longitude grid.,longitude latitude time,pbo,real,,XY-na,time-intv,Omon,pbo,pbo,tavg-u-hxy-sea,pbo_tavg-u-hxy-sea,glb,Omon.pbo,ocean.pbo.tavg-u-hxy-sea.mon.glb,baa4fb54-e5dd-11e5-8482-ac72891c3257,high,,
241,ocean.pfscint.tavg-op4-hxy-sea.mon.glb,mon,ocean,integral_wrt_depth_of_sea_water_preformed_salinity_expressed_as_salt_mass_content,kg m-2,area: time: mean where sea,area: areacello,Integral wrt depth of seawater preformed salinity expressed as salt mass content,"This is a fundamental aspect of the changes in the hydrological cycle and their impact on the oceans, and due to new numerical schemes and vertical discretizations, it is important to calculate it consistently with the model formulation.","CHANGE: This is a new variable, which aids in understanding hydrological change. It is preferable to calculate it online, due to difficulties with vertical discretizations. It is calculated as an integral over hydrostatic pressure ranges, which makes it directly comparable with observations.",longitude latitude oplayer4 time,pfscint,real,,XY-B,time-intv,Omon,pfscint,pfscint,tavg-op4-hxy-sea,pfscint_tavg-op4-hxy-sea,glb,Omon.pfscint,ocean.pfscint.tavg-op4-hxy-sea.mon.glb,80ab72a4-a698-11ef-914a-613c0433d878,high,,
242,ocean.phcint.tavg-op4-hxy-sea.mon.glb,mon,ocean,integral_wrt_depth_of_sea_water_potential_temperature_expressed_as_heat_content,J m-2,area: time: mean where sea,area: areacello,Integrated Ocean Heat Content from Potential Temperature,This is the vertically-integrated heat content derived from potential temperature (thetao).,"CHANGE: This is a new variable, which aids in calculation of energy budgets.  It is preferable to calculate it online, due to difficulties with vertical discretizations.  It is calculated as an integral over hydrostatic pressure ranges, which makes it directly comparable with observations so long as integrals are over 0-300m, 300m-700m, 700m-2000m, total depth.",longitude latitude oplayer4 time,phcint,real,down,XY-B,time-intv,Omon,phcint,phcint,tavg-op4-hxy-sea,phcint_tavg-op4-hxy-sea,glb,Omon.phcint,ocean.phcint.tavg-op4-hxy-sea.mon.glb,80ab72a1-a698-11ef-914a-613c0433d878,high,,
243,ocean.pso.tavg-u-hxy-sea.mon.glb,mon,ocean,sea_water_pressure_at_sea_water_surface,Pa,area: mean where sea time: mean,area: areacello,Sea Water Pressure at Sea Water Surface,"The phrase ""sea water surface"" means the upper boundary of the liquid portion of an ocean or sea, including the boundary to floating ice if present. ""Sea water pressure"" is the pressure that exists in the medium of sea water. It includes the pressure due to overlying sea water, sea ice, air and any other medium that may be present.",CMIP5 had units of dbar.  CMIP6 uses Pa. Report on native horizontal grid as well as on a spherical latitude/longitude grid.,longitude latitude time,pso,real,,XY-na,time-intv,Omon,pso,pso,tavg-u-hxy-sea,pso_tavg-u-hxy-sea,glb,Omon.pso,ocean.pso.tavg-u-hxy-sea.mon.glb,baa4ff96-e5dd-11e5-8482-ac72891c3257,high,,
244,ocean.rsdoabsorb.tavg-ol-hxy-sea.yr.glb,yr,ocean,net_rate_of_absorption_of_shortwave_energy_in_ocean_layer,W m-2,area: mean where sea time: mean,area: areacello volume: volcello,Net Rate of Absorption of Shortwave Energy in Ocean Layer,Tendency of heat content for a grid cell from penetrative shortwave radiation within a grid cell.,,longitude latitude olevel time,rsdoabsorb,real,,XY-O,time-intv,Oyr,rsdoabsorb,rsdoabsorb,tavg-ol-hxy-sea,rsdoabsorb_tavg-ol-hxy-sea,glb,Oyr.rsdoabsorb,ocean.rsdoabsorb.tavg-ol-hxy-sea.yr.glb,1aaf5b6e-b006-11e6-9289-ac72891c3257,low,,
245,ocean.rsds.tavg-u-hxy-ifs.mon.glb,mon,ocean,surface_downwelling_shortwave_flux_in_air,W m-2,area: time: mean where ice_free_sea over sea,area: areacello,Surface Downwelling Shortwave Radiation over Ocean Not Covered by Sea Ice,Surface Downwelling Shortwave Radiation over the portion of an ocean grid cell not covered by sea ice. Can be used for computation of surface albedo.,"other than the different rule for spatial averaging, the variable is equivalent to Amon.rsds",longitude latitude time,rsds,real,down,XY-na,time-intv,Emon,rsdsoni,rsds,tavg-u-hxy-ifs,rsds_tavg-u-hxy-ifs,glb,Emon.rsdsoni,ocean.rsds.tavg-u-hxy-ifs.mon.glb,80ab7207-a698-11ef-914a-613c0433d878,high,,
246,ocean.rsus.tavg-u-hxy-ifs.mon.glb,mon,ocean,surface_upwelling_shortwave_flux_in_air,W m-2,area: time: mean where ice_free_sea over sea,area: areacello,Surface Upwelling Shortwave Radiation over Ocean Not Covered by Sea Ice,Surface Upwelling Shortwave Radiation over the portion of an ocean grid cell not covered by sea ice. Can be used for computation of surface albedo.,"other than the different rule for spatial averaging, the variable is equivalent to Amon.rsus",longitude latitude time,rsus,real,up,XY-na,time-intv,Emon,rsusoni,rsus,tavg-u-hxy-ifs,rsus_tavg-u-hxy-ifs,glb,Emon.rsusoni,ocean.rsus.tavg-u-hxy-ifs.mon.glb,80ab7208-a698-11ef-914a-613c0433d878,high,,
247,ocean.scint.tavg-op4-hxy-sea.mon.glb,mon,ocean,integral_wrt_depth_of_sea_water_practical_salinity_expressed_as_salt_mass_content,kg m-2,area: time: mean where sea,area: areacello,Integral wrt depth of seawater practical salinity expressed as salt mass content,"This is a fundamental aspect of the changes in the hydrological cycle and their impact on the oceans, and due to new numerical schemes and vertical discretizations, it is important to calculate it consistently with the model formulation.","CHANGE: This is a new variable, which aids in understanding hydrological change. It is preferable to calculate it online, due to difficulties with vertical discretizations. It is calculated as an integral over hydrostatic pressure ranges, which makes it directly comparable with observations.",longitude latitude oplayer4 time,scint,real,,XY-B,time-intv,Omon,scint,scint,tavg-op4-hxy-sea,scint_tavg-op4-hxy-sea,glb,Omon.scint,ocean.scint.tavg-op4-hxy-sea.mon.glb,80ab72a3-a698-11ef-914a-613c0433d878,high,,
248,ocean.sfacrossline.tavg-u-ht-sea.mon.glb,mon,ocean,ocean_salt_transport_across_line,W,depth: sum where sea time: mean,,Ocean Salt Mass Transport across Lines,"Depth-integrated total salt mass transport from resolved and parameterized processes across different lines on the Earth's surface (based on appendix J and table J1 of Griffies et al., 2016). Formally, this means the integral along the line of the normal component of the heat transport. Positive and negative numbers refer to total northward/eastward and southward/westward transports, respectively. The transport should be evaluated for the full depth of the ocean, except for the Pacific Equatorial Undercurrent, which is averaged from the surface to 350m.",,oline time,sfacrossline,real,,TR-na,time-intv,Omon,sfacrossline,sfacrossline,tavg-u-ht-sea,sfacrossline_tavg-u-ht-sea,glb,Omon.sfacrossline,ocean.sfacrossline.tavg-u-ht-sea.mon.glb,80ab7447-a698-11ef-914a-613c0433d878,medium,,
250,ocean.sfriver.tavg-u-hxy-sea.mon.glb,mon,ocean,salt_flux_into_sea_water_from_rivers,kg m-2 s-1,area: mean where sea time: mean,area: areacello,Salt Flux into Sea Water from Rivers,"This field is physical, and it arises when rivers carry a nonzero salt content.  Often this is zero, with rivers assumed to be fresh.",Report on native horizontal grid as well as mapped onto sphere.,longitude latitude time,sfriver,real,,XY-na,time-intv,Omon,sfriver,sfriver,tavg-u-hxy-sea,sfriver_tavg-u-hxy-sea,glb,Omon.sfriver,ocean.sfriver.tavg-u-hxy-sea.mon.glb,baa66746-e5dd-11e5-8482-ac72891c3257,medium,,
252,ocean.sfx.tavg-ol-hxy-sea.mon.glb,mon,ocean,ocean_salt_x_transport,kg s-1,area: mean where sea time: mean,area: areacello volume: volcello,3D Ocean Salt Mass X Transport,Contains all contributions to 'x-ward' salt mass transport from resolved and parameterized processes. Report on native horizontal grid.,"3d field. If only the 2d vertically integrated transport is available or is preferred, produce Omon.sfxint instead.
Online mapping to depth/pressure vertical grid if depth or pressure are not native. Report on native horizontal grid.",longitude latitude olevel time,sfx,real,,XY-O,time-intv,Omon,sfx,sfx,tavg-ol-hxy-sea,sfx_tavg-ol-hxy-sea,glb,Omon.sfx,ocean.sfx.tavg-ol-hxy-sea.mon.glb,527f5ccd-8c97-11ef-944e-41a8eb05f654,high,,
253,ocean.sfx.tavg-u-hxy-sea.mon.glb,mon,ocean,ocean_salt_x_transport,kg s-1,area: mean where sea depth: sum where sea (over entire ocean column) time: mean,area: areacello,Vertically Integrated Ocean Salt Mass X Transport,Ocean salt mass x transport vertically integrated over the whole ocean depth. Contains all contributions to 'x-ward' salt mass transport from resolved and parameterized processes. Report on native horizontal grid.,"2d vertically integrated field. If the full 3d transport is preferred, produce Omon.sfx instead.
Report on native horizontal grid.",longitude latitude time,sfx,real,,XY-int,time-intv,Omon,sfx,sfx,tavg-u-hxy-sea,sfx_tavg-u-hxy-sea,glb,Omon.sfxint,ocean.sfx.tavg-u-hxy-sea.mon.glb,80ab72a8-a698-11ef-914a-613c0433d878,high,,
254,ocean.sfy.tavg-ol-hxy-sea.mon.glb,mon,ocean,ocean_salt_y_transport,kg s-1,area: mean where sea time: mean,area: areacello volume: volcello,3D Ocean Salt Mass Y Transport,Contains all contributions to 'y-ward' salt mass transport from resolved and parameterized processes. Report on native horizontal grid.,"3d field. If only the 2d vertically integrated transport is available or is preferred, produce Omon.sfyint instead. 
Online mapping to depth/pressure vertical grid if depth or pressure are not native. Report on native horizontal grid.",longitude latitude olevel time,sfy,real,,XY-O,time-intv,Omon,sfy,sfy,tavg-ol-hxy-sea,sfy_tavg-ol-hxy-sea,glb,Omon.sfy,ocean.sfy.tavg-ol-hxy-sea.mon.glb,527f5cce-8c97-11ef-944e-41a8eb05f654,high,,
255,ocean.sfy.tavg-u-hxy-sea.mon.glb,mon,ocean,ocean_salt_y_transport,kg s-1,area: mean where sea depth: sum where sea (over entire ocean column) time: mean,area: areacello,Vertically Integrated Ocean Salt Mass Y Transport,Ocean salt mass y transport vertically integrated over the whole ocean depth. Contains all contributions to 'y-ward' salt mass transport from resolved and parameterized processes. Report on native horizontal grid.,"2d vertically integrated field. If the full 3d transport is preferred, produce Omon.sfy instead.
Report on native horizontal grid.",longitude latitude time,sfy,real,,XY-int,time-intv,Omon,sfy,sfy,tavg-u-hxy-sea,sfy_tavg-u-hxy-sea,glb,Omon.sfyint,ocean.sfy.tavg-u-hxy-sea.mon.glb,80ab72a9-a698-11ef-914a-613c0433d878,high,,
257,ocean.sltbasin.tavg-u-hyb-sea.mon.glb,mon,ocean,northward_ocean_salt_transport,kg s-1,depth: longitude: sum where sea (along a zig-zag grid path spanning a basin)  time: mean,,Northward Ocean Salt Transport,"Northward Ocean Salt Transport from all physical processes affecting northward salt transport, resolved and parameterized. Diagnosed here as a function of latitude and basin.",,latitude basin time,sltbasin,real,,YB-na,time-intv,Omon,sltbasin,sltbasin,tavg-u-hyb-sea,sltbasin_tavg-u-hyb-sea,glb,Omon.sltbasin,ocean.sltbasin.tavg-u-hyb-sea.mon.glb,83bbfb4d-7f07-11ef-9308-b1dd71e64bec,high,,
258,ocean.sltovgyre.tavg-u-hyb-sea.mon.glb,mon,ocean,northward_ocean_salt_transport_due_to_gyre,kg s-1,depth: longitude: sum where sea (along a zig-zag grid path spanning a basin)  time: mean,,Northward Ocean Salt Transport Due to Gyre,"From all advective mass transport processes, resolved and parameterized.","For models which do not have a Cartesian lat-long grid, this transport can be approximated as thetransport across zig-zag paths corresponding to latitudes with spacing between latitudes appropriate tothe model's resolution, as is done for the ocean meridional overturning mass streamfunction. CHANGE SINCE CMIP6 in Cell Methods - CMIP6:longitude: sum (comment: basin sum [along zig-zag grid path]) depth: sum time: mean CMIP7:depth: longitude: sum where sea (along a zig-zag grid path spanning a basin)  time: mean,",latitude basin time,sltovgyre,real,,YB-na,time-intv,Omon,sltovgyre,sltovgyre,tavg-u-hyb-sea,sltovgyre_tavg-u-hyb-sea,glb,Omon.sltovgyre,ocean.sltovgyre.tavg-u-hyb-sea.mon.glb,baa5f7de-e5dd-11e5-8482-ac72891c3257,high,,
259,ocean.sltovovrt.tavg-u-hyb-sea.mon.glb,mon,ocean,northward_ocean_salt_transport_due_to_overturning,kg s-1,depth: longitude: sum where sea (along a zig-zag grid path spanning a basin)  time: mean,,Northward Ocean Salt Transport Due to Overturning,"From all advective mass transport processes, resolved and parameterized.","For models which do not have a Cartesian lat-long grid, this transport can be approximated as the transport across zig-zag paths corresponding to latitudes with spacing between latitudes appropriate to the model's resolution, as is done for the ocean meridional overturning mass streamfunction. CHANGE SINCE CMIP6 in Cell Methods - CMIP6:longitude: sum (comment: basin sum [along zig-zag grid path]) depth: sum time: mean CMIP7:depth: longitude: sum where sea (along a zig-zag grid path spanning a basin)  time: mean,",latitude basin time,sltovovrt,real,,YB-na,time-intv,Omon,sltovovrt,sltovovrt,tavg-u-hyb-sea,sltovovrt_tavg-u-hyb-sea,glb,Omon.sltovovrt,ocean.sltovovrt.tavg-u-hyb-sea.mon.glb,baa5fc0c-e5dd-11e5-8482-ac72891c3257,high,,
260,ocean.so.tavg-ol-hm-sea.mon.glb,mon,ocean,sea_water_salinity,1E-03,area: mean where sea time: mean,,Global Mean Sea Water Salinity,"Sea water salinity is the salt content of sea water, often on the Practical Salinity Scale of 1978. However, the unqualified term 'salinity' is generic and does not necessarily imply any particular method of calculation. The units of salinity are dimensionless and the units attribute should normally be given as 1e-3 or 0.001 i.e. parts per thousand.","CHANGE SINCE CMIP6 in Units (from Physical Parameter) - CMIP6:0.001 CMIP7:1E-03, CHANGE SINCE CMIP6 in Dimensions - CMIP6:time CMIP7:olevel time,",olevel time,so,real,,na-O,time-intv,Omon,soga,so,tavg-ol-hm-sea,so_tavg-ol-hm-sea,glb,Omon.soga,ocean.so.tavg-ol-hm-sea.mon.glb,baa55086-e5dd-11e5-8482-ac72891c3257,high,,
261,ocean.so.tavg-ol-hxy-sea.dec.glb,dec,ocean,sea_water_salinity,1E-03,area: mean where sea time: mean,area: areacello volume: volcello,Sea Water Salinity,"Sea water salinity is the salt content of sea water, often on the Practical Salinity Scale of 1978. However, the unqualified term 'salinity' is generic and does not necessarily imply any particular method of calculation. The units of salinity are dimensionless and the units attribute should normally be given as 1e-3 or 0.001 i.e. parts per thousand.","Report on native horizontal grid as well as on a spherical latitude/longitude grid. Online mapping to depth/pressure vertical grid if depth or pressure are not native.
CHANGE SINCE CMIP6 in Units (from Physical Parameter) - CMIP6:0.001 CMIP7:1E-03,",longitude latitude olevel time,so,real,,XY-O,time-intv,Odec,so,so,tavg-ol-hxy-sea,so_tavg-ol-hxy-sea,glb,Odec.so,ocean.so.tavg-ol-hxy-sea.dec.glb,4795682a-bb0b-11e6-8316-5980f7b176d1,high,,
263,ocean.sob.tavg-u-hxy-sea.mon.glb,mon,ocean,sea_water_salinity_at_sea_floor,1E-03,area: mean where sea time: mean,area: areacello,Sea Water Salinity at Sea Floor,Model prognostic salinity at bottom-most model grid cell,"Report on native horizontal grid as well as on a spherical latitude/longititude grid.
CHANGE SINCE CMIP6 in Units (from Physical Parameter) - CMIP6:0.001 CMIP7:1E-03,",longitude latitude time,sob,real,,XY-na,time-intv,Omon,sob,sob,tavg-u-hxy-sea,sob_tavg-u-hxy-sea,glb,Omon.sob,ocean.sob.tavg-u-hxy-sea.mon.glb,baa55f4a-e5dd-11e5-8482-ac72891c3257,high,,
264,ocean.somint.tavg-u-hxy-sea.yr.glb,yr,ocean,integral_wrt_depth_of_product_of_salinity_and_sea_water_density,g m-2,area: mean where sea time: mean,area: areacello,Depth Integral of Product of Sea Water Density and Prognostic Salinity,"Full column sum of density\*cell thickness\*salinity. If the model is Boussinesq, then use Boussinesq reference density for the density factor.",,longitude latitude time,somint,real,,XY-int,time-intv,Oyr,somint,somint,tavg-u-hxy-sea,somint_tavg-u-hxy-sea,glb,Oyr.somint,ocean.somint.tavg-u-hxy-sea.yr.glb,1aaf4d2c-b006-11e6-9289-ac72891c3257,low,,
265,ocean.sos.tavg-u-hm-sea.mon.glb,mon,ocean,sea_surface_salinity,1E-03,area: mean where sea time: mean,,Global Average Sea Surface Salinity,"Sea water salinity is the salt content of sea water, often on the Practical Salinity Scale of 1978. However, the unqualified term 'salinity' is generic and does not necessarily imply any particular method of calculation. The units of salinity are dimensionless and the units attribute should normally be given as 1e-3 or 0.001 i.e. parts per thousand.","CHANGE SINCE CMIP6 in Units (from Physical Parameter) - CMIP6:0.001 CMIP7:1E-03,
Evaluated at the upper boundary of the liquid ocean, including at the lower boundary of sea-ice and floating ice shelves.",time,sos,real,,na-na,time-intv,Omon,sosga,sos,tavg-u-hm-sea,sos_tavg-u-hm-sea,glb,Omon.sosga,ocean.sos.tavg-u-hm-sea.mon.glb,1aaaf7fe-b006-11e6-9289-ac72891c3257,high,,
268,ocean.sossq.tavg-u-hxy-sea.mon.glb,mon,ocean,square_of_sea_surface_salinity,1E-06,area: mean where sea time: mean,area: areacello,Square of Sea Surface Salinity,"Sea water salinity is the salt content of sea water, often on the Practical Salinity Scale of 1978. However, the unqualified term 'salinity' is generic and does not necessarily imply any particular method of calculation. The units of salinity are dimensionless and the units attribute should normally be given as 1e-3 or 0.001 i.e. parts per thousand.","Evaluated at the upper boundary of the liquid ocean, including at the lower boundary of sea-ice and floating ice shelves.",longitude latitude time,sossq,real,,XY-na,time-intv,Omon,sossq,sossq,tavg-u-hxy-sea,sossq_tavg-u-hxy-sea,glb,Omon.sossq,ocean.sossq.tavg-u-hxy-sea.mon.glb,1aab073a-b006-11e6-9289-ac72891c3257,low,,
269,ocean.sw17O.tavg-ol-hxy-sea.mon.glb,mon,ocean,isotope_ratio_of_17O_to_16O_in_sea_water_excluding_solutes_and_solids,1,area: mean where sea time: mean,area: areacello volume: volcello,Isotopic Ratio of Oxygen-17 in Sea Water,Ratio of abundance of oxygen-17 (17O) atoms to oxygen-16 (16O) atoms in sea water,,longitude latitude olevel time,sw17O,real,,XY-O,time-intv,Emon,sw17O,sw17O,tavg-ol-hxy-sea,sw17O_tavg-ol-hxy-sea,glb,Emon.sw17O,ocean.sw17O.tavg-ol-hxy-sea.mon.glb,fdca5cc1-4d35-11e8-be0a-1c4d70487308,high,,
270,ocean.sw18O.tavg-ol-hxy-sea.mon.glb,mon,ocean,isotope_ratio_of_18O_to_16O_in_sea_water_excluding_solutes_and_solids,1,area: mean where sea time: mean,area: areacello,Isotopic Ratio of Oxygen-18 in Sea Water,Ratio of abundance of oxygen-18 (18O) atoms to oxygen-16 (16O) atoms in sea water,"CHANGE SINCE CMIP6 in Cell Measures - CMIP6:area: areacella CMIP7:area: areacello, CHANGE SINCE CMIP6 in Dimensions - CMIP6:longitude latitude alevel time CMIP7:longitude latitude olevel time, CHANGE SINCE CMIP6 in Cell Methods - CMIP6:area: time: mean CMIP7:area: mean where sea time: mean,",longitude latitude olevel time,sw18O,real,,XY-O,time-intv,Emon,sw18O,sw18O,tavg-ol-hxy-sea,sw18O_tavg-ol-hxy-sea,glb,Emon.sw18O,ocean.sw18O.tavg-ol-hxy-sea.mon.glb,6f68c8f2-9acb-11e6-b7ee-ac72891c3257,high,,
271,ocean.sw2H.tavg-ol-hxy-sea.mon.glb,mon,ocean,isotope_ratio_of_2H_to_1H_in_sea_water_excluding_solutes_and_solids,1,area: mean where sea time: mean,area: areacello volume: volcello,Isotopic Ratio of Deuterium in Sea Water,Ratio of abundance of hydrogen-2 (2H) atoms to hydrogen-1 (1H) atoms in sea water,,longitude latitude olevel time,sw2H,real,,XY-O,time-intv,Emon,sw2H,sw2H,tavg-ol-hxy-sea,sw2H_tavg-ol-hxy-sea,glb,Emon.sw2H,ocean.sw2H.tavg-ol-hxy-sea.mon.glb,fdca5cc2-4d35-11e8-be0a-1c4d70487308,high,,
272,ocean.tauuo.tavg-u-hxy-sea.dec.glb,dec,ocean,downward_x_stress_at_sea_water_surface,N m-2,area: mean where sea time: mean,area: areacello,Sea Water Surface Downward X Stress,"This is the stress on the liquid ocean from overlying atmosphere, sea ice, ice shelf, etc.",,longitude latitude time,tauuo,real,down,XY-na,time-intv,Odec,tauuo,tauuo,tavg-u-hxy-sea,tauuo_tavg-u-hxy-sea,glb,Odec.tauuo,ocean.tauuo.tavg-u-hxy-sea.dec.glb,ac26fd4c-bb0d-11e6-83c8-bf7187cdbd68,high,,
274,ocean.tauvo.tavg-u-hxy-sea.dec.glb,dec,ocean,downward_y_stress_at_sea_water_surface,N m-2,area: mean where sea time: mean,area: areacello,Sea Water Surface Downward Y Stress,"This is the stress on the liquid ocean from overlying atmosphere, sea ice, ice shelf, etc.",,longitude latitude time,tauvo,real,down,XY-na,time-intv,Odec,tauvo,tauvo,tavg-u-hxy-sea,tauvo_tavg-u-hxy-sea,glb,Odec.tauvo,ocean.tauvo.tavg-u-hxy-sea.dec.glb,ac270e9a-bb0d-11e6-83c8-bf7187cdbd68,high,,
276,ocean.thetao.tavg-ol-hm-sea.mon.glb,mon,ocean,sea_water_potential_temperature,degC,area: mean where sea time: mean,,Global Average Sea Water Potential Temperature,Diagnostic should be contributed even for models using conservative temperature as prognostic field,"CHANGE SINCE CMIP6 in Dimensions - CMIP6:time CMIP7:olevel time,",olevel time,thetao,real,,na-O,time-intv,Omon,thetaoga,thetao,tavg-ol-hm-sea,thetao_tavg-ol-hm-sea,glb,Omon.thetaoga,ocean.thetao.tavg-ol-hm-sea.mon.glb,baa52138-e5dd-11e5-8482-ac72891c3257,high,,
277,ocean.thetao.tavg-ol-hxy-sea.dec.glb,dec,ocean,sea_water_potential_temperature,degC,area: mean where sea time: mean,area: areacello volume: volcello,Sea Water Potential Temperature,Diagnostic should be contributed even for models using conservative temperature as prognostic field.,Note change from CMIP5 K to CMIP6 C. Report on native horizontal grid as well as on a spherical latitude/longitude grid. Online mapping to depth/pressure vertical grid if depth or pressure are not native.,longitude latitude olevel time,thetao,real,,XY-O,time-intv,Odec,thetao,thetao,tavg-ol-hxy-sea,thetao_tavg-ol-hxy-sea,glb,Odec.thetao,ocean.thetao.tavg-ol-hxy-sea.dec.glb,479522ca-bb0b-11e6-8316-5980f7b176d1,high,,
279,ocean.thetao.tavg-op20bar-hxy-sea.day.glb,day,ocean,sea_water_potential_temperature,degC,area: mean where sea time: mean,area: areacello,Sea Water Potential Temperature at 200 meters,Diagnostic should be contributed even for models using conservative temperature as prognostic field.,The variable at the depth of 200 meters is requested.,longitude latitude time op20bar,thetao,real,,XY-na,time-intv,Oday,thetao,thetao,tavg-op20bar-hxy-sea,thetao_tavg-op20bar-hxy-sea,glb,Oday.thetao200,ocean.thetao.tavg-op20bar-hxy-sea.day.glb,83bbfb6e-7f07-11ef-9308-b1dd71e64bec,high,,
280,ocean.thkcello.tavg-ol-hxy-sea.dec.glb,dec,ocean,cell_thickness,m,area: mean where sea time: mean,area: areacello volume: volcello,Ocean Model Cell Thickness,"The time varying thickness of ocean cells. ""Thickness"" means the vertical extent of a layer. ""Cell"" refers to a model grid-cell.",Report on native horizontal grid as well as on a spherical latitude/longitude grid. Online mapping to depth/pressure vertical grid if depth or pressure are not native.,longitude latitude olevel time,thkcello,real,,XY-O,time-intv,Odec,thkcello,thkcello,tavg-ol-hxy-sea,thkcello_tavg-ol-hxy-sea,glb,Odec.thkcello,ocean.thkcello.tavg-ol-hxy-sea.dec.glb,479514a6-bb0b-11e6-8316-5980f7b176d1,high,,
283,ocean.thkcelluo.tavg-ol-hxy-sea.mon.glb,mon,ocean,cell_thickness,m,area: mean where sea time: mean,area: areacello volume: volcello,Ocean Model Cell Thickness at u-points,"The time varying thickness of ocean cells centered at u-points (points for velocity in the x-direction). ""Thickness"" means the vertical extent of a layer. ""Cell"" refers to a model grid-cell.",Report on native horizontal grid as well as on a spherical latitude/longitude grid. Online mapping to depth/pressure vertical grid if depth or pressure are not native.,longitude latitude olevel time,thkcelluo,real,,XY-O,time-intv,Omon,thkcelluo,thkcelluo,tavg-ol-hxy-sea,thkcelluo_tavg-ol-hxy-sea,glb,Omon.thkcelluo,ocean.thkcelluo.tavg-ol-hxy-sea.mon.glb,83bbfb4c-7f07-11ef-9308-b1dd71e64bec,low,,
284,ocean.thkcellvo.tavg-ol-hxy-sea.mon.glb,mon,ocean,cell_thickness,m,area: mean where sea time: mean,area: areacello volume: volcello,Ocean Model Cell Thickness at v-points,"The time varying thickness of ocean cells centered at v-points (points for velocity in the y-direction). ""Thickness"" means the vertical extent of a layer. ""Cell"" refers to a model grid-cell.",Report on native horizontal grid as well as on a spherical latitude/longitude grid. Online mapping to depth/pressure vertical grid if depth or pressure are not native.,longitude latitude olevel time,thkcellvo,real,,XY-O,time-intv,Omon,thkcellvo,thkcellvo,tavg-ol-hxy-sea,thkcellvo_tavg-ol-hxy-sea,glb,Omon.thkcellvo,ocean.thkcellvo.tavg-ol-hxy-sea.mon.glb,83bbfb4b-7f07-11ef-9308-b1dd71e64bec,low,,
285,ocean.tnkebto.tavg-u-hxy-sea.yr.glb,yr,ocean,tendency_of_ocean_eddy_kinetic_energy_content_due_to_parameterized_eddy_advection,W m-2,area: mean where sea time: mean,area: areacello,Tendency of Ocean Eddy Kinetic Energy Content Due to Parameterized Eddy Advection,"Depth integrated impacts on kinetic energy arising from parameterized eddy-induced advection. For CMIP5, this diagnostic was 3d, whereas the CMIP6 depth integrated diagnostic is sufficient for many purposes and reduces archive requirements.",,longitude latitude time,tnkebto,real,,XY-int,time-intv,Oyr,tnkebto,tnkebto,tavg-u-hxy-sea,tnkebto_tavg-u-hxy-sea,glb,Oyr.tnkebto,ocean.tnkebto.tavg-u-hxy-sea.yr.glb,baa4e07e-e5dd-11e5-8482-ac72891c3257,medium,,
286,ocean.tnpeo.tavg-u-hxy-sea.yr.glb,yr,ocean,tendency_of_ocean_potential_energy_content,W m-2,area: mean where sea time: mean,area: areacello,Tendency of Ocean Potential Energy Content,"Rate that work is done against vertical stratification, as measured by the vertical heat and salt diffusivity. Report here as depth integrated two-dimensional field.",,longitude latitude time,tnpeo,real,,XY-int,time-intv,Oyr,tnpeo,tnpeo,tavg-u-hxy-sea,tnpeo_tavg-u-hxy-sea,glb,Oyr.tnpeo,ocean.tnpeo.tavg-u-hxy-sea.yr.glb,baa4b4e6-e5dd-11e5-8482-ac72891c3257,low,,
287,ocean.tob.tavg-u-hxy-sea.mon.glb,mon,ocean,sea_water_potential_temperature_at_sea_floor,degC,area: mean where sea time: mean,area: areacello,Sea Water Potential Temperature at Sea Floor,Potential temperature at the ocean bottom-most grid cell.,Report on native horizontal grid as well as on a spherical latitude/longitude grid.,longitude latitude time,tob,real,,XY-na,time-intv,Omon,tob,tob,tavg-u-hxy-sea,tob_tavg-u-hxy-sea,glb,Omon.tob,ocean.tob.tavg-u-hxy-sea.mon.glb,baa53218-e5dd-11e5-8482-ac72891c3257,high,,
288,ocean.tos.tavg-u-hm-sea.mon.glb,mon,ocean,sea_surface_temperature,degC,area: mean where sea time: mean,,Global Average Sea Surface Temperature,"This may differ from ""surface temperature"" in regions of sea ice or floating ice shelves. For models using conservative temperature as the prognostic field, they should report the top ocean layer as surface potential temperature, which is the same as surface in situ temperature.","Evaluated at the upper boundary of the liquid ocean, including at the lower boundary of sea-ice and floating ice shelves.",time,tos,real,,na-na,time-intv,Omon,tosga,tos,tavg-u-hm-sea,tos_tavg-u-hm-sea,glb,Omon.tosga,ocean.tos.tavg-u-hm-sea.mon.glb,baa53ace-e5dd-11e5-8482-ac72891c3257,high,,
291,ocean.tossq.tavg-u-hxy-sea.mon.glb,mon,ocean,square_of_sea_surface_temperature,degC2,area: mean where sea time: mean,area: areacello,Square of Sea Surface Temperature,"Square of temperature of liquid ocean, averaged over the day.","Evaluated at the upper boundary of the liquid ocean, including at the lower boundary of sea-ice and floating ice shelves.",longitude latitude time,tossq,real,,XY-na,time-intv,Omon,tossq,tossq,tavg-u-hxy-sea,tossq_tavg-u-hxy-sea,glb,Omon.tossq,ocean.tossq.tavg-u-hxy-sea.mon.glb,baa53ee8-e5dd-11e5-8482-ac72891c3257,low,,
294,ocean.uos.tavg-u-hxy-sea.day.glb,day,ocean,surface_sea_water_x_velocity,m s-1,area: mean where sea time: mean,area: areacello,Daily Surface Sea Water X Velocity,Daily surface prognostic x-ward velocity component resolved by the model.,"Report on native horizontal grid. Surface values only.
Evaluated at the upper boundary of the liquid ocean, including at the lower boundary of sea-ice and floating ice shelves.",longitude latitude time,uos,real,,XY-na,time-intv,Oday,uos,uos,tavg-u-hxy-sea,uos_tavg-u-hxy-sea,glb,Oday.uos,ocean.uos.tavg-u-hxy-sea.day.glb,83bbfc6f-7f07-11ef-9308-b1dd71e64bec,high,,
297,ocean.volcello.tavg-ol-hxy-sea.dec.glb,dec,ocean,ocean_volume,m3,area: sum where sea time: mean,area: areacello,Ocean Grid-Cell Volume,"For oceans with more than 1 mesh (e.g. staggered grids), report areas that apply to surface vertical fluxes of energy. If this field is time-dependent then save it instead as one of your Omon and Odec fields","a 3-d field: For oceans with more than 1 mesh, report on grid that applies to temperature
CHANGE SINCE CMIP6 in Cell Measures - CMIP6:area: areacello volume: volcello CMIP7:area: areacello,",longitude latitude olevel time,volcello,real,,XY-O,time-intv,Odec,volcello,volcello,tavg-ol-hxy-sea,volcello_tavg-ol-hxy-sea,glb,Odec.volcello,ocean.volcello.tavg-ol-hxy-sea.dec.glb,0d321850-1027-11e8-9d87-1c4d70487308,high,,
299,ocean.volcello.tavg-ol-hxy-sea.yr.glb,yr,ocean,ocean_volume,m3,area: sum where sea time: mean,area: areacello,Ocean Grid-Cell Volume,"For oceans with more than 1 mesh (e.g. staggered grids), report areas that apply to surface vertical fluxes of energy. If this field is time-dependent then save it instead as one of your Omon and Odec fields","a 3-d field: For oceans with more than 1 mesh, report on grid that applies to temperature
CHANGE SINCE CMIP6 in Cell Measures - CMIP6:area: areacello volume: volcello CMIP7:area: areacello,",longitude latitude olevel time,volcello,real,,XY-O,time-intv,Oyr,volcello,volcello,tavg-ol-hxy-sea,volcello_tavg-ol-hxy-sea,glb,Oyr.volcello,ocean.volcello.tavg-ol-hxy-sea.yr.glb,ebf66136-e1ab-11e7-9db4-1c4d70487308,high,,
300,ocean.volcello.ti-ol-hxy-sea.fx.glb,fx,ocean,ocean_volume,m3,area: sum where sea,area: areacello,Ocean Grid-Cell Volume,"For oceans with more than 1 mesh (e.g. staggered grids), report areas that apply to surface vertical fluxes of energy. If this field is time-dependent then save it instead as one of your Omon and Odec fields","a 3-d field: For oceans with more than 1 mesh, report on grid that applies to temperature. CHANGE SINCE CMIP6 in Cell Methods - CMIP6:area: sum CMIP7:area: sum where sea time: mean,
CHANGE SINCE CMIP6 in Cell Measures - CMIP6:area: areacello volume: volcello CMIP7:area: areacello,",longitude latitude olevel,volcello,real,,XY-O,None,Ofx,volcello,volcello,ti-ol-hxy-sea,volcello_ti-ol-hxy-sea,glb,Ofx.volcello,ocean.volcello.ti-ol-hxy-sea.fx.glb,babcc39c-e5dd-11e5-8482-ac72891c3257,high,,
301,ocean.volo.tavg-u-hm-sea.dec.glb,dec,ocean,sea_water_volume,m3,depth: area: sum where sea time: mean,,Sea Water Volume,Total volume of liquid sea water.,"CHANGE SINCE CMIP6 in Cell Methods - CMIP6:area: sum where sea time: mean CMIP7:depth: area: sum where sea time: mean,",time,volo,real,,na-na,time-intv,Odec,volo,volo,tavg-u-hm-sea,volo_tavg-u-hm-sea,glb,Odec.volo,ocean.volo.tavg-u-hm-sea.dec.glb,47950696-bb0b-11e6-8316-5980f7b176d1,high,,
302,ocean.volo.tavg-u-hm-sea.mon.glb,mon,ocean,sea_water_volume,m3,depth: area: sum where sea time: mean,,Sea Water Volume,Total volume of liquid sea water.,"CHANGE SINCE CMIP6 in Cell Methods - CMIP6:area: sum where sea time: mean CMIP7:depth: area: sum where sea time: mean,",time,volo,real,,na-na,time-intv,Omon,volo,volo,tavg-u-hm-sea,volo_tavg-u-hm-sea,glb,Omon.volo,ocean.volo.tavg-u-hm-sea.mon.glb,baa503ce-e5dd-11e5-8482-ac72891c3257,high,,
303,ocean.vos.tavg-u-hxy-sea.day.glb,day,ocean,surface_sea_water_y_velocity,m s-1,area: mean where sea time: mean,area: areacello,Daily Surface Sea Water Y Velocity,Daily surface prognostic y-ward velocity component resolved by the model.,"Report on native horizontal grid. Surface values only.
 Evaluated at the upper boundary of the liquid ocean, including at the lower boundary of sea-ice and floating ice shelves.",longitude latitude time,vos,real,,XY-na,time-intv,Oday,vos,vos,tavg-u-hxy-sea,vos_tavg-u-hxy-sea,glb,Oday.vos,ocean.vos.tavg-u-hxy-sea.day.glb,83bbfc6e-7f07-11ef-9308-b1dd71e64bec,high,,
304,ocean.vsf.tavg-u-hxy-sea.mon.glb,mon,ocean,virtual_salt_flux_into_sea_water,kg m-2 s-1,area: mean where sea time: mean,area: areacello,Virtual Salt Flux into Sea Water,It is set to zero in models which receive a real water flux.,"If this does not vary from one year to the next, report only a single year.  Positive flux implies correction increases salinity of water.  This includes all virtual salt flux, including that due to a salt flux correction.  Report on native horizontal grid.",longitude latitude time,vsf,real,,XY-na,time-intv,Omon,vsf,vsf,tavg-u-hxy-sea,vsf_tavg-u-hxy-sea,glb,Omon.vsf,ocean.vsf.tavg-u-hxy-sea.mon.glb,baa65a76-e5dd-11e5-8482-ac72891c3257,high,,
305,ocean.vsfcorr.tavg-u-hxy-sea.mon.glb,mon,ocean,virtual_salt_flux_correction,kg m-2 s-1,area: mean where sea time: mean,area: areacello,Virtual Salt Flux Correction,It is set to zero in models which receive a real water flux.,,longitude latitude time,vsfcorr,real,,XY-na,time-intv,Omon,vsfcorr,vsfcorr,tavg-u-hxy-sea,vsfcorr_tavg-u-hxy-sea,glb,Omon.vsfcorr,ocean.vsfcorr.tavg-u-hxy-sea.mon.glb,baa65eae-e5dd-11e5-8482-ac72891c3257,medium,,
306,ocean.vsfevap.tavg-u-hxy-sea.mon.glb,mon,ocean,virtual_salt_flux_into_sea_water_due_to_evaporation,kg m-2 s-1,area: mean where sea time: mean,area: areacello,Virtual Salt Flux into Sea Water Due to Evaporation,zero for models using real water fluxes.,,longitude latitude time,vsfevap,real,,XY-na,time-intv,Omon,vsfevap,vsfevap,tavg-u-hxy-sea,vsfevap_tavg-u-hxy-sea,glb,Omon.vsfevap,ocean.vsfevap.tavg-u-hxy-sea.mon.glb,baa64df6-e5dd-11e5-8482-ac72891c3257,medium,,
307,ocean.vsfpr.tavg-u-hxy-sea.mon.glb,mon,ocean,virtual_salt_flux_into_sea_water_due_to_rainfall,kg m-2 s-1,area: mean where sea time: mean,area: areacello,Virtual Salt Flux into Sea Water Due to Rainfall,zero for models using real water fluxes.,,longitude latitude time,vsfpr,real,,XY-na,time-intv,Omon,vsfpr,vsfpr,tavg-u-hxy-sea,vsfpr_tavg-u-hxy-sea,glb,Omon.vsfpr,ocean.vsfpr.tavg-u-hxy-sea.mon.glb,baa649d2-e5dd-11e5-8482-ac72891c3257,medium,,
308,ocean.vsfriver.tavg-u-hxy-sea.mon.glb,mon,ocean,virtual_salt_flux_into_sea_water_from_rivers,kg m-2 s-1,area: mean where sea time: mean,area: areacello,Virtual Salt Flux into Sea Water from Rivers,zero for models using real water fluxes.,,longitude latitude time,vsfriver,real,,XY-na,time-intv,Omon,vsfriver,vsfriver,tavg-u-hxy-sea,vsfriver_tavg-u-hxy-sea,glb,Omon.vsfriver,ocean.vsfriver.tavg-u-hxy-sea.mon.glb,baa65224-e5dd-11e5-8482-ac72891c3257,medium,,
310,ocean.wfcorr.tavg-u-hxy-sea.mon.glb,mon,ocean,water_flux_correction,kg m-2 s-1,area: mean where sea time: mean,area: areacello,Water Flux Correction,Computed as the water flux into the ocean due to flux correction divided by the area of the ocean portion of the grid cell.,"If this does not vary from one year to the next, report only a single year.  Most models now have zero water flux adjustment, in which case ignore or report zero. Report on native horizontal grid as well as mapped onto sphere.",longitude latitude time,wfcorr,real,down,XY-na,time-intv,Omon,wfcorr,wfcorr,tavg-u-hxy-sea,wfcorr_tavg-u-hxy-sea,glb,Omon.wfcorr,ocean.wfcorr.tavg-u-hxy-sea.mon.glb,baa63dd4-e5dd-11e5-8482-ac72891c3257,high,,
311,ocean.wfo.tavg-u-hxy-sea.mon.glb,mon,ocean,water_flux_into_sea_water,kg m-2 s-1,area: mean where sea time: mean,area: areacello,Water Flux into Sea Water,Computed as the water flux into the ocean divided by the area of the ocean portion of the grid cell. This is the sum \*wfonocorr\* and \*wfcorr\*.,"net flux of water into sea water, including any flux correction. Report on native horizontal grid as well as mapped onto sphere.",longitude latitude time,wfo,real,,XY-na,time-intv,Omon,wfo,wfo,tavg-u-hxy-sea,wfo_tavg-u-hxy-sea,glb,Omon.wfo,ocean.wfo.tavg-u-hxy-sea.mon.glb,baa63578-e5dd-11e5-8482-ac72891c3257,high,,
316,ocean.zossq.tavg-u-hxy-sea.mon.glb,mon,ocean,square_of_sea_surface_height_above_geoid,m2,area: mean where sea time: mean,area: areacello,Square of Sea Surface Height Above Geoid,Surface ocean geoid defines z=0.,Report on native horizontal grid as well as on a spherical latitude/longitude grid.,longitude latitude time,zossq,real,,XY-na,time-intv,Omon,zossq,zossq,tavg-u-hxy-sea,zossq_tavg-u-hxy-sea,glb,Omon.zossq,ocean.zossq.tavg-u-hxy-sea.mon.glb,baa50c2a-e5dd-11e5-8482-ac72891c3257,high,,